center,region,wn,score_f,n_samples
1500,cerebellum,930.273438,2.584126382985025,28
1500,cerebellum,931.446289,2.6908167272636554,28
1500,cerebellum,932.618164,1.8317893458726937,28
1500,cerebellum,933.790039,0.6856373197966854,28
1500,cerebellum,934.961914,1.0490889700998751,28
1500,cerebellum,936.133789,1.2042933121456547,28
1500,cerebellum,937.305664,1.1412282860674643,28
1500,cerebellum,938.476563,1.5494862119652368,28
1500,cerebellum,939.647461,0.9797443675266873,28
1500,cerebellum,940.817383,0.9547955812258836,28
1500,cerebellum,941.988281,0.6951244838457604,28
1500,cerebellum,943.158203,0.8947111902063061,28
1500,cerebellum,944.328125,0.7565287930018005,28
1500,cerebellum,945.498047,0.5981841467702987,28
1500,cerebellum,946.666992,0.1782572238975503,28
1500,cerebellum,947.835938,1.188616755178355,28
1500,cerebellum,949.004883,1.5884155817770151,28
1500,cerebellum,950.173828,0.9406464809305468,28
1500,cerebellum,951.342773,0.8989452039591959,28
1500,cerebellum,952.510742,1.388716208282431,28
1500,cerebellum,953.678711,1.5909937687946292,28
1500,cerebellum,954.84668,1.9997562280144319,28
1500,cerebellum,956.013672,3.5160888239397026,28
1500,cerebellum,957.181641,3.546166048829234,28
1500,cerebellum,958.348633,4.643492824159843,28
1500,cerebellum,959.514648,4.419981258703415,28
1500,cerebellum,960.681641,4.1372325497870825,28
1500,cerebellum,961.847656,2.7804706484780732,28
1500,cerebellum,963.013672,3.0254368006578907,28
1500,cerebellum,964.179688,3.059439905449052,28
1500,cerebellum,965.345703,1.5436539882018727,28
1500,cerebellum,966.510742,1.110610490496913,28
1500,cerebellum,967.675781,0.9559860198882398,28
1500,cerebellum,968.84082,0.7411214610725924,28
1500,cerebellum,970.004883,1.1671229039414868,28
1500,cerebellum,971.169922,2.2959452148820283,28
1500,cerebellum,972.333984,2.8861165610036927,28
1500,cerebellum,973.498047,2.9258014670131,28
1500,cerebellum,974.661133,2.948587910685875,28
1500,cerebellum,975.825195,2.4208393592401,28
1500,cerebellum,976.988281,0.2090545167255542,28
1500,cerebellum,978.151367,0.07814492206072801,28
1500,cerebellum,979.313477,0.0697411311612403,28
1500,cerebellum,980.476563,0.0779314296591513,28
1500,cerebellum,981.638672,0.15388553527865853,28
1500,cerebellum,982.800781,1.3423489927653336,28
1500,cerebellum,983.961914,2.1449122280569384,28
1500,cerebellum,985.124023,1.8157311797445335,28
1500,cerebellum,986.285156,1.6821767429839976,28
1500,cerebellum,987.446289,1.0715077931261572,28
1500,cerebellum,988.606445,0.9106961928953058,28
1500,cerebellum,989.767578,1.775918134220315,28
1500,cerebellum,990.927734,3.9209447982256505,28
1500,cerebellum,992.087891,11.041363594241414,28
1500,cerebellum,993.248047,28.595464869494897,28
1500,cerebellum,994.407227,1.4621005584039242,28
1500,cerebellum,995.566406,1.4406233355828613,28
1500,cerebellum,996.725586,5.254525032615331,28
1500,cerebellum,997.884766,7.963376497768141,28
1500,cerebellum,999.042969,11.245560140843356,28
1500,cerebellum,1000.202148,10.987681334418802,28
1500,cerebellum,1001.360352,11.15394056495704,28
1500,cerebellum,1002.517578,9.750311898995323,28
1500,cerebellum,1003.675781,8.934458129633105,28
1500,cerebellum,1004.833008,9.843332185974448,28
1500,cerebellum,1005.990234,12.808850867159963,28
1500,cerebellum,1007.147461,16.73061335755205,28
1500,cerebellum,1008.303711,16.106913481179035,28
1500,cerebellum,1009.459961,8.109170561504083,28
1500,cerebellum,1010.616211,4.537925340962,28
1500,cerebellum,1011.772461,2.3659391226165516,28
1500,cerebellum,1012.928711,4.803579883577709,28
1500,cerebellum,1014.083984,2.6713258759579515,28
1500,cerebellum,1015.239258,1.5763409028983868,28
1500,cerebellum,1016.394531,1.3772264358041786,28
1500,cerebellum,1017.548828,4.409323639471193,28
1500,cerebellum,1018.704102,9.111588122283159,28
1500,cerebellum,1019.858398,4.014816400397916,28
1500,cerebellum,1021.012695,4.81899029719819,28
1500,cerebellum,1022.166016,3.7883130756751777,28
1500,cerebellum,1023.319336,2.650655820368224,28
1500,cerebellum,1024.473633,3.6250825064828205,28
1500,cerebellum,1025.625977,3.601259968223484,28
1500,cerebellum,1026.779297,3.33478143939835,28
1500,cerebellum,1027.931641,2.1472583736589477,28
1500,cerebellum,1029.083984,3.6759850780272587,28
1500,cerebellum,1030.236328,4.770204476781168,28
1500,cerebellum,1031.388672,4.724440577587057,28
1500,cerebellum,1032.540039,2.1147441702120235,28
1500,cerebellum,1033.691406,1.4585420194797043,28
1500,cerebellum,1034.842773,0.38370212338801063,28
1500,cerebellum,1035.994141,0.681635159468977,28
1500,cerebellum,1037.144531,0.33043839826587196,28
1500,cerebellum,1038.294922,0.5655001917460434,28
1500,cerebellum,1039.445313,0.531233855006841,28
1500,cerebellum,1040.595703,1.0642442794957916,28
1500,cerebellum,1041.745117,4.087477571018698,28
1500,cerebellum,1042.895508,4.184163273543659,28
1500,cerebellum,1044.043945,2.5498279372097925,28
1500,cerebellum,1045.193359,5.843875174106483,28
1500,cerebellum,1046.342773,9.440008544809322,28
1500,cerebellum,1047.491211,11.6125729685824,28
1500,cerebellum,1048.639648,11.561251007571341,28
1500,cerebellum,1049.787109,13.08322619418936,28
1500,cerebellum,1050.935547,15.691165571156668,28
1500,cerebellum,1052.083008,20.012713829768572,28
1500,cerebellum,1053.230469,22.38320318494552,28
1500,cerebellum,1054.37793,33.00232908968118,28
1500,cerebellum,1055.524414,38.611296495911475,28
1500,cerebellum,1056.670898,43.02403722108895,28
1500,cerebellum,1057.817383,47.97525858884846,28
1500,cerebellum,1058.963867,49.359568876527234,28
1500,cerebellum,1060.110352,46.16533204895422,28
1500,cerebellum,1061.255859,37.60915773823168,28
1500,cerebellum,1062.401367,28.183263854307818,28
1500,cerebellum,1063.546875,20.4256083998816,28
1500,cerebellum,1064.691406,13.154967718499755,28
1500,cerebellum,1065.836914,8.956359334242027,28
1500,cerebellum,1066.981445,8.389490337435207,28
1500,cerebellum,1068.125977,10.631123176726925,28
1500,cerebellum,1069.269531,12.315682369061758,28
1500,cerebellum,1070.413086,10.959544233279594,28
1500,cerebellum,1071.556641,9.856846595916895,28
1500,cerebellum,1072.700195,8.861295432309356,28
1500,cerebellum,1073.84375,7.90729984407442,28
1500,cerebellum,1074.986328,6.514482159221522,28
1500,cerebellum,1076.128906,6.162119170630105,28
1500,cerebellum,1077.271484,5.909491748628977,28
1500,cerebellum,1078.414063,5.945138273752166,28
1500,cerebellum,1079.555664,5.405620037438015,28
1500,cerebellum,1080.697266,3.863546332836148,28
1500,cerebellum,1081.838867,0.9635298056291489,28
1500,cerebellum,1082.980469,0.6706807314742111,28
1500,cerebellum,1084.121094,1.150820229437686,28
1500,cerebellum,1085.261719,0.6316122496031157,28
1500,cerebellum,1086.402344,0.5964682239328544,28
1500,cerebellum,1087.542969,0.24603364468680264,28
1500,cerebellum,1088.682617,0.21092470416638429,28
1500,cerebellum,1089.823242,0.2388581178210555,28
1500,cerebellum,1090.962891,0.25426611222942347,28
1500,cerebellum,1092.101563,0.4091022390129044,28
1500,cerebellum,1093.241211,0.3310734355418075,28
1500,cerebellum,1094.379883,0.029218338603650727,28
1500,cerebellum,1095.518555,0.18398080821797638,28
1500,cerebellum,1096.657227,2.807660693604205,28
1500,cerebellum,1097.794922,6.252174324301964,28
1500,cerebellum,1098.932617,5.748379515062725,28
1500,cerebellum,1100.070313,3.421153457629439,28
1500,cerebellum,1101.208008,1.7028073882793124,28
1500,cerebellum,1102.345703,1.0647013663633627,28
1500,cerebellum,1103.482422,0.4741062607280246,28
1500,cerebellum,1104.619141,0.23294884154330714,28
1500,cerebellum,1105.755859,0.3075018261470005,28
1500,cerebellum,1106.891602,0.5355629047030767,28
1500,cerebellum,1108.02832,0.9713309606180605,28
1500,cerebellum,1109.164063,1.077331624116297,28
1500,cerebellum,1110.299805,1.957011964436876,28
1500,cerebellum,1111.43457,2.7209575892805575,28
1500,cerebellum,1112.569336,3.052120053623779,28
1500,cerebellum,1113.705078,3.9809047126464114,28
1500,cerebellum,1114.838867,4.017539340404854,28
1500,cerebellum,1115.973633,4.254280977930939,28
1500,cerebellum,1117.107422,4.292856220319844,28
1500,cerebellum,1118.242188,3.6068535440253786,28
1500,cerebellum,1119.375,3.411338169513194,28
1500,cerebellum,1120.508789,3.225134577179268,28
1500,cerebellum,1121.641602,2.93560246644651,28
1500,cerebellum,1122.775391,2.3236502112951474,28
1500,cerebellum,1123.908203,1.1584384820425462,28
1500,cerebellum,1125.040039,0.7534658359532833,28
1500,cerebellum,1126.172852,1.7318921441808561,28
1500,cerebellum,1127.304688,3.44739000470501,28
1500,cerebellum,1128.436523,5.1063368054584535,28
1500,cerebellum,1129.568359,6.185382585468601,28
1500,cerebellum,1130.699219,6.073241470708945,28
1500,cerebellum,1131.830078,4.668047251573108,28
1500,cerebellum,1132.960938,2.6163170214206057,28
1500,cerebellum,1134.091797,0.5521700208627174,28
1500,cerebellum,1135.222656,0.2844753277852094,28
1500,cerebellum,1136.352539,1.8349887670986957,28
1500,cerebellum,1137.482422,3.2509926480189093,28
1500,cerebellum,1138.612305,3.838059064781123,28
1500,cerebellum,1139.741211,3.861631179519488,28
1500,cerebellum,1140.871094,3.880686407767022,28
1500,cerebellum,1142.0,4.061115149302888,28
1500,cerebellum,1143.12793,3.825405176440648,28
1500,cerebellum,1144.256836,4.199069757300923,28
1500,cerebellum,1145.384766,4.604309787628802,28
1500,cerebellum,1146.513672,4.843348729679481,28
1500,cerebellum,1147.640625,5.095020383837824,28
1500,cerebellum,1148.768555,5.263681188914848,28
1500,cerebellum,1149.895508,5.449118156538146,28
1500,cerebellum,1151.023438,5.663973572506639,28
1500,cerebellum,1152.149414,5.156595151634704,28
1500,cerebellum,1153.276367,4.818618363285994,28
1500,cerebellum,1154.40332,4.741637201558912,28
1500,cerebellum,1155.529297,4.766083316566705,28
1500,cerebellum,1156.655273,4.8461434235769385,28
1500,cerebellum,1157.780273,4.832635332593012,28
1500,cerebellum,1158.90625,5.281667677995804,28
1500,cerebellum,1160.03125,5.527698197392221,28
1500,cerebellum,1161.15625,5.724194366209181,28
1500,cerebellum,1162.28125,5.67391502311491,28
1500,cerebellum,1163.405273,5.359676751484158,28
1500,cerebellum,1164.530273,5.526629271162243,28
1500,cerebellum,1165.654297,6.814387180265044,28
1500,cerebellum,1166.777344,7.757891854943621,28
1500,cerebellum,1167.901367,10.273575426240358,28
1500,cerebellum,1169.024414,12.600355454690359,28
1500,cerebellum,1170.147461,16.36532377915479,28
1500,cerebellum,1171.270508,16.910532177403393,28
1500,cerebellum,1172.393555,15.522629553993735,28
1500,cerebellum,1173.515625,13.745893587696614,28
1500,cerebellum,1174.637695,12.257478414437074,28
1500,cerebellum,1175.759766,9.275638809774973,28
1500,cerebellum,1176.881836,7.242896400051284,28
1500,cerebellum,1178.00293,5.1870614610385335,28
1500,cerebellum,1179.124023,3.6701046285046406,28
1500,cerebellum,1180.245117,2.582037855736277,28
1500,cerebellum,1181.366211,2.041858042973553,28
1500,cerebellum,1182.487305,1.855461149041776,28
1500,cerebellum,1183.607422,3.3579244703977214,28
1500,cerebellum,1184.727539,6.252026522431502,28
1500,cerebellum,1185.84668,7.2338886620728164,28
1500,cerebellum,1186.966797,8.02535204155955,28
1500,cerebellum,1188.085938,7.254751579386693,28
1500,cerebellum,1189.205078,6.833151728671696,28
1500,cerebellum,1190.324219,6.307646350741766,28
1500,cerebellum,1191.443359,3.282419173110139,28
1500,cerebellum,1192.561523,1.5252992879586256,28
1500,cerebellum,1193.679688,1.0286362174876649,28
1500,cerebellum,1194.797852,0.6457715741290154,28
1500,cerebellum,1195.915039,0.39557671504074426,28
1500,cerebellum,1197.033203,0.05462497304683608,28
1500,cerebellum,1198.150391,0.0982595599313779,28
1500,cerebellum,1199.267578,0.7141397012377685,28
1500,cerebellum,1200.383789,1.8101264048684353,28
1500,cerebellum,1201.500977,2.288389846212972,28
1500,cerebellum,1202.617188,2.222955671358168,28
1500,cerebellum,1203.733398,2.572393311456134,28
1500,cerebellum,1204.849609,2.9395982778220464,28
1500,cerebellum,1205.964844,3.3269274121350496,28
1500,cerebellum,1207.080078,2.644491979598812,28
1500,cerebellum,1208.195313,1.745427018983367,28
1500,cerebellum,1209.310547,1.2442067722513759,28
1500,cerebellum,1210.425781,2.544106742741735,28
1500,cerebellum,1211.540039,3.309989325442536,28
1500,cerebellum,1212.654297,3.9550068194842254,28
1500,cerebellum,1213.768555,3.9625275392322266,28
1500,cerebellum,1214.881836,4.230009885475994,28
1500,cerebellum,1215.996094,4.18962761359047,28
1500,cerebellum,1217.109375,5.313593333414243,28
1500,cerebellum,1218.222656,5.572347710016922,28
1500,cerebellum,1219.334961,5.532500429464562,28
1500,cerebellum,1220.448242,4.93537290683651,28
1500,cerebellum,1221.560547,5.129464287354172,28
1500,cerebellum,1222.672852,5.0719583170529825,28
1500,cerebellum,1223.78418,4.707390837733877,28
1500,cerebellum,1224.896484,4.336300367289456,28
1500,cerebellum,1226.007813,3.9720613581505884,28
1500,cerebellum,1227.119141,4.1980961091673095,28
1500,cerebellum,1228.230469,4.565544841140627,28
1500,cerebellum,1229.34082,4.590421122063105,28
1500,cerebellum,1230.451172,4.00312781827111,28
1500,cerebellum,1231.561523,1.8564793840966256,28
1500,cerebellum,1232.671875,0.361895190590506,28
1500,cerebellum,1233.782227,1.17327510312022,28
1500,cerebellum,1234.891602,1.6258592300868102,28
1500,cerebellum,1236.000977,1.5108088722439998,28
1500,cerebellum,1237.110352,0.16936184296547518,28
1500,cerebellum,1238.219727,0.1522968794531482,28
1500,cerebellum,1239.328125,0.16683367255703352,28
1500,cerebellum,1240.436523,0.11965507152179897,28
1500,cerebellum,1241.544922,0.04780955722259743,28
1500,cerebellum,1242.65332,0.03977266892640323,28
1500,cerebellum,1243.760742,0.20204846462154902,28
1500,cerebellum,1244.868164,0.19336670427918862,28
1500,cerebellum,1245.975586,0.2515715080929675,28
1500,cerebellum,1247.083008,0.18775141815950583,28
1500,cerebellum,1248.19043,0.08842199173040528,28
1500,cerebellum,1249.296875,2.135280619280905,28
1500,cerebellum,1250.40332,4.6890829520239325,28
1500,cerebellum,1251.509766,4.539890986163147,28
1500,cerebellum,1252.615234,4.458264841083461,28
1500,cerebellum,1253.72168,4.473023089910331,28
1500,cerebellum,1254.827148,4.430109661276538,28
1500,cerebellum,1255.932617,4.384621724387195,28
1500,cerebellum,1257.037109,4.250885296821568,28
1500,cerebellum,1258.142578,3.5753663536469764,28
1500,cerebellum,1259.24707,2.607406444464437,28
1500,cerebellum,1260.351563,3.238937843718,28
1500,cerebellum,1261.456055,2.535948987428431,28
1500,cerebellum,1262.55957,1.9654964286270544,28
1500,cerebellum,1263.663086,1.8259588906419224,28
1500,cerebellum,1264.766602,2.144929558248708,28
1500,cerebellum,1265.870117,2.0909575027069907,28
1500,cerebellum,1266.973633,1.9174239869934568,28
1500,cerebellum,1268.076172,1.994645103506525,28
1500,cerebellum,1269.178711,1.708101451225574,28
1500,cerebellum,1270.28125,1.3902585546321578,28
1500,cerebellum,1271.382813,1.0193381494933826,28
1500,cerebellum,1272.485352,1.082767967745697,28
1500,cerebellum,1273.586914,1.4302104205343709,28
1500,cerebellum,1274.688477,1.6443303442142003,28
1500,cerebellum,1275.790039,2.195991777102777,28
1500,cerebellum,1276.890625,2.5266187381185374,28
1500,cerebellum,1277.991211,2.5076753324237724,28
1500,cerebellum,1279.091797,2.502449802812114,28
1500,cerebellum,1280.192383,2.3537040071083672,28
1500,cerebellum,1281.291992,1.8794294287412792,28
1500,cerebellum,1282.392578,1.0539352917856297,28
1500,cerebellum,1283.492188,2.408750882046537,28
1500,cerebellum,1284.591797,2.973003758276984,28
1500,cerebellum,1285.69043,2.8851747149201934,28
1500,cerebellum,1286.790039,2.4434342001336815,28
1500,cerebellum,1287.888672,1.3746143380452778,28
1500,cerebellum,1288.987305,2.400423122832284,28
1500,cerebellum,1290.084961,7.107639288696237,28
1500,cerebellum,1291.183594,14.227194425834652,28
1500,cerebellum,1292.28125,21.271844723834402,28
1500,cerebellum,1293.378906,23.264005294616894,28
1500,cerebellum,1294.476563,20.628897173730365,28
1500,cerebellum,1295.573242,15.67273697179513,28
1500,cerebellum,1296.669922,9.132972058215783,28
1500,cerebellum,1297.766602,3.4606317968734865,28
1500,cerebellum,1298.863281,0.44146734829134937,28
1500,cerebellum,1299.959961,0.1503051092654291,28
1500,cerebellum,1301.055664,0.8832971010429391,28
1500,cerebellum,1302.151367,0.9139227663476492,28
1500,cerebellum,1303.24707,0.9333242815254575,28
1500,cerebellum,1304.342773,1.066843005126326,28
1500,cerebellum,1305.4375,1.1696270820196988,28
1500,cerebellum,1306.533203,1.2547663423120121,28
1500,cerebellum,1307.62793,0.9354611693671327,28
1500,cerebellum,1308.72168,0.7523063201770929,28
1500,cerebellum,1309.816406,0.7920159069875101,28
1500,cerebellum,1310.910156,0.6708327155248355,28
1500,cerebellum,1312.003906,0.8030077641176728,28
1500,cerebellum,1313.097656,0.957937969426032,28
1500,cerebellum,1314.191406,1.5042857886471255,28
1500,cerebellum,1315.28418,1.962183764077726,28
1500,cerebellum,1316.376953,1.8223744237160675,28
1500,cerebellum,1317.469727,2.0484067678555595,28
1500,cerebellum,1318.5625,1.9253613046425138,28
1500,cerebellum,1319.654297,2.636930146601516,28
1500,cerebellum,1320.746094,2.564249379660868,28
1500,cerebellum,1321.837891,1.3683135625884375,28
1500,cerebellum,1322.929688,1.013983569469815,28
1500,cerebellum,1324.021484,1.5770029731630282,28
1500,cerebellum,1325.112305,3.841422421093052,28
1500,cerebellum,1326.203125,4.770264539092143,28
1500,cerebellum,1327.293945,4.780332262802755,28
1500,cerebellum,1328.384766,4.867677058784874,28
1500,cerebellum,1329.474609,4.096782909431357,28
1500,cerebellum,1330.564453,3.687973793150018,28
1500,cerebellum,1331.654297,4.693477626217408,28
1500,cerebellum,1332.744141,5.046617381052674,28
1500,cerebellum,1333.833008,5.254649148950734,28
1500,cerebellum,1334.921875,6.94713247322475,28
1500,cerebellum,1336.011719,7.521157327589814,28
1500,cerebellum,1337.099609,6.580129649138464,28
1500,cerebellum,1338.188477,3.499577771441607,28
1500,cerebellum,1339.276367,0.30502473360955457,28
1500,cerebellum,1340.364258,0.14851204480796684,28
1500,cerebellum,1341.452148,0.4161033880211272,28
1500,cerebellum,1342.540039,0.36529101228700817,28
1500,cerebellum,1343.626953,0.011727094336107897,28
1500,cerebellum,1344.714844,4.099722446503567,28
1500,cerebellum,1345.801758,9.03948131349109,28
1500,cerebellum,1346.887695,9.730416759905989,28
1500,cerebellum,1347.974609,2.789817842304927,28
1500,cerebellum,1349.060547,1.6093520010491082,28
1500,cerebellum,1350.146484,0.7218896522367727,28
1500,cerebellum,1351.232422,0.2612129846804461,28
1500,cerebellum,1352.318359,0.28927092964297924,28
1500,cerebellum,1353.40332,3.4406696137083523,28
1500,cerebellum,1354.488281,5.513733124197277,28
1500,cerebellum,1355.573242,6.243161771015323,28
1500,cerebellum,1356.658203,5.791324760578507,28
1500,cerebellum,1357.742188,6.392438934385383,28
1500,cerebellum,1358.827148,8.381256846361989,28
1500,cerebellum,1359.911133,9.120017051824943,28
1500,cerebellum,1360.995117,11.307143321375815,28
1500,cerebellum,1362.078125,12.8633883379061,28
1500,cerebellum,1363.161133,14.081099531346263,28
1500,cerebellum,1364.245117,18.46379590002832,28
1500,cerebellum,1365.328125,22.6629396328623,28
1500,cerebellum,1366.410156,23.80621791169319,28
1500,cerebellum,1367.493164,14.969693412052399,28
1500,cerebellum,1368.575195,17.055231504640037,28
1500,cerebellum,1369.657227,11.956612646030838,28
1500,cerebellum,1370.739258,10.080258679796023,28
1500,cerebellum,1371.820313,6.1160772440140345,28
1500,cerebellum,1372.902344,4.295786358257962,28
1500,cerebellum,1373.983398,6.652777996037461,28
1500,cerebellum,1375.064453,6.756949712177158,28
1500,cerebellum,1376.144531,6.758449140903604,28
1500,cerebellum,1377.225586,6.046469861801303,28
1500,cerebellum,1378.305664,4.46405963126083,28
1500,cerebellum,1379.385742,6.496638965099998,28
1500,cerebellum,1380.46582,5.382189826184189,28
1500,cerebellum,1381.544922,4.785199487907377,28
1500,cerebellum,1382.625,3.4733958373585576,28
1500,cerebellum,1383.704102,3.007630106379789,28
1500,cerebellum,1384.783203,3.425979014574267,28
1500,cerebellum,1385.861328,2.7185659748075404,28
1500,cerebellum,1386.94043,2.287979046632343,28
1500,cerebellum,1388.018555,2.2052953154204946,28
1500,cerebellum,1389.09668,2.0605716582149514,28
1500,cerebellum,1390.174805,0.5212845560566529,28
1500,cerebellum,1391.251953,1.7111233554462995,28
1500,cerebellum,1392.329102,2.412660616570125,28
1500,cerebellum,1393.407227,0.8411541807885987,28
1500,cerebellum,1394.483398,1.0281115078115535,28
1500,cerebellum,1395.560547,0.9194691757573521,28
1500,cerebellum,1396.636719,0.5838882302787423,28
1500,cerebellum,1397.713867,0.4831236428896203,28
1500,cerebellum,1398.790039,0.4669018068833086,28
1500,cerebellum,1399.865234,1.9803477035896242,28
1500,cerebellum,1400.941406,9.070626774566323,28
1500,cerebellum,1402.016602,5.841465621381364,28
1500,cerebellum,1403.091797,3.046476563524021,28
1500,cerebellum,1404.166992,1.449086126108812,28
1500,cerebellum,1405.242188,0.8204570129483553,28
1500,cerebellum,1406.316406,0.3113740090293106,28
1500,cerebellum,1407.390625,1.4099391982828025,28
1500,cerebellum,1408.464844,2.204038532810221,28
1500,cerebellum,1409.539063,5.555823714602278,28
1500,cerebellum,1410.613281,12.053399530923745,28
1500,cerebellum,1411.686523,15.869020951175019,28
1500,cerebellum,1412.759766,18.946689668135967,28
1500,cerebellum,1413.833008,20.073488399195142,28
1500,cerebellum,1414.90625,21.897166600935485,28
1500,cerebellum,1415.978516,20.60167279216638,28
1500,cerebellum,1417.050781,21.00498642300098,28
1500,cerebellum,1418.123047,18.262862156857583,28
1500,cerebellum,1419.195313,13.986424649510715,28
1500,cerebellum,1420.266602,12.500898826771028,28
1500,cerebellum,1421.338867,11.70824875051674,28
1500,cerebellum,1422.410156,12.950570961034348,28
1500,cerebellum,1423.481445,11.46304482590096,28
1500,cerebellum,1424.551758,10.270237231948807,28
1500,cerebellum,1425.623047,6.447798552775036,28
1500,cerebellum,1426.693359,3.288634318824959,28
1500,cerebellum,1427.763672,2.685050010589096,28
1500,cerebellum,1428.833984,1.4557598012774737,28
1500,cerebellum,1429.90332,0.9319002110052484,28
1500,cerebellum,1430.973633,0.6120674094770676,28
1500,cerebellum,1432.042969,0.2938675666473807,28
1500,cerebellum,1433.112305,0.32209272201591665,28
1500,cerebellum,1434.180664,0.46398962104001085,28
1500,cerebellum,1435.25,0.980986772710658,28
1500,cerebellum,1436.318359,2.1867033890964045,28
1500,cerebellum,1437.386719,3.9378300477733643,28
1500,cerebellum,1438.455078,6.05019397938328,28
1500,cerebellum,1439.523438,7.710414295525565,28
1500,cerebellum,1440.59082,8.398255880650545,28
1500,cerebellum,1441.658203,8.425309253558373,28
1500,cerebellum,1442.725586,7.912109180051257,28
1500,cerebellum,1443.792969,6.419472269609279,28
1500,cerebellum,1444.859375,4.743175853511436,28
1500,cerebellum,1445.925781,3.2622219540441,28
1500,cerebellum,1446.992188,1.8446352221410829,28
1500,cerebellum,1448.058594,1.5023317457442826,28
1500,cerebellum,1449.125,1.503953312996608,28
1500,cerebellum,1450.19043,1.4679354887102558,28
1500,cerebellum,1451.255859,1.772199616624472,28
1500,cerebellum,1452.321289,2.196911164387114,28
1500,cerebellum,1453.386719,2.756915070829266,28
1500,cerebellum,1454.452148,3.4597220775454716,28
1500,cerebellum,1455.516602,4.005183799172253,28
1500,cerebellum,1456.581055,5.197742640264212,28
1500,cerebellum,1457.645508,5.361672525665321,28
1500,cerebellum,1458.709961,5.860218581193819,28
1500,cerebellum,1459.773438,7.109960386491321,28
1500,cerebellum,1460.836914,7.706552027969565,28
1500,cerebellum,1461.900391,8.247374674007846,28
1500,cerebellum,1462.963867,8.451260203450643,28
1500,cerebellum,1464.027344,8.4449107770655,28
1500,cerebellum,1465.089844,8.076501349550986,28
1500,cerebellum,1466.152344,7.1775449003976215,28
1500,cerebellum,1467.214844,7.093172802336051,28
1500,cerebellum,1468.277344,5.77441465228966,28
1500,cerebellum,1469.338867,4.864396968284293,28
1500,cerebellum,1470.401367,4.801716815218231,28
1500,cerebellum,1471.462891,4.49456340760998,28
1500,cerebellum,1472.523438,3.601792499665366,28
1500,cerebellum,1473.584961,2.8364031143368087,28
1500,cerebellum,1474.645508,2.187874384777783,28
1500,cerebellum,1475.707031,1.8514830746361888,28
1500,cerebellum,1476.767578,1.6247939425517532,28
1500,cerebellum,1477.827148,1.6876083257678156,28
1500,cerebellum,1478.887695,1.7219786164386268,28
1500,cerebellum,1479.947266,0.935355855813423,28
1500,cerebellum,1481.006836,0.2866877632561501,28
1500,cerebellum,1482.066406,0.27819192962056233,28
1500,cerebellum,1483.125977,0.1891933510946932,28
1500,cerebellum,1484.18457,0.20777295002889243,28
1500,cerebellum,1485.244141,0.16858476601398978,28
1500,cerebellum,1486.302734,0.30125390420359555,28
1500,cerebellum,1487.360352,0.5207627114547824,28
1500,cerebellum,1488.418945,0.8642207354240375,28
1500,cerebellum,1489.476563,1.2140343002231073,28
1500,cerebellum,1490.535156,0.9213393240557697,28
1500,cerebellum,1491.592773,0.6170307823334541,28
1500,cerebellum,1492.649414,0.828764378025346,28
1500,cerebellum,1493.707031,1.7552072008332225,28
1500,cerebellum,1494.763672,2.1902578088178704,28
1500,cerebellum,1495.820313,1.4878319267821827,28
1500,cerebellum,1496.876953,1.573076186932388,28
1500,cerebellum,1497.933594,1.3341595684839884,28
1500,cerebellum,1498.989258,0.19458495619421318,28
1500,cerebellum,1500.044922,0.6031560924516446,28
1500,cerebellum,1501.100586,1.3289038921135945,28
1500,cerebellum,1502.15625,2.975912638971653,28
1500,cerebellum,1503.211914,4.002542279014329,28
1500,cerebellum,1504.266602,4.0546466702742645,28
1500,cerebellum,1505.321289,4.052370941892535,28
1500,cerebellum,1506.375977,4.6650251165405345,28
1500,cerebellum,1507.430664,4.57502705633723,28
1500,cerebellum,1508.485352,4.555831060399694,28
1500,cerebellum,1509.539063,4.8410015673666855,28
1500,cerebellum,1510.592773,4.650404659846075,28
1500,cerebellum,1511.646484,3.844061209074599,28
1500,cerebellum,1512.700195,3.486089631625081,28
1500,cerebellum,1513.75293,1.176422537673442,28
1500,cerebellum,1514.805664,1.2195958445684445,28
1500,cerebellum,1515.858398,2.4306543413789625,28
1500,cerebellum,1516.911133,0.6744441000329117,28
1500,cerebellum,1517.963867,0.9616894263448635,28
1500,cerebellum,1519.015625,1.3507333088078368,28
1500,cerebellum,1520.068359,2.1107298174743576,28
1500,cerebellum,1521.120117,2.702311205326306,28
1500,cerebellum,1522.170898,4.084604649221024,28
1500,cerebellum,1523.222656,2.7836283682892344,28
1500,cerebellum,1524.273438,1.6752267402350085,28
1500,cerebellum,1525.324219,0.9410039582287252,28
1500,cerebellum,1526.375,1.8684679986592136,28
1500,cerebellum,1527.425781,3.222060557589635,28
1500,cerebellum,1528.475586,2.846595481138083,28
1500,cerebellum,1529.526367,4.451450987274847,28
1500,cerebellum,1530.576172,6.486497930658164,28
1500,cerebellum,1531.625977,5.614639226800502,28
1500,cerebellum,1532.674805,5.238381017639937,28
1500,cerebellum,1533.724609,4.939674143561598,28
1500,cerebellum,1534.773438,4.81248515961437,28
1500,cerebellum,1535.822266,4.995927822621585,28
1500,cerebellum,1536.871094,3.428020914815953,28
1500,cerebellum,1537.918945,0.7666296473086869,28
1500,cerebellum,1538.967773,1.9389127178895622,28
1500,cerebellum,1540.015625,3.2420579702702605,28
1500,cerebellum,1541.063477,2.739573422195067,28
1500,cerebellum,1542.111328,5.999353460399688,28
1500,cerebellum,1543.158203,3.0392319595284274,28
1500,cerebellum,1544.206055,3.566047768297701,28
1500,cerebellum,1545.25293,2.4206410302766637,28
1500,cerebellum,1546.299805,1.1895939819469823,28
1500,cerebellum,1547.345703,0.9044199668547133,28
1500,cerebellum,1548.392578,0.6121693668872341,28
1500,cerebellum,1549.438477,1.1808823762089533,28
1500,cerebellum,1550.484375,1.7827877546821749,28
1500,cerebellum,1551.530273,2.0422741893769376,28
1500,cerebellum,1552.576172,2.261266422074837,28
1500,cerebellum,1553.621094,1.8017219818577526,28
1500,cerebellum,1554.666016,0.8539311341417768,28
1500,cerebellum,1555.710938,0.8832596161061811,28
1500,cerebellum,1556.755859,2.5333313604162013,28
1500,cerebellum,1557.800781,2.3052323839803956,28
1500,cerebellum,1558.844727,1.5556796588281783,28
1500,cerebellum,1559.889648,0.6713657965509543,28
1500,cerebellum,1560.933594,0.4127762641138094,28
1500,cerebellum,1561.976563,0.16626044938997503,28
1500,cerebellum,1563.020508,0.15466320198126343,28
1500,cerebellum,1564.063477,0.13159651414237936,28
1500,cerebellum,1565.106445,0.09092445432477257,28
1500,cerebellum,1566.149414,0.14101347988635488,28
1500,cerebellum,1567.192383,1.4498092613034081,28
1500,cerebellum,1568.235352,1.6994263282772721,28
1500,cerebellum,1569.277344,1.966528388497565,28
1500,cerebellum,1570.319336,1.8238967712016971,28
1500,cerebellum,1571.361328,1.2426149354538032,28
1500,cerebellum,1572.40332,1.8711970669017306,28
1500,cerebellum,1573.444336,4.112456966924772,28
1500,cerebellum,1574.485352,3.3930428380046207,28
1500,cerebellum,1575.526367,0.909553978437046,28
1500,cerebellum,1576.567383,0.37358856978561256,28
1500,cerebellum,1577.608398,0.14361606968706775,28
1500,cerebellum,1578.648438,0.4447976490401466,28
1500,cerebellum,1579.689453,0.6004489896176686,28
1500,cerebellum,1580.729492,4.771333703254493,28
1500,cerebellum,1581.768555,6.82544756140966,28
1500,cerebellum,1582.808594,1.9919824346141535,28
1500,cerebellum,1583.848633,0.916725465234018,28
1500,cerebellum,1584.887695,2.3525258987971043,28
1500,cerebellum,1585.926758,2.5061450436663524,28
1500,cerebellum,1586.96582,2.8238634811924226,28
1500,cerebellum,1588.003906,2.5054051913526085,28
1500,cerebellum,1589.041992,2.353954415188265,28
1500,cerebellum,1590.081055,1.2510919425361966,28
1500,cerebellum,1591.119141,0.1223367651698097,28
1500,cerebellum,1592.15625,0.029786920036597647,28
1500,cerebellum,1593.194336,3.343631295178593,28
1500,cerebellum,1594.231445,2.107185890721139,28
1500,cerebellum,1595.268555,1.7918589602558035,28
1500,cerebellum,1596.305664,0.1652202965991546,28
1500,cerebellum,1597.342773,0.46222968475486265,28
1500,cerebellum,1598.379883,0.10241211222447433,28
1500,cerebellum,1599.416016,0.09601497689168952,28
1500,cerebellum,1600.452148,0.1811561674053154,28
1500,cerebellum,1601.488281,0.31179608876229664,28
1500,cerebellum,1602.524414,0.25482412267518567,28
1500,cerebellum,1603.55957,0.41079181385815217,28
1500,cerebellum,1604.594727,0.8272992877781478,28
1500,cerebellum,1605.630859,1.0904145219019998,28
1500,cerebellum,1606.665039,2.416892511393199,28
1500,cerebellum,1607.700195,3.0867816686496408,28
1500,cerebellum,1608.735352,6.351279821587965,28
1500,cerebellum,1609.769531,13.487338647073383,28
1500,cerebellum,1610.803711,10.933449933563137,28
1500,cerebellum,1611.837891,4.864541456041672,28
1500,cerebellum,1612.871094,8.196912197481634,28
1500,cerebellum,1613.905273,3.1793272253408604,28
1500,cerebellum,1614.938477,2.145846803471525,28
1500,cerebellum,1615.97168,0.8854495272692715,28
1500,cerebellum,1617.004883,0.3596104421723766,28
1500,cerebellum,1618.038086,0.36006946167170883,28
1500,cerebellum,1619.070313,0.30778038518941847,28
1500,cerebellum,1620.102539,0.4570652500470758,28
1500,cerebellum,1621.134766,0.19185052092781946,28
1500,cerebellum,1622.166992,0.2877724951686662,28
1500,cerebellum,1623.199219,1.1771228872462458,28
1500,cerebellum,1624.230469,0.9131479171538331,28
1500,cerebellum,1625.261719,0.9280156738172033,28
1500,cerebellum,1626.292969,1.057892533982273,28
1500,cerebellum,1627.324219,0.5892161189709904,28
1500,cerebellum,1628.355469,1.1359593142914377,28
1500,cerebellum,1629.385742,1.6772622556983923,28
1500,cerebellum,1630.416016,2.3436127134345606,28
1500,cerebellum,1631.446289,2.2385652634135216,28
1500,cerebellum,1632.476563,2.911009535287047,28
1500,cerebellum,1633.506836,3.5917229013527883,28
1500,cerebellum,1634.536133,4.463047064485339,28
1500,cerebellum,1635.56543,3.7618220108769997,28
1500,cerebellum,1636.594727,1.7384253579774105,28
1500,cerebellum,1637.624023,1.7644797548198703,28
1500,cerebellum,1638.652344,1.0802095822907751,28
1500,cerebellum,1639.681641,1.4161287516461907,28
1500,cerebellum,1640.709961,0.8568364493826554,28
1500,cerebellum,1641.738281,0.6225327287286234,28
1500,cerebellum,1642.766602,1.027290527592964,28
1500,cerebellum,1643.793945,1.3562727407291502,28
1500,cerebellum,1644.822266,2.92927034842071,28
1500,cerebellum,1645.849609,3.702937948279487,28
1500,cerebellum,1646.876953,3.494054316309844,28
1500,cerebellum,1647.90332,4.490479138779716,28
1500,cerebellum,1648.930664,4.6808608035475565,28
1500,cerebellum,1649.957031,4.039584691196481,28
1500,cerebellum,1650.983398,3.2610179479004606,28
1500,cerebellum,1652.009766,3.7329447742931667,28
1500,cerebellum,1653.036133,3.547761569926882,28
1500,cerebellum,1654.0625,3.1094975726320726,28
1500,cerebellum,1655.087891,3.7086132591704377,28
1500,cerebellum,1656.113281,2.052985421496201,28
1500,cerebellum,1657.138672,1.1925010065765966,28
1500,cerebellum,1658.164063,0.7816782590537316,28
1500,cerebellum,1659.188477,0.9559884410888208,28
1500,cerebellum,1660.213867,1.256552661307793,28
1500,cerebellum,1661.238281,1.7378931518042948,28
1500,cerebellum,1662.262695,1.162815143257376,28
1500,cerebellum,1663.286133,0.8221378710745689,28
1500,cerebellum,1664.310547,0.7769325990560458,28
1500,cerebellum,1665.333984,0.8252290020907246,28
1500,cerebellum,1666.357422,0.9427058756184592,28
1500,cerebellum,1667.380859,0.9609373866939698,28
1500,cerebellum,1668.404297,1.0890222077805725,28
1500,cerebellum,1669.426758,1.2643525757361695,28
1500,cerebellum,1670.450195,1.503586664149109,28
1500,cerebellum,1671.472656,2.242418193715933,28
1500,cerebellum,1672.495117,1.4373206816150228,28
1500,cerebellum,1673.517578,0.9786895286501325,28
1500,cerebellum,1674.539063,0.9504064350070686,28
1500,cerebellum,1675.560547,1.4421560101980786,28
1500,cerebellum,1676.582031,2.056836011477111,28
1500,cerebellum,1677.603516,2.3190218867493995,28
1500,cerebellum,1678.625,1.8930284978552243,28
1500,cerebellum,1679.646484,2.493152489473077,28
1500,cerebellum,1680.666992,2.6832808905882084,28
1500,cerebellum,1681.6875,2.1331344894429627,28
1500,cerebellum,1682.708008,1.0897885147078157,28
1500,cerebellum,1683.728516,1.1753214891354211,28
1500,cerebellum,1684.748047,1.0926744343165444,28
1500,cerebellum,1685.768555,0.13156513429517697,28
1500,cerebellum,1686.788086,0.12454871681743498,28
1500,cerebellum,1687.807617,0.3629840122001484,28
1500,cerebellum,1688.826172,0.7748748979458323,28
1500,cerebellum,1689.845703,1.287598666082981,28
1500,cerebellum,1690.864258,1.5671749612342671,28
1500,cerebellum,1691.882813,2.645434583713182,28
1500,cerebellum,1692.901367,4.278151958653593,28
1500,cerebellum,1693.919922,5.611866756410995,28
1500,cerebellum,1694.938477,5.960633793810067,28
1500,cerebellum,1695.956055,4.564609453626914,28
1500,cerebellum,1696.973633,2.4999663656219453,28
1500,cerebellum,1697.991211,2.4230632342834038,28
1500,cerebellum,1699.008789,2.897540990096136,28
1500,cerebellum,1700.025391,4.130291578986195,28
1500,cerebellum,1701.042969,2.1492681957732236,28
1500,cerebellum,1702.05957,2.0601276870618723,28
1500,cerebellum,1703.076172,1.7409285476158591,28
1500,cerebellum,1704.091797,1.1304075780838727,28
1500,cerebellum,1705.108398,1.4933272968415248,28
1500,cerebellum,1706.124023,0.5475834265142473,28
1500,cerebellum,1707.139648,0.6807719068819205,28
1500,cerebellum,1708.155273,1.4223682177461163,28
1500,cerebellum,1709.170898,2.5622998576054035,28
1500,cerebellum,1710.186523,3.446086635091589,28
1500,cerebellum,1711.201172,3.8283376745028685,28
1500,cerebellum,1712.21582,1.553496855989863,28
1500,cerebellum,1713.230469,0.5354976299574283,28
1500,cerebellum,1714.245117,0.14157010416294702,28
1500,cerebellum,1715.259766,0.10011604769185217,28
1500,cerebellum,1716.273438,0.11440757951475146,28
1500,cerebellum,1717.287109,2.996412571246757,28
1500,cerebellum,1718.300781,2.5171677783094304,28
1500,cerebellum,1719.314453,4.696289696817163,28
1500,cerebellum,1720.328125,5.384876153514466,28
1500,cerebellum,1721.34082,4.452499896303168,28
1500,cerebellum,1722.353516,5.812878755359293,28
1500,cerebellum,1723.366211,5.297542839081049,28
1500,cerebellum,1724.378906,5.024186631630763,28
1500,cerebellum,1725.391602,5.068800692709012,28
1500,cerebellum,1726.40332,4.408864253852762,28
1500,cerebellum,1727.415039,2.1933582742578985,28
1500,cerebellum,1728.426758,1.4530068271903558,28
1500,cerebellum,1729.438477,3.1970133522777435,28
1500,cerebellum,1730.450195,3.668297181753615,28
1500,cerebellum,1731.460938,3.852642727289238,28
1500,cerebellum,1732.47168,3.305110656462537,28
1500,cerebellum,1733.482422,1.9679826693269484,28
1500,cerebellum,1734.493164,2.2715782002562985,28
1500,cerebellum,1735.503906,2.6254775463797997,28
1500,cerebellum,1736.513672,1.835318381899653,28
1500,cerebellum,1737.523438,1.6462973359448227,28
1500,cerebellum,1738.53418,1.968079317044515,28
1500,cerebellum,1739.542969,3.3870358240636644,28
1500,cerebellum,1740.552734,3.4404355023289486,28
1500,cerebellum,1741.5625,3.3411270854815003,28
1500,cerebellum,1742.571289,0.9537315788699036,28
1500,cerebellum,1743.580078,0.15780315932998434,28
1500,cerebellum,1744.588867,0.1577635009804236,28
1500,cerebellum,1745.59668,0.12836250838873178,28
1500,cerebellum,1746.605469,0.08315160148963806,28
1500,cerebellum,1747.613281,0.07700339484004794,28
1500,cerebellum,1748.621094,0.09727566857521087,28
1500,cerebellum,1749.628906,0.0175506329304472,28
1500,cerebellum,1750.636719,0.06556314040223689,28
1500,cerebellum,1751.643555,0.10189382488997728,28
1500,cerebellum,1752.651367,1.1133995950440303,28
1500,cerebellum,1753.658203,2.6308234462119557,28
1500,cerebellum,1754.665039,2.1021445937258467,28
1500,cerebellum,1755.671875,2.294472715092365,28
1500,cerebellum,1756.677734,1.896356107316157,28
1500,cerebellum,1757.683594,2.2930148549013354,28
1500,cerebellum,1758.69043,4.123265585761569,28
1500,cerebellum,1759.696289,1.8841037635009197,28
1500,cerebellum,1760.701172,1.0219504846635812,28
1500,cerebellum,1761.707031,1.3473292174364693,28
1500,cerebellum,1762.711914,1.3087982596831547,28
1500,cerebellum,1763.716797,1.5128390338037079,28
1500,cerebellum,1764.72168,2.1884245351759137,28
1500,cerebellum,1765.726563,4.893454240464096,28
1500,cerebellum,1766.731445,8.63500016301512,28
1500,cerebellum,1767.735352,14.672576880087826,28
1500,cerebellum,1768.739258,2.963203915832591,28
1500,cerebellum,1769.743164,1.5243704671968636,28
1500,cerebellum,1770.74707,3.4131783390044195,28
1500,cerebellum,1771.750977,12.181245528237449,28
1500,cerebellum,1772.753906,10.160174678803013,28
1500,cerebellum,1773.757813,6.771061736784594,28
1500,cerebellum,1774.760742,1.6159601941276467,28
1500,cerebellum,1775.763672,1.1020918994020945,28
1500,cerebellum,1776.765625,1.1963136388897901,28
1500,cerebellum,1777.768555,1.3829202723423828,28
1500,cerebellum,1778.770508,0.8802498890251078,28
1500,cerebellum,1779.772461,0.7559773664994799,28
1500,cerebellum,1780.774414,2.248375975458296,28
1500,cerebellum,1781.776367,4.319027010841909,28
1500,cerebellum,1782.777344,6.451466913857352,28
1500,cerebellum,1783.77832,7.2820946126967785,28
1500,cerebellum,1784.779297,11.606810738811237,28
1500,cerebellum,1785.780273,13.420292118574826,28
1500,cerebellum,1786.78125,14.28187617306057,28
1500,cerebellum,1787.782227,14.658901749978552,28
1500,cerebellum,1788.782227,15.225056709985527,28
1500,cerebellum,1789.782227,13.813034081827931,28
1500,cerebellum,1790.782227,3.8095907090905254,28
1500,cerebellum,1791.782227,2.0299298383620914,28
1500,cerebellum,1792.78125,2.0319793056498465,28
1500,cerebellum,1793.78125,1.508210856478652,28
1500,cerebellum,1794.780273,1.211486467728679,28
1500,cerebellum,1795.779297,0.21359520884687339,28
1500,cerebellum,1796.77832,0.16024831457349406,28
1500,cerebellum,1797.776367,0.312018080214203,28
1500,cerebellum,1798.775391,0.9642102318987628,28
1500,cerebellum,1799.773438,1.570407259635478,28
1500,cerebellum,1800.771484,2.447832948100851,28
1500,cerebellum,1801.769531,4.260623209681778,28
1500,cerebellum,1802.767578,5.378459826181888,28
1500,cerebellum,1803.764648,5.689507058569328,28
1500,cerebellum,1804.761719,6.046433039467658,28
1500,cerebellum,1805.758789,6.048245963645601,28
1500,cerebellum,1806.755859,4.20875210759813,28
1500,cerebellum,1807.75293,2.3549911961610315,28
1500,cerebellum,1808.749023,1.160347423739725,28
1500,cerebellum,1809.746094,0.9921751148352406,28
1500,cerebellum,1810.742188,1.1922698169729748,28
1500,cerebellum,1811.738281,0.3809820871388428,28
1500,cerebellum,1812.733398,0.30836775502099656,28
1500,cerebellum,1813.729492,0.5392199249306415,28
1500,cerebellum,1814.724609,1.6391086320448105,28
1500,cerebellum,1815.719727,1.8404027937415286,28
1500,cerebellum,1816.714844,1.025468203931668,28
1500,cerebellum,1817.709961,1.2698640093045823,28
1500,cerebellum,1818.705078,2.7099457378571,28
1500,cerebellum,1819.699219,3.1918570352362727,28
1500,cerebellum,1820.693359,2.525932942960041,28
1500,cerebellum,1821.6875,2.2554463796222968,28
1500,cerebellum,1822.681641,0.44980130550835556,28
1500,cerebellum,1823.675781,0.4131470877358948,28
1500,cerebellum,1824.668945,0.2531301844181283,28
1500,cerebellum,1825.662109,0.11820115620818622,28
1500,cerebellum,1826.655273,0.24467192505731983,28
1500,cerebellum,1827.648438,0.12846380646367697,28
1500,cerebellum,1828.641602,0.5745948217376062,28
1500,cerebellum,1829.633789,1.8842922211309103,28
1500,cerebellum,1830.626953,2.728004054927764,28
1500,cerebellum,1831.619141,3.05804602820535,28
1500,cerebellum,1832.611328,4.87465773355975,28
1500,cerebellum,1833.602539,5.447497571207927,28
1500,cerebellum,1834.594727,5.999879661496082,28
1500,cerebellum,1835.585938,6.076984548251138,28
1500,cerebellum,1836.577148,4.057052577378339,28
1500,cerebellum,1837.568359,1.8530067831364998,28
1500,cerebellum,1838.55957,0.4892620719178448,28
1500,cerebellum,1839.550781,1.1244796519106492,28
1500,cerebellum,1840.541016,1.3604897342314453,28
1500,cerebellum,1841.53125,1.1189694940087378,28
1500,cerebellum,1842.521484,1.1323351708119023,28
1500,cerebellum,1843.511719,0.5237689316231032,28
1500,cerebellum,1844.501953,0.3201852131890379,28
1500,cerebellum,1845.491211,0.00514736659916908,28
1500,cerebellum,1846.480469,0.03792478137933582,28
1500,cerebellum,1847.469727,0.14604200325525346,28
1500,cerebellum,1848.458984,0.2242730020531734,28
1500,cerebellum,1849.448242,0.42676995626416614,28
1500,cerebellum,1850.436523,1.1665600554722422,28
1500,cerebellum,1851.424805,1.9342773642882964,28
1500,cerebellum,1852.413086,3.764649003771951,28
1500,cerebellum,1853.401367,3.968123994089323,28
1500,cerebellum,1854.389648,3.549155107525628,28
1500,cerebellum,1855.37793,4.436755173368493,28
1500,cerebellum,1856.365234,4.4871595391838754,28
1500,cerebellum,1857.352539,4.978479440004557,28
1500,cerebellum,1858.339844,5.200814757077952,28
1500,cerebellum,1859.327148,4.143343577835975,28
1500,cerebellum,1860.313477,3.6684652637864446,28
1500,cerebellum,1861.300781,3.475885386645826,28
1500,cerebellum,1862.287109,5.076016116291387,28
1500,cerebellum,1863.273438,4.523380904825056,28
1500,cerebellum,1864.259766,4.084082835017165,28
1500,cerebellum,1865.245117,4.960987105378477,28
1500,cerebellum,1866.231445,2.288240992559003,28
1500,cerebellum,1867.216797,2.8960058521037406,28
1500,cerebellum,1868.202148,1.019303763480732,28
1500,cerebellum,1869.1875,0.577635724420589,28
1500,cerebellum,1870.171875,0.15263286276779758,28
1500,cerebellum,1871.157227,0.5129817500791645,28
1500,cerebellum,1872.141602,0.047072254624259874,28
1500,cerebellum,1873.125977,0.7804857505754941,28
1500,cerebellum,1874.110352,0.15831264217927266,28
1500,cerebellum,1875.094727,1.1404117212189355,28
1500,cerebellum,1876.078125,0.772051915503849,28
1500,cerebellum,1877.0625,0.7304754141483921,28
1500,cerebellum,1878.045898,1.2035638301154399,28
1500,cerebellum,1879.029297,1.6441419658538494,28
1500,cerebellum,1880.012695,1.8853298021107507,28
1500,cerebellum,1880.995117,2.502205736973479,28
1500,cerebellum,1881.978516,1.8444726398972322,28
1500,cerebellum,1882.960938,1.5896750662036687,28
1500,cerebellum,1883.943359,2.4531149284848093,28
1500,cerebellum,1884.925781,3.5340290205431684,28
1500,cerebellum,1885.907227,0.6912121487887212,28
1500,cerebellum,1886.889648,0.41461551028738136,28
1500,cerebellum,1887.871094,1.120517428682835,28
1500,cerebellum,1888.852539,8.839219653932314,28
1500,cerebellum,1889.833984,5.041832836981041,28
1500,cerebellum,1890.81543,4.087610148483035,28
1500,cerebellum,1891.795898,4.158372388716153,28
1500,cerebellum,1892.776367,3.152889279664019,28
1500,cerebellum,1893.757813,0.9198526913739763,28
1500,cerebellum,1894.738281,2.961705532851361,28
1500,cerebellum,1895.717773,0.7032218690454487,28
1500,cerebellum,1896.698242,0.9802946311939897,28
1500,cerebellum,1897.677734,0.40350076922222833,28
1500,cerebellum,1898.657227,0.8149849605342891,28
1500,cerebellum,1899.636719,0.9304566285780382,28
1500,cerebellum,1900.616211,0.2419294366266666,28
1500,cerebellum,1901.595703,0.8421459178381859,28
1500,cerebellum,1902.574219,1.7889907708371335,28
1500,cerebellum,1903.552734,1.6110249494416018,28
1500,cerebellum,1904.53125,1.4623909623434435,28
1500,cerebellum,1905.509766,0.9486361769289184,28
1500,cerebellum,1906.488281,0.15812026824887523,28
1500,cerebellum,1907.46582,0.684895709516384,28
1500,cerebellum,1908.444336,1.8327916745556176,28
1500,cerebellum,1909.421875,2.3871278173117787,28
1500,cerebellum,1910.399414,2.483110329738473,28
1500,cerebellum,1911.375977,2.4054677337117383,28
1500,cerebellum,1912.353516,3.9425303557277522,28
1500,cerebellum,1913.330078,5.8290027812159355,28
1500,cerebellum,1914.306641,5.572620661767447,28
1500,cerebellum,1915.283203,5.677834229100162,28
1500,cerebellum,1916.259766,8.117166231724076,28
1500,cerebellum,1917.236328,2.663874846705626,28
1500,cerebellum,1918.211914,2.17880397778906,28
1500,cerebellum,1919.1875,2.476128856456625,28
1500,cerebellum,1920.163086,1.0704944984252154,28
1500,cerebellum,1921.138672,0.29898300498767,28
1500,cerebellum,1922.114258,1.0504959384239423,28
1500,cerebellum,1923.088867,1.9786407324117414,28
1500,cerebellum,1924.064453,1.8243949929356114,28
1500,cerebellum,1925.039063,3.388592347012921,28
1500,cerebellum,1926.013672,4.795258393434118,28
1500,cerebellum,1926.987305,3.0223272346086647,28
1500,cerebellum,1927.961914,5.237874589340398,28
1500,cerebellum,1928.935547,1.2698454785397757,28
1500,cerebellum,1929.90918,0.03991391883802088,28
1500,cerebellum,1930.882813,0.7630315264501767,28
1500,cerebellum,1931.856445,0.804305171324909,28
1500,cerebellum,1932.830078,0.5224604012329516,28
1500,cerebellum,1933.802734,0.15744295306540396,28
1500,cerebellum,1934.775391,0.8373321312406041,28
1500,cerebellum,1935.748047,2.0416616940444317,28
1500,cerebellum,1936.720703,1.976740586682705,28
1500,cerebellum,1937.693359,0.23162114469917117,28
1500,cerebellum,1938.665039,0.24401341719635214,28
1500,cerebellum,1939.636719,0.496500872354265,28
1500,cerebellum,1940.608398,1.567136533513582,28
1500,cerebellum,1941.580078,1.1491010052906774,28
1500,cerebellum,1942.551758,0.2778924978742505,28
1500,cerebellum,1943.522461,0.16580853880566013,28
1500,cerebellum,1944.494141,0.4283372193291787,28
1500,cerebellum,1945.464844,0.49505109758491567,28
1500,cerebellum,1946.435547,0.6891385110586487,28
1500,cerebellum,1947.40625,1.059679408289862,28
1500,cerebellum,1948.375977,1.6347918375355648,28
1500,cerebellum,1949.34668,0.21642788389459047,28
1500,cerebellum,1950.316406,0.7792555670956409,28
1500,cerebellum,1951.286133,1.0871725344118375,28
1500,cerebellum,1952.254883,0.6955691941531341,28
1500,cerebellum,1953.224609,0.5814964336786663,28
1500,cerebellum,1954.194336,0.14625934820128283,28
1500,cerebellum,1955.163086,0.05581766221460331,28
1500,cerebellum,1956.131836,0.453125581134062,28
1500,cerebellum,1957.100586,1.1168108882097378,28
1500,cerebellum,1958.068359,1.5021450164884882,28
1500,cerebellum,1959.037109,0.4530470939511713,28
1500,cerebellum,1960.004883,0.053881559581996225,28
1500,cerebellum,1960.972656,0.19666047350573498,28
1500,cerebellum,1961.94043,0.2900786652370549,28
1500,cerebellum,1962.908203,0.19274406943827807,28
1500,cerebellum,1963.875977,0.15825183485731356,28
1500,cerebellum,1964.842773,0.03386926266476576,28
1500,cerebellum,1965.80957,0.1863662958735775,28
1500,cerebellum,1966.776367,4.359460718052661,28
1500,cerebellum,1967.743164,1.430959224299655,28
1500,cerebellum,1968.708984,2.0336794115838686,28
1500,cerebellum,1969.675781,3.3489221794989223,28
1500,cerebellum,1970.641602,2.439527466965852,28
1500,cerebellum,1971.607422,3.0352348863507546,28
1500,cerebellum,1972.573242,1.1152304755279496,28
1500,cerebellum,1973.539063,0.1600054126963461,28
1500,cerebellum,1974.503906,0.3281544479109688,28
1500,cerebellum,1975.46875,1.5126764008555513,28
1500,cerebellum,1976.43457,1.6255306099834532,28
1500,cerebellum,1977.398438,0.7114056816233613,28
1500,cerebellum,1978.363281,0.37837834637943496,28
1500,cerebellum,1979.328125,0.8341627612037856,28
1500,cerebellum,1980.291992,0.1357910666837406,28
1500,cerebellum,1981.255859,1.9624183734633172,28
1500,cerebellum,1982.219727,2.3618062157639503,28
1500,cerebellum,1983.183594,3.9178011909770865,28
1500,cerebellum,1984.147461,3.3124016617849095,28
1500,cerebellum,1985.110352,2.5902213555203373,28
1500,cerebellum,1986.073242,2.7377411768200566,28
1500,cerebellum,1987.036133,2.665705921886799,28
1500,cerebellum,1987.999023,0.2749408969783668,28
1500,cerebellum,1988.961914,0.8779963548191567,28
1500,cerebellum,1989.923828,0.8001497079717133,28
1500,cerebellum,1990.886719,0.5643094010094829,28
1500,cerebellum,1991.848633,0.5393179128692204,28
1500,cerebellum,1992.810547,0.23500787722348346,28
1500,cerebellum,1993.771484,0.05152447204353717,28
1500,cerebellum,1994.733398,0.07162187433391783,28
1500,cerebellum,1995.694336,0.6074446801931727,28
1500,cerebellum,1996.655273,1.4429433797797777,28
1500,cerebellum,1997.616211,3.2656147162901648,28
1500,cortex,930.273438,3.301297919165856,54
1500,cortex,931.446289,3.1945929810265095,54
1500,cortex,932.618164,2.7690507551926675,54
1500,cortex,933.790039,2.4728182012130686,54
1500,cortex,934.961914,2.249549070340213,54
1500,cortex,936.133789,2.2401290730120738,54
1500,cortex,937.305664,4.724825795422437,54
1500,cortex,938.476563,9.25585888695252,54
1500,cortex,939.647461,11.626299856049336,54
1500,cortex,940.817383,11.610904800832872,54
1500,cortex,941.988281,12.652510270281596,54
1500,cortex,943.158203,12.000594364940318,54
1500,cortex,944.328125,10.84249990323909,54
1500,cortex,945.498047,11.434603940094595,54
1500,cortex,946.666992,11.574896740591193,54
1500,cortex,947.835938,12.541850588826186,54
1500,cortex,949.004883,12.562106465238061,54
1500,cortex,950.173828,11.14617816871957,54
1500,cortex,951.342773,9.686913910641389,54
1500,cortex,952.510742,8.505896858628365,54
1500,cortex,953.678711,8.159644544573563,54
1500,cortex,954.84668,7.969006772338429,54
1500,cortex,956.013672,8.462261989174074,54
1500,cortex,957.181641,9.793530782294543,54
1500,cortex,958.348633,11.719512918612256,54
1500,cortex,959.514648,13.113094041488537,54
1500,cortex,960.681641,14.695964243803102,54
1500,cortex,961.847656,15.420155271092193,54
1500,cortex,963.013672,14.7712537665301,54
1500,cortex,964.179688,15.337541335247476,54
1500,cortex,965.345703,16.434051677269892,54
1500,cortex,966.510742,18.40591523218992,54
1500,cortex,967.675781,20.818178507052178,54
1500,cortex,968.84082,20.510472979559054,54
1500,cortex,970.004883,22.01798655262281,54
1500,cortex,971.169922,20.371022179293774,54
1500,cortex,972.333984,18.573835525464084,54
1500,cortex,973.498047,20.382574550058404,54
1500,cortex,974.661133,19.163879107074937,54
1500,cortex,975.825195,20.871431025874404,54
1500,cortex,976.988281,19.68443652500293,54
1500,cortex,978.151367,19.66837127659621,54
1500,cortex,979.313477,19.034659454555737,54
1500,cortex,980.476563,16.8226878625173,54
1500,cortex,981.638672,16.69987325989601,54
1500,cortex,982.800781,15.902699933286085,54
1500,cortex,983.961914,13.201275156859618,54
1500,cortex,985.124023,12.128665568800436,54
1500,cortex,986.285156,10.758641371678042,54
1500,cortex,987.446289,7.9761918029637195,54
1500,cortex,988.606445,5.880453613899178,54
1500,cortex,989.767578,3.8834978705577687,54
1500,cortex,990.927734,3.881140952669097,54
1500,cortex,992.087891,2.207683475020436,54
1500,cortex,993.248047,1.2394945487122864,54
1500,cortex,994.407227,0.874592754882207,54
1500,cortex,995.566406,2.0690517288005936,54
1500,cortex,996.725586,5.2270056219220375,54
1500,cortex,997.884766,9.106205431243389,54
1500,cortex,999.042969,11.78893883867724,54
1500,cortex,1000.202148,12.565114203292541,54
1500,cortex,1001.360352,11.956072052962773,54
1500,cortex,1002.517578,10.342114529167533,54
1500,cortex,1003.675781,8.18795496189808,54
1500,cortex,1004.833008,5.4415660229588765,54
1500,cortex,1005.990234,2.4636369807081,54
1500,cortex,1007.147461,0.7567867385403674,54
1500,cortex,1008.303711,0.12792618613112827,54
1500,cortex,1009.459961,0.8073041648791021,54
1500,cortex,1010.616211,8.470320154366169,54
1500,cortex,1011.772461,27.640727539274163,54
1500,cortex,1012.928711,16.07786105608466,54
1500,cortex,1014.083984,12.95627928610755,54
1500,cortex,1015.239258,11.26045456563625,54
1500,cortex,1016.394531,11.564924616200656,54
1500,cortex,1017.548828,2.4073474009786664,54
1500,cortex,1018.704102,1.283522437418132,54
1500,cortex,1019.858398,0.5419401080299732,54
1500,cortex,1021.012695,0.28571190860660683,54
1500,cortex,1022.166016,0.6440906589254419,54
1500,cortex,1023.319336,0.6735460581860115,54
1500,cortex,1024.473633,0.07347034911409706,54
1500,cortex,1025.625977,0.033646515047675254,54
1500,cortex,1026.779297,0.3701573390424834,54
1500,cortex,1027.931641,3.375886506619456,54
1500,cortex,1029.083984,1.7752435213937496,54
1500,cortex,1030.236328,3.9135343742038375,54
1500,cortex,1031.388672,3.99356537691159,54
1500,cortex,1032.540039,7.850103554256457,54
1500,cortex,1033.691406,11.797280793689449,54
1500,cortex,1034.842773,16.344266551129724,54
1500,cortex,1035.994141,17.973427886096875,54
1500,cortex,1037.144531,17.796087013398388,54
1500,cortex,1038.294922,18.771698044138606,54
1500,cortex,1039.445313,18.065103926489577,54
1500,cortex,1040.595703,16.25546687635701,54
1500,cortex,1041.745117,15.157313914476546,54
1500,cortex,1042.895508,14.012142605144613,54
1500,cortex,1044.043945,12.686737399566479,54
1500,cortex,1045.193359,11.301688118003307,54
1500,cortex,1046.342773,9.173897105768877,54
1500,cortex,1047.491211,7.42632783238807,54
1500,cortex,1048.639648,5.865555668003659,54
1500,cortex,1049.787109,4.629023686939809,54
1500,cortex,1050.935547,3.8747825039295116,54
1500,cortex,1052.083008,2.904123910742106,54
1500,cortex,1053.230469,1.7034013827020569,54
1500,cortex,1054.37793,0.6286485087232404,54
1500,cortex,1055.524414,0.3431723647350635,54
1500,cortex,1056.670898,0.47048035783454595,54
1500,cortex,1057.817383,0.681126038303693,54
1500,cortex,1058.963867,0.9280954150734942,54
1500,cortex,1060.110352,1.1378688952199856,54
1500,cortex,1061.255859,1.3505623552874826,54
1500,cortex,1062.401367,1.396041504271516,54
1500,cortex,1063.546875,1.410351374317267,54
1500,cortex,1064.691406,1.2039271757880063,54
1500,cortex,1065.836914,0.7615612303890812,54
1500,cortex,1066.981445,0.19356681985183935,54
1500,cortex,1068.125977,0.4552169011280198,54
1500,cortex,1069.269531,2.9478764485454767,54
1500,cortex,1070.413086,5.264824015932856,54
1500,cortex,1071.556641,6.760579907989004,54
1500,cortex,1072.700195,7.459637847660142,54
1500,cortex,1073.84375,7.629988134946028,54
1500,cortex,1074.986328,7.680980994337612,54
1500,cortex,1076.128906,8.141127951069686,54
1500,cortex,1077.271484,8.836198840095689,54
1500,cortex,1078.414063,9.050592983535777,54
1500,cortex,1079.555664,9.12597564827916,54
1500,cortex,1080.697266,9.763486425504281,54
1500,cortex,1081.838867,9.48136008271113,54
1500,cortex,1082.980469,9.381786482162394,54
1500,cortex,1084.121094,6.494352535423207,54
1500,cortex,1085.261719,4.725122210166441,54
1500,cortex,1086.402344,4.002392098891179,54
1500,cortex,1087.542969,3.1543734309327904,54
1500,cortex,1088.682617,2.196741629909905,54
1500,cortex,1089.823242,2.336593110350554,54
1500,cortex,1090.962891,2.038154211457107,54
1500,cortex,1092.101563,1.635685991539149,54
1500,cortex,1093.241211,1.478917424564724,54
1500,cortex,1094.379883,1.176377436361007,54
1500,cortex,1095.518555,2.112278281314519,54
1500,cortex,1096.657227,5.226884381722178,54
1500,cortex,1097.794922,8.956380602730887,54
1500,cortex,1098.932617,12.435949892051996,54
1500,cortex,1100.070313,15.679039388662508,54
1500,cortex,1101.208008,17.819456094096186,54
1500,cortex,1102.345703,20.29534618904207,54
1500,cortex,1103.482422,21.705045574053887,54
1500,cortex,1104.619141,22.062533525857194,54
1500,cortex,1105.755859,22.50083110677388,54
1500,cortex,1106.891602,20.41884998063535,54
1500,cortex,1108.02832,20.30568910286263,54
1500,cortex,1109.164063,18.217264472785125,54
1500,cortex,1110.299805,16.0123920181175,54
1500,cortex,1111.43457,15.302726844043937,54
1500,cortex,1112.569336,14.764040082408387,54
1500,cortex,1113.705078,14.724988728199323,54
1500,cortex,1114.838867,14.519625557274702,54
1500,cortex,1115.973633,14.64236211778501,54
1500,cortex,1117.107422,14.904050259717053,54
1500,cortex,1118.242188,15.27946527073364,54
1500,cortex,1119.375,16.344734181282195,54
1500,cortex,1120.508789,17.953126334447987,54
1500,cortex,1121.641602,20.14902742098312,54
1500,cortex,1122.775391,24.733876973978216,54
1500,cortex,1123.908203,27.87804492508205,54
1500,cortex,1125.040039,24.05324958779497,54
1500,cortex,1126.172852,16.131282530935767,54
1500,cortex,1127.304688,12.02730525774373,54
1500,cortex,1128.436523,10.320561980881802,54
1500,cortex,1129.568359,9.610664672567053,54
1500,cortex,1130.699219,9.239495632617365,54
1500,cortex,1131.830078,9.261893307236052,54
1500,cortex,1132.960938,8.768189189848547,54
1500,cortex,1134.091797,8.66058917192684,54
1500,cortex,1135.222656,8.444293133627383,54
1500,cortex,1136.352539,9.20406355259054,54
1500,cortex,1137.482422,11.097648361877967,54
1500,cortex,1138.612305,13.419545244629818,54
1500,cortex,1139.741211,13.655040241192303,54
1500,cortex,1140.871094,12.78976361090319,54
1500,cortex,1142.0,11.927744021304921,54
1500,cortex,1143.12793,11.191835063741344,54
1500,cortex,1144.256836,10.646093403488306,54
1500,cortex,1145.384766,10.20975128086788,54
1500,cortex,1146.513672,9.88641798890654,54
1500,cortex,1147.640625,9.613075204882195,54
1500,cortex,1148.768555,9.386954312073438,54
1500,cortex,1149.895508,9.247657719478843,54
1500,cortex,1151.023438,9.045286665993006,54
1500,cortex,1152.149414,8.946467659029588,54
1500,cortex,1153.276367,8.955870297549081,54
1500,cortex,1154.40332,8.974750548763556,54
1500,cortex,1155.529297,8.859142135081372,54
1500,cortex,1156.655273,8.8166051241209,54
1500,cortex,1157.780273,8.722884130002363,54
1500,cortex,1158.90625,8.451512474163573,54
1500,cortex,1160.03125,7.966285316535224,54
1500,cortex,1161.15625,7.329664617862498,54
1500,cortex,1162.28125,6.611570960893957,54
1500,cortex,1163.405273,5.613835223401272,54
1500,cortex,1164.530273,3.9887556985013743,54
1500,cortex,1165.654297,2.548974127357193,54
1500,cortex,1166.777344,1.3545269395754116,54
1500,cortex,1167.901367,0.9139270153693172,54
1500,cortex,1169.024414,0.6757226417034508,54
1500,cortex,1170.147461,0.5712052470360097,54
1500,cortex,1171.270508,0.5241387839353029,54
1500,cortex,1172.393555,0.5294259302840905,54
1500,cortex,1173.515625,0.7368435203445605,54
1500,cortex,1174.637695,1.3274461879478416,54
1500,cortex,1175.759766,2.323613085179879,54
1500,cortex,1176.881836,3.4853041383358137,54
1500,cortex,1178.00293,3.782925075308527,54
1500,cortex,1179.124023,3.7339699490137344,54
1500,cortex,1180.245117,3.3182130528282325,54
1500,cortex,1181.366211,3.12593983984518,54
1500,cortex,1182.487305,3.1871065209108167,54
1500,cortex,1183.607422,3.4466839746704796,54
1500,cortex,1184.727539,2.9440736397661045,54
1500,cortex,1185.84668,2.901576933920603,54
1500,cortex,1186.966797,2.8075602513340225,54
1500,cortex,1188.085938,2.680986707003549,54
1500,cortex,1189.205078,1.8580432546540069,54
1500,cortex,1190.324219,1.4351288595116196,54
1500,cortex,1191.443359,1.5586068929454338,54
1500,cortex,1192.561523,2.522373348639161,54
1500,cortex,1193.679688,3.1495094981249365,54
1500,cortex,1194.797852,2.964194050276877,54
1500,cortex,1195.915039,2.318198568487274,54
1500,cortex,1197.033203,1.5784114157580482,54
1500,cortex,1198.150391,1.3028583518944234,54
1500,cortex,1199.267578,12.628850014838756,54
1500,cortex,1200.383789,16.854911139837217,54
1500,cortex,1201.500977,16.647976892705802,54
1500,cortex,1202.617188,15.752032294116516,54
1500,cortex,1203.733398,15.674073577271585,54
1500,cortex,1204.849609,15.798213932735553,54
1500,cortex,1205.964844,16.345296817039017,54
1500,cortex,1207.080078,17.12161991349584,54
1500,cortex,1208.195313,17.46506626535485,54
1500,cortex,1209.310547,17.676647009924462,54
1500,cortex,1210.425781,18.049230170918243,54
1500,cortex,1211.540039,19.124989614594114,54
1500,cortex,1212.654297,17.53617267061857,54
1500,cortex,1213.768555,16.504871908680798,54
1500,cortex,1214.881836,15.893436692448699,54
1500,cortex,1215.996094,15.899446894554135,54
1500,cortex,1217.109375,15.124939567772438,54
1500,cortex,1218.222656,15.439114030177384,54
1500,cortex,1219.334961,15.82009742727508,54
1500,cortex,1220.448242,15.247857883589077,54
1500,cortex,1221.560547,15.244906775192005,54
1500,cortex,1222.672852,13.927555222578027,54
1500,cortex,1223.78418,12.870094364356188,54
1500,cortex,1224.896484,12.662699257061199,54
1500,cortex,1226.007813,12.305429049323251,54
1500,cortex,1227.119141,12.938640676328468,54
1500,cortex,1228.230469,13.143183862757326,54
1500,cortex,1229.34082,14.718653937852036,54
1500,cortex,1230.451172,14.731659481747085,54
1500,cortex,1231.561523,11.479858200687957,54
1500,cortex,1232.671875,5.070396251668526,54
1500,cortex,1233.782227,1.505744814258983,54
1500,cortex,1234.891602,1.2338096264225598,54
1500,cortex,1236.000977,0.7293279547967315,54
1500,cortex,1237.110352,2.103766875515418,54
1500,cortex,1238.219727,3.0016906173907145,54
1500,cortex,1239.328125,2.340022671654719,54
1500,cortex,1240.436523,3.733954366800061,54
1500,cortex,1241.544922,2.840387302707515,54
1500,cortex,1242.65332,2.514299369970217,54
1500,cortex,1243.760742,3.4536126218209793,54
1500,cortex,1244.868164,2.5710485057913655,54
1500,cortex,1245.975586,2.9540252881230638,54
1500,cortex,1247.083008,2.781905375932086,54
1500,cortex,1248.19043,2.505035665553245,54
1500,cortex,1249.296875,5.664305075796525,54
1500,cortex,1250.40332,8.060683623144975,54
1500,cortex,1251.509766,9.433130289500184,54
1500,cortex,1252.615234,10.360265816000904,54
1500,cortex,1253.72168,10.208411451990436,54
1500,cortex,1254.827148,10.298716608778987,54
1500,cortex,1255.932617,10.217204510914598,54
1500,cortex,1257.037109,10.08321290115047,54
1500,cortex,1258.142578,9.790455954174103,54
1500,cortex,1259.24707,9.491089823951274,54
1500,cortex,1260.351563,9.630922855752187,54
1500,cortex,1261.456055,9.659288751000807,54
1500,cortex,1262.55957,9.61944039317596,54
1500,cortex,1263.663086,9.588644281953846,54
1500,cortex,1264.766602,9.685929399202122,54
1500,cortex,1265.870117,9.758121590769651,54
1500,cortex,1266.973633,9.941288237227774,54
1500,cortex,1268.076172,10.151385386600289,54
1500,cortex,1269.178711,10.675230099690939,54
1500,cortex,1270.28125,11.191366455203555,54
1500,cortex,1271.382813,11.473369949703727,54
1500,cortex,1272.485352,11.75705915293601,54
1500,cortex,1273.586914,11.7548718970347,54
1500,cortex,1274.688477,11.685596397456367,54
1500,cortex,1275.790039,11.886948031588764,54
1500,cortex,1276.890625,11.877108982522536,54
1500,cortex,1277.991211,11.905530029065117,54
1500,cortex,1279.091797,12.172050390615796,54
1500,cortex,1280.192383,12.73088981643056,54
1500,cortex,1281.291992,13.224229351715175,54
1500,cortex,1282.392578,13.696563612014506,54
1500,cortex,1283.492188,14.917940246570812,54
1500,cortex,1284.591797,15.841164780641273,54
1500,cortex,1285.69043,16.285700966289564,54
1500,cortex,1286.790039,18.184873327407548,54
1500,cortex,1287.888672,21.676316344265164,54
1500,cortex,1288.987305,11.85693856125378,54
1500,cortex,1290.084961,7.416432369690265,54
1500,cortex,1291.183594,6.182025938366053,54
1500,cortex,1292.28125,5.551337431690871,54
1500,cortex,1293.378906,5.496897621940599,54
1500,cortex,1294.476563,5.622406779125016,54
1500,cortex,1295.573242,5.6602528161637435,54
1500,cortex,1296.669922,5.395898847247968,54
1500,cortex,1297.766602,5.020557050859975,54
1500,cortex,1298.863281,6.086906457416831,54
1500,cortex,1299.959961,12.01513707929144,54
1500,cortex,1301.055664,18.108180009866164,54
1500,cortex,1302.151367,17.967101852370078,54
1500,cortex,1303.24707,16.919031778150792,54
1500,cortex,1304.342773,15.678388470152488,54
1500,cortex,1305.4375,14.084502028115528,54
1500,cortex,1306.533203,12.264063761401431,54
1500,cortex,1307.62793,10.81370629275041,54
1500,cortex,1308.72168,10.063391004334623,54
1500,cortex,1309.816406,8.8721483881468,54
1500,cortex,1310.910156,8.328489942584536,54
1500,cortex,1312.003906,8.228179182822913,54
1500,cortex,1313.097656,7.848076528495468,54
1500,cortex,1314.191406,7.635243835083834,54
1500,cortex,1315.28418,7.418262137858123,54
1500,cortex,1316.376953,7.369808233459269,54
1500,cortex,1317.469727,7.212952666316858,54
1500,cortex,1318.5625,6.5244576856757215,54
1500,cortex,1319.654297,6.2068655269302,54
1500,cortex,1320.746094,5.219041515624658,54
1500,cortex,1321.837891,4.87944735010208,54
1500,cortex,1322.929688,4.503522682369605,54
1500,cortex,1324.021484,3.9036683469424154,54
1500,cortex,1325.112305,3.989260325804697,54
1500,cortex,1326.203125,4.231931927004975,54
1500,cortex,1327.293945,4.273062366364229,54
1500,cortex,1328.384766,3.402386689716063,54
1500,cortex,1329.474609,2.6305308834888472,54
1500,cortex,1330.564453,2.5234038785467665,54
1500,cortex,1331.654297,2.507417041057963,54
1500,cortex,1332.744141,3.11937305191811,54
1500,cortex,1333.833008,3.0268385410621494,54
1500,cortex,1334.921875,3.5239933001416346,54
1500,cortex,1336.011719,4.537710369723222,54
1500,cortex,1337.099609,4.573014775414547,54
1500,cortex,1338.188477,4.432582617714491,54
1500,cortex,1339.276367,10.203507508059834,54
1500,cortex,1340.364258,14.818075236853328,54
1500,cortex,1341.452148,15.71983278092053,54
1500,cortex,1342.540039,15.74325415784462,54
1500,cortex,1343.626953,11.907914422171302,54
1500,cortex,1344.714844,6.310000526349625,54
1500,cortex,1345.801758,3.6688844842337303,54
1500,cortex,1346.887695,3.018595494947215,54
1500,cortex,1347.974609,0.829416133962155,54
1500,cortex,1349.060547,0.600518394875566,54
1500,cortex,1350.146484,3.7606025191333576,54
1500,cortex,1351.232422,6.224674556988044,54
1500,cortex,1352.318359,10.372376502129413,54
1500,cortex,1353.40332,15.001613487612271,54
1500,cortex,1354.488281,16.869022960920482,54
1500,cortex,1355.573242,17.3041190104018,54
1500,cortex,1356.658203,16.327696199005135,54
1500,cortex,1357.742188,14.985467253661138,54
1500,cortex,1358.827148,14.378701638314869,54
1500,cortex,1359.911133,13.605266711517325,54
1500,cortex,1360.995117,12.748235284202467,54
1500,cortex,1362.078125,11.212446138706428,54
1500,cortex,1363.161133,9.511027618563768,54
1500,cortex,1364.245117,7.564236443085631,54
1500,cortex,1365.328125,5.383889910527953,54
1500,cortex,1366.410156,3.554718379911036,54
1500,cortex,1367.493164,2.7836007710689676,54
1500,cortex,1368.575195,3.000165541817594,54
1500,cortex,1369.657227,2.808711705293656,54
1500,cortex,1370.739258,3.079454597011439,54
1500,cortex,1371.820313,4.671707651741491,54
1500,cortex,1372.902344,6.810390240951398,54
1500,cortex,1373.983398,9.27198042899182,54
1500,cortex,1375.064453,10.73422065575905,54
1500,cortex,1376.144531,11.8178809216674,54
1500,cortex,1377.225586,12.631896734702108,54
1500,cortex,1378.305664,13.241133183513186,54
1500,cortex,1379.385742,13.167412346235595,54
1500,cortex,1380.46582,13.3195549341118,54
1500,cortex,1381.544922,15.328649174236698,54
1500,cortex,1382.625,17.080956804529983,54
1500,cortex,1383.704102,19.962781801538096,54
1500,cortex,1384.783203,22.849368913916425,54
1500,cortex,1385.861328,24.188018205543788,54
1500,cortex,1386.94043,24.34364660750254,54
1500,cortex,1388.018555,27.803438276398047,54
1500,cortex,1389.09668,23.858278896636232,54
1500,cortex,1390.174805,15.44586405897005,54
1500,cortex,1391.251953,3.091931119239608,54
1500,cortex,1392.329102,1.2778647382673176,54
1500,cortex,1393.407227,6.3476320216750395,54
1500,cortex,1394.483398,8.843763559011517,54
1500,cortex,1395.560547,14.305420955738237,54
1500,cortex,1396.636719,17.994394677117146,54
1500,cortex,1397.713867,15.94737693707563,54
1500,cortex,1398.790039,16.83946832065488,54
1500,cortex,1399.865234,11.928976399134278,54
1500,cortex,1400.941406,1.8693893554659364,54
1500,cortex,1402.016602,1.8694612700710336,54
1500,cortex,1403.091797,2.1925041924434185,54
1500,cortex,1404.166992,1.8219529776611854,54
1500,cortex,1405.242188,2.1126249695673622,54
1500,cortex,1406.316406,1.0294526148556873,54
1500,cortex,1407.390625,2.123251133217906,54
1500,cortex,1408.464844,3.5035605603232747,54
1500,cortex,1409.539063,3.1183014652405356,54
1500,cortex,1410.613281,2.5476701613370887,54
1500,cortex,1411.686523,2.284357432842383,54
1500,cortex,1412.759766,2.554037976029927,54
1500,cortex,1413.833008,2.9208881425853233,54
1500,cortex,1414.90625,2.9062484191719764,54
1500,cortex,1415.978516,3.0174160763631637,54
1500,cortex,1417.050781,3.0304582192753653,54
1500,cortex,1418.123047,3.1444092882812376,54
1500,cortex,1419.195313,3.0565465375401475,54
1500,cortex,1420.266602,2.9033965157857375,54
1500,cortex,1421.338867,2.8526361622966,54
1500,cortex,1422.410156,3.6632121668351556,54
1500,cortex,1423.481445,4.8889497570727,54
1500,cortex,1424.551758,5.063735264697383,54
1500,cortex,1425.623047,4.109831081818258,54
1500,cortex,1426.693359,3.159064550228425,54
1500,cortex,1427.763672,2.3895499565925222,54
1500,cortex,1428.833984,2.7773781544559584,54
1500,cortex,1429.90332,4.023125538379063,54
1500,cortex,1430.973633,4.750721417426251,54
1500,cortex,1432.042969,4.38962491807539,54
1500,cortex,1433.112305,4.581879275174761,54
1500,cortex,1434.180664,6.021578537779269,54
1500,cortex,1435.25,8.337583519881939,54
1500,cortex,1436.318359,11.194263395688496,54
1500,cortex,1437.386719,13.848947774404634,54
1500,cortex,1438.455078,14.833302898851118,54
1500,cortex,1439.523438,14.544539406188074,54
1500,cortex,1440.59082,13.372458533856683,54
1500,cortex,1441.658203,11.453438789686878,54
1500,cortex,1442.725586,9.879923563095785,54
1500,cortex,1443.792969,9.743952311096713,54
1500,cortex,1444.859375,11.258389230793878,54
1500,cortex,1445.925781,13.520625834905417,54
1500,cortex,1446.992188,16.74610880573946,54
1500,cortex,1448.058594,18.54074857475648,54
1500,cortex,1449.125,18.250127406794547,54
1500,cortex,1450.19043,17.23401390166878,54
1500,cortex,1451.255859,15.88554205884127,54
1500,cortex,1452.321289,13.668056775358833,54
1500,cortex,1453.386719,12.617517406117086,54
1500,cortex,1454.452148,10.871866694266673,54
1500,cortex,1455.516602,10.049732755888424,54
1500,cortex,1456.581055,9.71715379103029,54
1500,cortex,1457.645508,11.269097954559408,54
1500,cortex,1458.709961,12.543591190108106,54
1500,cortex,1459.773438,12.507376104373888,54
1500,cortex,1460.836914,12.963407042371085,54
1500,cortex,1461.900391,13.647044405057505,54
1500,cortex,1462.963867,13.949899594434,54
1500,cortex,1464.027344,13.858334476245073,54
1500,cortex,1465.089844,13.811048766817354,54
1500,cortex,1466.152344,14.108645126709238,54
1500,cortex,1467.214844,13.802827487511612,54
1500,cortex,1468.277344,14.960370995036627,54
1500,cortex,1469.338867,16.237195514347224,54
1500,cortex,1470.401367,17.374912771750942,54
1500,cortex,1471.462891,18.38983568352811,54
1500,cortex,1472.523438,21.67944570674502,54
1500,cortex,1473.584961,25.18174547641882,54
1500,cortex,1474.645508,28.914173675246673,54
1500,cortex,1475.707031,31.455141917348083,54
1500,cortex,1476.767578,32.84042503605324,54
1500,cortex,1477.827148,33.04061437973095,54
1500,cortex,1478.887695,32.56367483045919,54
1500,cortex,1479.947266,32.47438771771514,54
1500,cortex,1481.006836,31.350169690949155,54
1500,cortex,1482.066406,29.491937042297526,54
1500,cortex,1483.125977,28.972224430375686,54
1500,cortex,1484.18457,27.332372483953737,54
1500,cortex,1485.244141,33.570817470870935,54
1500,cortex,1486.302734,32.03019587133205,54
1500,cortex,1487.360352,28.752028646637775,54
1500,cortex,1488.418945,26.326417290657293,54
1500,cortex,1489.476563,24.96840369427097,54
1500,cortex,1490.535156,24.89886387095557,54
1500,cortex,1491.592773,26.76875655317427,54
1500,cortex,1492.649414,28.95751736133615,54
1500,cortex,1493.707031,26.442999704362713,54
1500,cortex,1494.763672,21.923969101730496,54
1500,cortex,1495.820313,22.687414778428938,54
1500,cortex,1496.876953,18.797408487641686,54
1500,cortex,1497.933594,16.523208882450028,54
1500,cortex,1498.989258,31.59156634921729,54
1500,cortex,1500.044922,34.042703591125026,54
1500,cortex,1501.100586,33.234107862465116,54
1500,cortex,1502.15625,28.612527025720926,54
1500,cortex,1503.211914,23.66298464252389,54
1500,cortex,1504.266602,22.31063435827342,54
1500,cortex,1505.321289,20.480044272021587,54
1500,cortex,1506.375977,18.542187866972093,54
1500,cortex,1507.430664,18.036226181481634,54
1500,cortex,1508.485352,16.936341687421635,54
1500,cortex,1509.539063,16.702175255327532,54
1500,cortex,1510.592773,19.23563412903736,54
1500,cortex,1511.646484,23.903294045010586,54
1500,cortex,1512.700195,29.160517131626495,54
1500,cortex,1513.75293,15.3455990557095,54
1500,cortex,1514.805664,0.24544639438455007,54
1500,cortex,1515.858398,0.4524050881703434,54
1500,cortex,1516.911133,2.371380050606921,54
1500,cortex,1517.963867,14.921533622091744,54
1500,cortex,1519.015625,17.636951407332827,54
1500,cortex,1520.068359,20.517390124522187,54
1500,cortex,1521.120117,27.880599378108034,54
1500,cortex,1522.170898,29.43249672969561,54
1500,cortex,1523.222656,26.924682802204032,54
1500,cortex,1524.273438,23.107706573214447,54
1500,cortex,1525.324219,21.392660661804104,54
1500,cortex,1526.375,20.774027739390387,54
1500,cortex,1527.425781,18.48365845840295,54
1500,cortex,1528.475586,16.999735942916438,54
1500,cortex,1529.526367,15.796186808867233,54
1500,cortex,1530.576172,15.443789758738374,54
1500,cortex,1531.625977,16.654519970385174,54
1500,cortex,1532.674805,17.3307921454265,54
1500,cortex,1533.724609,17.881672382082247,54
1500,cortex,1534.773438,19.402402390387532,54
1500,cortex,1535.822266,19.638278679281864,54
1500,cortex,1536.871094,19.42308992936908,54
1500,cortex,1537.918945,8.03166884724286,54
1500,cortex,1538.967773,2.403134373879318,54
1500,cortex,1540.015625,4.039313866950374,54
1500,cortex,1541.063477,4.904340424370625,54
1500,cortex,1542.111328,5.165732285321794,54
1500,cortex,1543.158203,5.180928633653701,54
1500,cortex,1544.206055,4.802951763582731,54
1500,cortex,1545.25293,4.783168555418618,54
1500,cortex,1546.299805,5.508303868586605,54
1500,cortex,1547.345703,4.100937140019616,54
1500,cortex,1548.392578,6.2796019953888695,54
1500,cortex,1549.438477,11.471963731524077,54
1500,cortex,1550.484375,14.282762571904724,54
1500,cortex,1551.530273,16.474277118583306,54
1500,cortex,1552.576172,17.15413853049382,54
1500,cortex,1553.621094,16.87041265109845,54
1500,cortex,1554.666016,16.831009058848892,54
1500,cortex,1555.710938,16.939725605549516,54
1500,cortex,1556.755859,15.152107231739883,54
1500,cortex,1557.800781,13.012269379468389,54
1500,cortex,1558.844727,10.057692067552786,54
1500,cortex,1559.889648,7.369012775202686,54
1500,cortex,1560.933594,8.865773445327887,54
1500,cortex,1561.976563,12.039751994506164,54
1500,cortex,1563.020508,14.253661257379639,54
1500,cortex,1564.063477,12.353173189414338,54
1500,cortex,1565.106445,11.650752578581912,54
1500,cortex,1566.149414,13.464282164593703,54
1500,cortex,1567.192383,15.089319727893276,54
1500,cortex,1568.235352,15.623287020838111,54
1500,cortex,1569.277344,15.872903017700416,54
1500,cortex,1570.319336,15.604490876461712,54
1500,cortex,1571.361328,17.491395183777282,54
1500,cortex,1572.40332,16.665401982692607,54
1500,cortex,1573.444336,13.72366705944949,54
1500,cortex,1574.485352,11.807438776042977,54
1500,cortex,1575.526367,5.832375500713984,54
1500,cortex,1576.567383,3.4281673862213347,54
1500,cortex,1577.608398,3.2123014231171303,54
1500,cortex,1578.648438,5.151845065515298,54
1500,cortex,1579.689453,5.007666274956115,54
1500,cortex,1580.729492,6.5646091294437205,54
1500,cortex,1581.768555,5.031775485713217,54
1500,cortex,1582.808594,1.193114280038823,54
1500,cortex,1583.848633,3.9572550826468196,54
1500,cortex,1584.887695,10.25584846655769,54
1500,cortex,1585.926758,13.860568790556044,54
1500,cortex,1586.96582,18.07962867601833,54
1500,cortex,1588.003906,19.046901045155426,54
1500,cortex,1589.041992,18.3934240098733,54
1500,cortex,1590.081055,19.310933315925652,54
1500,cortex,1591.119141,19.78206581758441,54
1500,cortex,1592.15625,15.798437001815353,54
1500,cortex,1593.194336,10.436434715940345,54
1500,cortex,1594.231445,8.145356287435872,54
1500,cortex,1595.268555,6.171902253358292,54
1500,cortex,1596.305664,5.512164821010239,54
1500,cortex,1597.342773,10.41659322083166,54
1500,cortex,1598.379883,12.696459083521628,54
1500,cortex,1599.416016,12.074516737895694,54
1500,cortex,1600.452148,8.241506357419638,54
1500,cortex,1601.488281,7.4518945229162625,54
1500,cortex,1602.524414,10.086344849072152,54
1500,cortex,1603.55957,14.343380383836495,54
1500,cortex,1604.594727,15.66452920081498,54
1500,cortex,1605.630859,12.105789200531902,54
1500,cortex,1606.665039,1.9059960427291656,54
1500,cortex,1607.700195,0.08401424401952315,54
1500,cortex,1608.735352,2.2041701000485054,54
1500,cortex,1609.769531,5.758585719727332,54
1500,cortex,1610.803711,6.993521440364182,54
1500,cortex,1611.837891,5.174940889968854,54
1500,cortex,1612.871094,4.198188480967936,54
1500,cortex,1613.905273,2.475957630716119,54
1500,cortex,1614.938477,2.3989679180270276,54
1500,cortex,1615.97168,1.9071368563120912,54
1500,cortex,1617.004883,14.039580382022711,54
1500,cortex,1618.038086,18.23265426901317,54
1500,cortex,1619.070313,18.0831798742926,54
1500,cortex,1620.102539,13.074909886980134,54
1500,cortex,1621.134766,5.827588328708633,54
1500,cortex,1622.166992,4.400511485154263,54
1500,cortex,1623.199219,3.419678225517473,54
1500,cortex,1624.230469,5.34649194705944,54
1500,cortex,1625.261719,5.892564601992886,54
1500,cortex,1626.292969,4.908712389162945,54
1500,cortex,1627.324219,8.37025806678365,54
1500,cortex,1628.355469,7.72457330373365,54
1500,cortex,1629.385742,6.629902398769773,54
1500,cortex,1630.416016,7.457625616174497,54
1500,cortex,1631.446289,10.201568814877886,54
1500,cortex,1632.476563,11.555315219405504,54
1500,cortex,1633.506836,9.442367417403895,54
1500,cortex,1634.536133,10.462901085601441,54
1500,cortex,1635.56543,9.694981358625672,54
1500,cortex,1636.594727,7.061111388951026,54
1500,cortex,1637.624023,6.333687780793931,54
1500,cortex,1638.652344,1.0682059421668804,54
1500,cortex,1639.681641,1.8424555917215164,54
1500,cortex,1640.709961,1.96271497509546,54
1500,cortex,1641.738281,2.242512807940515,54
1500,cortex,1642.766602,2.1229066746910124,54
1500,cortex,1643.793945,1.8757675137219132,54
1500,cortex,1644.822266,2.7448475873813476,54
1500,cortex,1645.849609,3.6217482380968367,54
1500,cortex,1646.876953,2.943329756424145,54
1500,cortex,1647.90332,4.139842325631102,54
1500,cortex,1648.930664,3.6022414651911254,54
1500,cortex,1649.957031,5.6420299665664775,54
1500,cortex,1650.983398,6.527830119907016,54
1500,cortex,1652.009766,6.423552793768435,54
1500,cortex,1653.036133,6.084712921554741,54
1500,cortex,1654.0625,6.134899597841005,54
1500,cortex,1655.087891,6.290850102373956,54
1500,cortex,1656.113281,4.619840925966996,54
1500,cortex,1657.138672,3.572945546167268,54
1500,cortex,1658.164063,3.374352212636282,54
1500,cortex,1659.188477,3.016305294746831,54
1500,cortex,1660.213867,3.2381132589249324,54
1500,cortex,1661.238281,3.305801562722154,54
1500,cortex,1662.262695,3.1982388227953615,54
1500,cortex,1663.286133,3.15819508589243,54
1500,cortex,1664.310547,3.645482072783326,54
1500,cortex,1665.333984,4.78866517699314,54
1500,cortex,1666.357422,5.050224539928484,54
1500,cortex,1667.380859,5.8045253783395845,54
1500,cortex,1668.404297,5.733944975778449,54
1500,cortex,1669.426758,5.318907704332762,54
1500,cortex,1670.450195,4.861332682614773,54
1500,cortex,1671.472656,3.780430342988505,54
1500,cortex,1672.495117,4.734662685584326,54
1500,cortex,1673.517578,6.864534911335547,54
1500,cortex,1674.539063,8.819809954903699,54
1500,cortex,1675.560547,10.31208363184289,54
1500,cortex,1676.582031,11.358815585092161,54
1500,cortex,1677.603516,11.269529366187111,54
1500,cortex,1678.625,10.795137696086185,54
1500,cortex,1679.646484,10.454200396606508,54
1500,cortex,1680.666992,10.639843187731968,54
1500,cortex,1681.6875,10.162755283182843,54
1500,cortex,1682.708008,9.255589028851421,54
1500,cortex,1683.728516,8.54105581902585,54
1500,cortex,1684.748047,4.480568182305772,54
1500,cortex,1685.768555,0.6212768365449928,54
1500,cortex,1686.788086,0.1379655593758557,54
1500,cortex,1687.807617,0.06512457680720865,54
1500,cortex,1688.826172,0.7264457372283388,54
1500,cortex,1689.845703,3.025585060807705,54
1500,cortex,1690.864258,6.75756696596346,54
1500,cortex,1691.882813,9.477044041751894,54
1500,cortex,1692.901367,14.40233814807558,54
1500,cortex,1693.919922,15.7179757101603,54
1500,cortex,1694.938477,15.03347821560204,54
1500,cortex,1695.956055,14.028725568560045,54
1500,cortex,1696.973633,12.923822957366527,54
1500,cortex,1697.991211,12.663251548711226,54
1500,cortex,1699.008789,12.214174992898387,54
1500,cortex,1700.025391,12.19380411753753,54
1500,cortex,1701.042969,12.035285764665721,54
1500,cortex,1702.05957,13.904384300422379,54
1500,cortex,1703.076172,19.28242314160976,54
1500,cortex,1704.091797,19.284562321015088,54
1500,cortex,1705.108398,18.742588224878794,54
1500,cortex,1706.124023,21.837326914127203,54
1500,cortex,1707.139648,22.006493329505084,54
1500,cortex,1708.155273,22.07987438160057,54
1500,cortex,1709.170898,20.459663475042436,54
1500,cortex,1710.186523,21.09429558087193,54
1500,cortex,1711.201172,16.138090771094717,54
1500,cortex,1712.21582,9.194309043138187,54
1500,cortex,1713.230469,4.884393132705285,54
1500,cortex,1714.245117,4.916263125583264,54
1500,cortex,1715.259766,6.008064282099545,54
1500,cortex,1716.273438,5.879714993501619,54
1500,cortex,1717.287109,6.24419045925618,54
1500,cortex,1718.300781,11.925505920416745,54
1500,cortex,1719.314453,14.398181698704303,54
1500,cortex,1720.328125,16.404021204332107,54
1500,cortex,1721.34082,15.616718539727632,54
1500,cortex,1722.353516,16.04218695767219,54
1500,cortex,1723.366211,16.401130429227937,54
1500,cortex,1724.378906,16.62942665249101,54
1500,cortex,1725.391602,13.89977533712103,54
1500,cortex,1726.40332,13.913712168160993,54
1500,cortex,1727.415039,18.3234498938481,54
1500,cortex,1728.426758,18.664384460383015,54
1500,cortex,1729.438477,18.13614734232064,54
1500,cortex,1730.450195,18.485548790315285,54
1500,cortex,1731.460938,17.662756549944973,54
1500,cortex,1732.47168,17.830848825164228,54
1500,cortex,1733.482422,19.424988231888936,54
1500,cortex,1734.493164,26.829391543536122,54
1500,cortex,1735.503906,23.196780168407795,54
1500,cortex,1736.513672,16.605642320496248,54
1500,cortex,1737.523438,22.898738684332585,54
1500,cortex,1738.53418,16.853776589796958,54
1500,cortex,1739.542969,22.04019480391566,54
1500,cortex,1740.552734,20.767639563340367,54
1500,cortex,1741.5625,17.944992019313826,54
1500,cortex,1742.571289,17.253241000011176,54
1500,cortex,1743.580078,14.773129401772609,54
1500,cortex,1744.588867,14.655429996793991,54
1500,cortex,1745.59668,15.198338007494739,54
1500,cortex,1746.605469,14.278498945276187,54
1500,cortex,1747.613281,13.400739846860045,54
1500,cortex,1748.621094,14.370586799489201,54
1500,cortex,1749.628906,15.655900659630033,54
1500,cortex,1750.636719,16.097893225957357,54
1500,cortex,1751.643555,18.633011752653548,54
1500,cortex,1752.651367,12.35916600608896,54
1500,cortex,1753.658203,1.9568061890993405,54
1500,cortex,1754.665039,2.8024888357876954,54
1500,cortex,1755.671875,3.5169941618541225,54
1500,cortex,1756.677734,5.337970895317176,54
1500,cortex,1757.683594,5.767541201942734,54
1500,cortex,1758.69043,6.512182636192322,54
1500,cortex,1759.696289,4.468542430379105,54
1500,cortex,1760.701172,3.884249660169765,54
1500,cortex,1761.707031,2.2761239307809267,54
1500,cortex,1762.711914,1.3437282827813208,54
1500,cortex,1763.716797,2.4888703691421674,54
1500,cortex,1764.72168,2.6778714654943045,54
1500,cortex,1765.726563,2.375937037003838,54
1500,cortex,1766.731445,4.03844729787132,54
1500,cortex,1767.735352,4.4416448720295145,54
1500,cortex,1768.739258,7.008575305395888,54
1500,cortex,1769.743164,5.607210250204665,54
1500,cortex,1770.74707,6.583107972671953,54
1500,cortex,1771.750977,7.215510497085847,54
1500,cortex,1772.753906,4.933906532681288,54
1500,cortex,1773.757813,2.009535951501136,54
1500,cortex,1774.760742,1.3561247192793915,54
1500,cortex,1775.763672,1.6903600092176374,54
1500,cortex,1776.765625,4.698020064722757,54
1500,cortex,1777.768555,8.607009626547896,54
1500,cortex,1778.770508,7.292558302780503,54
1500,cortex,1779.772461,8.50265390958608,54
1500,cortex,1780.774414,5.451763197671768,54
1500,cortex,1781.776367,7.836389836314566,54
1500,cortex,1782.777344,8.780228165819702,54
1500,cortex,1783.77832,9.208027149395399,54
1500,cortex,1784.779297,10.321038963207592,54
1500,cortex,1785.780273,9.682433124422817,54
1500,cortex,1786.78125,8.790333484693688,54
1500,cortex,1787.782227,7.99928945369448,54
1500,cortex,1788.782227,7.1879692493882335,54
1500,cortex,1789.782227,5.701784789277711,54
1500,cortex,1790.782227,3.657299950010485,54
1500,cortex,1791.782227,3.7451568503418744,54
1500,cortex,1792.78125,3.816660740209783,54
1500,cortex,1793.78125,2.4105954024423233,54
1500,cortex,1794.780273,3.922726852283425,54
1500,cortex,1795.779297,1.8232515684855168,54
1500,cortex,1796.77832,2.0214981722392396,54
1500,cortex,1797.776367,5.4081550949601,54
1500,cortex,1798.775391,11.656731418051006,54
1500,cortex,1799.773438,15.965802243668799,54
1500,cortex,1800.771484,17.96920762053767,54
1500,cortex,1801.769531,18.268179819472117,54
1500,cortex,1802.767578,17.8629860207893,54
1500,cortex,1803.764648,17.69095165224165,54
1500,cortex,1804.761719,17.723463884090354,54
1500,cortex,1805.758789,16.68031461514692,54
1500,cortex,1806.755859,17.775047680488395,54
1500,cortex,1807.75293,19.206785358812326,54
1500,cortex,1808.749023,18.89766986661409,54
1500,cortex,1809.746094,16.28363600034717,54
1500,cortex,1810.742188,7.186116290797721,54
1500,cortex,1811.738281,1.2533240674190302,54
1500,cortex,1812.733398,1.6538301436867495,54
1500,cortex,1813.729492,1.935872575167552,54
1500,cortex,1814.724609,3.4667147473400295,54
1500,cortex,1815.719727,9.916309571928746,54
1500,cortex,1816.714844,13.586920723090705,54
1500,cortex,1817.709961,17.402094444947757,54
1500,cortex,1818.705078,18.475122286517983,54
1500,cortex,1819.699219,18.63595414645395,54
1500,cortex,1820.693359,19.405645742791386,54
1500,cortex,1821.6875,20.15740025886342,54
1500,cortex,1822.681641,17.329465960071865,54
1500,cortex,1823.675781,15.719539181075005,54
1500,cortex,1824.668945,14.199890894199074,54
1500,cortex,1825.662109,8.817302558799286,54
1500,cortex,1826.655273,6.05908125974356,54
1500,cortex,1827.648438,8.239934955204264,54
1500,cortex,1828.641602,8.589084879312159,54
1500,cortex,1829.633789,8.631216227200492,54
1500,cortex,1830.626953,9.066788525336394,54
1500,cortex,1831.619141,11.434705316701635,54
1500,cortex,1832.611328,13.09502898077172,54
1500,cortex,1833.602539,16.57019553314462,54
1500,cortex,1834.594727,17.479401190498226,54
1500,cortex,1835.585938,16.221544654374668,54
1500,cortex,1836.577148,15.963202415672646,54
1500,cortex,1837.568359,13.743469152437244,54
1500,cortex,1838.55957,4.800830038550315,54
1500,cortex,1839.550781,2.383798607144085,54
1500,cortex,1840.541016,3.5339332659633627,54
1500,cortex,1841.53125,4.642152265337257,54
1500,cortex,1842.521484,6.890576803720521,54
1500,cortex,1843.511719,3.9968236364204865,54
1500,cortex,1844.501953,5.368778501797587,54
1500,cortex,1845.491211,7.413980611968421,54
1500,cortex,1846.480469,7.116395322941635,54
1500,cortex,1847.469727,11.853786682180429,54
1500,cortex,1848.458984,13.31465953780976,54
1500,cortex,1849.448242,15.531395387755616,54
1500,cortex,1850.436523,17.97813618378731,54
1500,cortex,1851.424805,21.054772038007943,54
1500,cortex,1852.413086,19.940656594991516,54
1500,cortex,1853.401367,19.20573306144757,54
1500,cortex,1854.389648,18.002461449689406,54
1500,cortex,1855.37793,13.034515477759216,54
1500,cortex,1856.365234,12.134992830417644,54
1500,cortex,1857.352539,14.34659560021212,54
1500,cortex,1858.339844,14.861516708059709,54
1500,cortex,1859.327148,14.8839748143385,54
1500,cortex,1860.313477,14.90224550619022,54
1500,cortex,1861.300781,17.000368609990964,54
1500,cortex,1862.287109,16.941210358567577,54
1500,cortex,1863.273438,17.612578201978163,54
1500,cortex,1864.259766,20.551011841028433,54
1500,cortex,1865.245117,20.009391657880467,54
1500,cortex,1866.231445,21.471992589860715,54
1500,cortex,1867.216797,27.410984959484136,54
1500,cortex,1868.202148,9.387061409927119,54
1500,cortex,1869.1875,6.340230952867553,54
1500,cortex,1870.171875,3.6289023795333795,54
1500,cortex,1871.157227,5.411774796666389,54
1500,cortex,1872.141602,4.985106190445253,54
1500,cortex,1873.125977,8.49747610405569,54
1500,cortex,1874.110352,6.519776281883432,54
1500,cortex,1875.094727,10.52922836806548,54
1500,cortex,1876.078125,14.746310545349303,54
1500,cortex,1877.0625,16.97180654949338,54
1500,cortex,1878.045898,18.832929938941376,54
1500,cortex,1879.029297,20.73848601908476,54
1500,cortex,1880.012695,21.544850564494634,54
1500,cortex,1880.995117,20.271230894488276,54
1500,cortex,1881.978516,17.366395085338993,54
1500,cortex,1882.960938,16.09882846259496,54
1500,cortex,1883.943359,15.870352873562858,54
1500,cortex,1884.925781,13.522663386705727,54
1500,cortex,1885.907227,11.968322501978763,54
1500,cortex,1886.889648,5.882776286139167,54
1500,cortex,1887.871094,2.0691159989349477,54
1500,cortex,1888.852539,4.581101078493491,54
1500,cortex,1889.833984,6.000385710121439,54
1500,cortex,1890.81543,6.014038166358915,54
1500,cortex,1891.795898,4.499198853115639,54
1500,cortex,1892.776367,2.1880789275098333,54
1500,cortex,1893.757813,1.8620364231105353,54
1500,cortex,1894.738281,1.0632697371869697,54
1500,cortex,1895.717773,0.8925112766069241,54
1500,cortex,1896.698242,0.49255325752069906,54
1500,cortex,1897.677734,1.836432506850599,54
1500,cortex,1898.657227,0.9050865428972423,54
1500,cortex,1899.636719,2.33057066301877,54
1500,cortex,1900.616211,9.887269146084328,54
1500,cortex,1901.595703,16.52542286707707,54
1500,cortex,1902.574219,14.279849600788404,54
1500,cortex,1903.552734,11.73637023183497,54
1500,cortex,1904.53125,9.754748665294443,54
1500,cortex,1905.509766,7.480861201611987,54
1500,cortex,1906.488281,1.848553287911268,54
1500,cortex,1907.46582,2.0890387432029165,54
1500,cortex,1908.444336,3.8826530211599413,54
1500,cortex,1909.421875,6.150316393702602,54
1500,cortex,1910.399414,8.511792015694532,54
1500,cortex,1911.375977,7.388384858133498,54
1500,cortex,1912.353516,7.700860698498684,54
1500,cortex,1913.330078,7.487455825886783,54
1500,cortex,1914.306641,6.900601418059621,54
1500,cortex,1915.283203,6.197044233068102,54
1500,cortex,1916.259766,6.1516295892141715,54
1500,cortex,1917.236328,5.374242859843445,54
1500,cortex,1918.211914,3.35794367371053,54
1500,cortex,1919.1875,2.303830113924706,54
1500,cortex,1920.163086,3.14680763425212,54
1500,cortex,1921.138672,9.266092642852488,54
1500,cortex,1922.114258,7.195188255228981,54
1500,cortex,1923.088867,2.77701197658659,54
1500,cortex,1924.064453,1.2555727298969037,54
1500,cortex,1925.039063,1.3288155086128788,54
1500,cortex,1926.013672,2.8982128020627678,54
1500,cortex,1926.987305,5.300187305678077,54
1500,cortex,1927.961914,5.272978249835277,54
1500,cortex,1928.935547,4.398846433381018,54
1500,cortex,1929.90918,1.892990359864106,54
1500,cortex,1930.882813,7.516860086007262,54
1500,cortex,1931.856445,11.151142472099014,54
1500,cortex,1932.830078,14.506699462225038,54
1500,cortex,1933.802734,14.116072198058406,54
1500,cortex,1934.775391,15.326515500952457,54
1500,cortex,1935.748047,11.029826741810654,54
1500,cortex,1936.720703,6.892288165737874,54
1500,cortex,1937.693359,3.8506232620717356,54
1500,cortex,1938.665039,4.234393170525175,54
1500,cortex,1939.636719,4.135527260505711,54
1500,cortex,1940.608398,2.5581077387750746,54
1500,cortex,1941.580078,1.8044097558159837,54
1500,cortex,1942.551758,1.9500572752260101,54
1500,cortex,1943.522461,6.711322061173159,54
1500,cortex,1944.494141,18.660823633044725,54
1500,cortex,1945.464844,17.416100543886564,54
1500,cortex,1946.435547,15.206912632984842,54
1500,cortex,1947.40625,16.334081913381432,54
1500,cortex,1948.375977,17.018825287469355,54
1500,cortex,1949.34668,13.28930701889199,54
1500,cortex,1950.316406,5.726164426457311,54
1500,cortex,1951.286133,0.09128663391946065,54
1500,cortex,1952.254883,0.7958092333084829,54
1500,cortex,1953.224609,1.040325165337497,54
1500,cortex,1954.194336,3.37321187965109,54
1500,cortex,1955.163086,10.82044004807974,54
1500,cortex,1956.131836,14.338804530433759,54
1500,cortex,1957.100586,12.356989911446187,54
1500,cortex,1958.068359,15.744059741910245,54
1500,cortex,1959.037109,18.933045075598184,54
1500,cortex,1960.004883,22.0984402055137,54
1500,cortex,1960.972656,11.372951655541263,54
1500,cortex,1961.94043,5.572043307515082,54
1500,cortex,1962.908203,5.94143381503027,54
1500,cortex,1963.875977,5.812920508546707,54
1500,cortex,1964.842773,10.386181346485122,54
1500,cortex,1965.80957,14.277278428230742,54
1500,cortex,1966.776367,16.650499134016144,54
1500,cortex,1967.743164,15.33163907949054,54
1500,cortex,1968.708984,15.340430329839556,54
1500,cortex,1969.675781,17.049868632138995,54
1500,cortex,1970.641602,18.344400004609398,54
1500,cortex,1971.607422,17.75166742924406,54
1500,cortex,1972.573242,19.23898645623534,54
1500,cortex,1973.539063,21.322248456128534,54
1500,cortex,1974.503906,10.42810303245132,54
1500,cortex,1975.46875,3.8601763182637585,54
1500,cortex,1976.43457,4.0271085141979714,54
1500,cortex,1977.398438,4.739200164528692,54
1500,cortex,1978.363281,4.806704081929469,54
1500,cortex,1979.328125,4.724048257097913,54
1500,cortex,1980.291992,6.3435215589622445,54
1500,cortex,1981.255859,12.689577055053832,54
1500,cortex,1982.219727,19.15411017643651,54
1500,cortex,1983.183594,22.331481839184445,54
1500,cortex,1984.147461,18.62040467106493,54
1500,cortex,1985.110352,18.611748395679204,54
1500,cortex,1986.073242,17.19833514656256,54
1500,cortex,1987.036133,14.32128322225213,54
1500,cortex,1987.999023,12.99824837019407,54
1500,cortex,1988.961914,4.279520202179861,54
1500,cortex,1989.923828,0.6155930823608852,54
1500,cortex,1990.886719,0.01721653317168802,54
1500,cortex,1991.848633,1.3802762431277633,54
1500,cortex,1992.810547,3.060294421087844,54
1500,cortex,1993.771484,4.947975597444622,54
1500,cortex,1994.733398,6.6974619730990215,54
1500,cortex,1995.694336,7.461298230700061,54
1500,cortex,1996.655273,6.190134647156129,54
1500,cortex,1997.616211,2.811527006362815,54
1500,striatum,930.273438,2.64472692779559,36
1500,striatum,931.446289,2.3963632019100434,36
1500,striatum,932.618164,0.15226583937367394,36
1500,striatum,933.790039,1.1435275508216267,36
1500,striatum,934.961914,1.4179818384955623,36
1500,striatum,936.133789,1.5482691694900412,36
1500,striatum,937.305664,1.6986902624775575,36
1500,striatum,938.476563,2.9849956319993876,36
1500,striatum,939.647461,9.84600255214395,36
1500,striatum,940.817383,7.1688460890590715,36
1500,striatum,941.988281,8.150820735370928,36
1500,striatum,943.158203,5.017602329541787,36
1500,striatum,944.328125,2.789152460200948,36
1500,striatum,945.498047,1.8310246630248528,36
1500,striatum,946.666992,0.6562384352768262,36
1500,striatum,947.835938,0.6968789971010648,36
1500,striatum,949.004883,0.30996904743331094,36
1500,striatum,950.173828,0.41391313369430516,36
1500,striatum,951.342773,0.39807203726795076,36
1500,striatum,952.510742,0.2964091522590317,36
1500,striatum,953.678711,0.3100459948884832,36
1500,striatum,954.84668,0.24455225124491314,36
1500,striatum,956.013672,0.8560154379230864,36
1500,striatum,957.181641,1.8747793200115381,36
1500,striatum,958.348633,5.201969234465792,36
1500,striatum,959.514648,4.2311097815964525,36
1500,striatum,960.681641,4.3894945817399975,36
1500,striatum,961.847656,1.8984179095002591,36
1500,striatum,963.013672,1.3376345885587395,36
1500,striatum,964.179688,0.36736488127029204,36
1500,striatum,965.345703,0.32125324825886714,36
1500,striatum,966.510742,0.3407775856968987,36
1500,striatum,967.675781,0.35706478008021103,36
1500,striatum,968.84082,0.4670346631481461,36
1500,striatum,970.004883,0.4658135057339423,36
1500,striatum,971.169922,1.1176267330583094,36
1500,striatum,972.333984,6.037127005832994,36
1500,striatum,973.498047,3.667329519194359,36
1500,striatum,974.661133,3.3109526503767377,36
1500,striatum,975.825195,2.910410459848926,36
1500,striatum,976.988281,1.5366621975667891,36
1500,striatum,978.151367,0.6156433045270121,36
1500,striatum,979.313477,0.5212180901055797,36
1500,striatum,980.476563,0.4764821042706494,36
1500,striatum,981.638672,0.44548858134283825,36
1500,striatum,982.800781,2.658625440721077,36
1500,striatum,983.961914,3.0325375531991643,36
1500,striatum,985.124023,3.5560804934125083,36
1500,striatum,986.285156,4.4075580004614885,36
1500,striatum,987.446289,2.810097196113598,36
1500,striatum,988.606445,0.18125656355829167,36
1500,striatum,989.767578,0.6107907800074923,36
1500,striatum,990.927734,0.3800604952500069,36
1500,striatum,992.087891,0.8364774734698727,36
1500,striatum,993.248047,1.0814325641611209,36
1500,striatum,994.407227,0.838137251321148,36
1500,striatum,995.566406,0.6525424805570414,36
1500,striatum,996.725586,0.3849566657636709,36
1500,striatum,997.884766,5.075715950083669,36
1500,striatum,999.042969,9.951703986205695,36
1500,striatum,1000.202148,4.967565672908812,36
1500,striatum,1001.360352,3.897965133886329,36
1500,striatum,1002.517578,3.1621568593324993,36
1500,striatum,1003.675781,2.680423919971913,36
1500,striatum,1004.833008,2.4598070944040127,36
1500,striatum,1005.990234,2.607573964119394,36
1500,striatum,1007.147461,2.7725462907459315,36
1500,striatum,1008.303711,0.8322691769687423,36
1500,striatum,1009.459961,0.2723192868849514,36
1500,striatum,1010.616211,0.5275899214995013,36
1500,striatum,1011.772461,1.3953013265321785,36
1500,striatum,1012.928711,1.7079414903124215,36
1500,striatum,1014.083984,3.3549988312813563,36
1500,striatum,1015.239258,3.3559220767762774,36
1500,striatum,1016.394531,1.6173411863613378,36
1500,striatum,1017.548828,1.9767765326365387,36
1500,striatum,1018.704102,0.5048733734631949,36
1500,striatum,1019.858398,0.4071707779516945,36
1500,striatum,1021.012695,0.14110962510534406,36
1500,striatum,1022.166016,2.290685376341199,36
1500,striatum,1023.319336,2.037873619050338,36
1500,striatum,1024.473633,0.6402229457498517,36
1500,striatum,1025.625977,1.0905292840236815,36
1500,striatum,1026.779297,3.2707953680108566,36
1500,striatum,1027.931641,3.28295985277104,36
1500,striatum,1029.083984,4.753791142314897,36
1500,striatum,1030.236328,1.1597344285734388,36
1500,striatum,1031.388672,1.0237121832010143,36
1500,striatum,1032.540039,2.591972453392912,36
1500,striatum,1033.691406,1.9931042089230047,36
1500,striatum,1034.842773,1.7266613331263947,36
1500,striatum,1035.994141,3.054873305204925,36
1500,striatum,1037.144531,1.0472060718741585,36
1500,striatum,1038.294922,0.9155485256410577,36
1500,striatum,1039.445313,0.8231498766045717,36
1500,striatum,1040.595703,0.7342804261602296,36
1500,striatum,1041.745117,1.0744520249701732,36
1500,striatum,1042.895508,0.642513125657259,36
1500,striatum,1044.043945,0.5349996629859999,36
1500,striatum,1045.193359,0.3272851639502185,36
1500,striatum,1046.342773,0.5775370160717485,36
1500,striatum,1047.491211,0.23019681783855256,36
1500,striatum,1048.639648,0.11187666707716429,36
1500,striatum,1049.787109,0.05019277598394549,36
1500,striatum,1050.935547,0.9791045639837958,36
1500,striatum,1052.083008,3.100752812439209,36
1500,striatum,1053.230469,2.8366257801387036,36
1500,striatum,1054.37793,3.4869008992348474,36
1500,striatum,1055.524414,4.826266645487991,36
1500,striatum,1056.670898,6.370958124677266,36
1500,striatum,1057.817383,7.67333733307692,36
1500,striatum,1058.963867,8.409729739242653,36
1500,striatum,1060.110352,7.908663794620811,36
1500,striatum,1061.255859,6.057337233418106,36
1500,striatum,1062.401367,4.346622584189112,36
1500,striatum,1063.546875,3.6860786260095972,36
1500,striatum,1064.691406,1.9846141999237201,36
1500,striatum,1065.836914,0.9187565054947232,36
1500,striatum,1066.981445,1.256600493505346,36
1500,striatum,1068.125977,3.6370838552554616,36
1500,striatum,1069.269531,3.6105831207029984,36
1500,striatum,1070.413086,3.1981622409018056,36
1500,striatum,1071.556641,3.6506600281018766,36
1500,striatum,1072.700195,3.455778228022934,36
1500,striatum,1073.84375,3.3110534664879685,36
1500,striatum,1074.986328,2.7663316285685653,36
1500,striatum,1076.128906,2.870505925795312,36
1500,striatum,1077.271484,2.5786202079758866,36
1500,striatum,1078.414063,2.3344448724223352,36
1500,striatum,1079.555664,1.0648471260426298,36
1500,striatum,1080.697266,0.47336593636720675,36
1500,striatum,1081.838867,0.7166639593288205,36
1500,striatum,1082.980469,0.5747602705837993,36
1500,striatum,1084.121094,0.12086286070397446,36
1500,striatum,1085.261719,0.44150458889966954,36
1500,striatum,1086.402344,1.3530589461126328,36
1500,striatum,1087.542969,1.3602231689697157,36
1500,striatum,1088.682617,1.0904690753627204,36
1500,striatum,1089.823242,1.0101599945346704,36
1500,striatum,1090.962891,0.8766876882250577,36
1500,striatum,1092.101563,0.5850725966633735,36
1500,striatum,1093.241211,0.5592514494238913,36
1500,striatum,1094.379883,0.8009922964295646,36
1500,striatum,1095.518555,0.6297583316663484,36
1500,striatum,1096.657227,2.060207229776234,36
1500,striatum,1097.794922,2.420077466048631,36
1500,striatum,1098.932617,3.0782562346252553,36
1500,striatum,1100.070313,4.675898709899243,36
1500,striatum,1101.208008,2.8889805666800457,36
1500,striatum,1102.345703,1.343828648899209,36
1500,striatum,1103.482422,0.696743721800934,36
1500,striatum,1104.619141,0.6717908229808887,36
1500,striatum,1105.755859,0.6365627476889332,36
1500,striatum,1106.891602,0.6070670851972193,36
1500,striatum,1108.02832,0.6057739390750722,36
1500,striatum,1109.164063,0.6498561591920031,36
1500,striatum,1110.299805,0.9716559863954606,36
1500,striatum,1111.43457,1.5514333409433998,36
1500,striatum,1112.569336,1.6819447779998318,36
1500,striatum,1113.705078,2.570983876193434,36
1500,striatum,1114.838867,2.0520654940884504,36
1500,striatum,1115.973633,2.23058059787103,36
1500,striatum,1117.107422,2.2803184883113876,36
1500,striatum,1118.242188,1.4391328269923385,36
1500,striatum,1119.375,2.019804440641543,36
1500,striatum,1120.508789,2.9311007857872315,36
1500,striatum,1121.641602,4.967947439339687,36
1500,striatum,1122.775391,7.033285271986965,36
1500,striatum,1123.908203,6.0752779943122865,36
1500,striatum,1125.040039,5.225679853666478,36
1500,striatum,1126.172852,4.819299081241846,36
1500,striatum,1127.304688,6.128307785515826,36
1500,striatum,1128.436523,7.288070562006505,36
1500,striatum,1129.568359,9.177126271160455,36
1500,striatum,1130.699219,12.259340373935435,36
1500,striatum,1131.830078,8.864750200102112,36
1500,striatum,1132.960938,3.063679579120206,36
1500,striatum,1134.091797,0.6158911468844714,36
1500,striatum,1135.222656,0.04829364380524137,36
1500,striatum,1136.352539,0.00579888931297667,36
1500,striatum,1137.482422,0.01721627790254116,36
1500,striatum,1138.612305,0.2533952022266994,36
1500,striatum,1139.741211,0.7420395736634835,36
1500,striatum,1140.871094,1.1129758940365977,36
1500,striatum,1142.0,1.2442885032084836,36
1500,striatum,1143.12793,1.0027682605213533,36
1500,striatum,1144.256836,1.302857676418375,36
1500,striatum,1145.384766,1.7977581799869695,36
1500,striatum,1146.513672,2.039705552540074,36
1500,striatum,1147.640625,2.7655386490023166,36
1500,striatum,1148.768555,3.500582411724527,36
1500,striatum,1149.895508,4.171467493464184,36
1500,striatum,1151.023438,4.449619276824156,36
1500,striatum,1152.149414,3.276494720999164,36
1500,striatum,1153.276367,2.0483223678135083,36
1500,striatum,1154.40332,1.5613689956732035,36
1500,striatum,1155.529297,1.20153262331718,36
1500,striatum,1156.655273,0.9734107855089763,36
1500,striatum,1157.780273,0.8082831093606669,36
1500,striatum,1158.90625,0.9930001897917335,36
1500,striatum,1160.03125,0.9883765673205684,36
1500,striatum,1161.15625,0.8919337695875953,36
1500,striatum,1162.28125,0.8334087727064995,36
1500,striatum,1163.405273,0.7219047155434601,36
1500,striatum,1164.530273,0.7395039170968788,36
1500,striatum,1165.654297,1.432223806547656,36
1500,striatum,1166.777344,1.170770211246089,36
1500,striatum,1167.901367,1.4369725680240248,36
1500,striatum,1169.024414,1.4744344955149027,36
1500,striatum,1170.147461,2.3443610773871137,36
1500,striatum,1171.270508,1.7260822604841661,36
1500,striatum,1172.393555,0.8697130948162474,36
1500,striatum,1173.515625,0.7538968027080499,36
1500,striatum,1174.637695,0.8798205017053934,36
1500,striatum,1175.759766,0.45569550459262487,36
1500,striatum,1176.881836,0.5126045066716642,36
1500,striatum,1178.00293,0.25147145899453616,36
1500,striatum,1179.124023,0.2241850638334192,36
1500,striatum,1180.245117,0.27141159317167834,36
1500,striatum,1181.366211,0.3728139690296978,36
1500,striatum,1182.487305,0.4042705651445282,36
1500,striatum,1183.607422,0.3881754783792334,36
1500,striatum,1184.727539,3.339563482467534,36
1500,striatum,1185.84668,3.2262029983119773,36
1500,striatum,1186.966797,2.2695541167003492,36
1500,striatum,1188.085938,2.2382763008390087,36
1500,striatum,1189.205078,1.913825363985722,36
1500,striatum,1190.324219,2.4028941342675543,36
1500,striatum,1191.443359,0.5084154636043279,36
1500,striatum,1192.561523,0.5499618631454389,36
1500,striatum,1193.679688,0.6209971828115285,36
1500,striatum,1194.797852,0.6151351357986539,36
1500,striatum,1195.915039,0.6996414695144823,36
1500,striatum,1197.033203,0.8671419446744154,36
1500,striatum,1198.150391,1.0565541607337914,36
1500,striatum,1199.267578,1.2575546652383742,36
1500,striatum,1200.383789,1.7476157784756274,36
1500,striatum,1201.500977,1.7886045915827469,36
1500,striatum,1202.617188,1.6326076520831763,36
1500,striatum,1203.733398,1.6778134799387572,36
1500,striatum,1204.849609,1.7472501458297014,36
1500,striatum,1205.964844,2.355700128126953,36
1500,striatum,1207.080078,1.4566047292829443,36
1500,striatum,1208.195313,0.9690755047880658,36
1500,striatum,1209.310547,0.7077459954276336,36
1500,striatum,1210.425781,0.5112969950585631,36
1500,striatum,1211.540039,0.6933077256619465,36
1500,striatum,1212.654297,3.6237172298039275,36
1500,striatum,1213.768555,2.8468180159148124,36
1500,striatum,1214.881836,2.540801972618389,36
1500,striatum,1215.996094,2.2245418764963616,36
1500,striatum,1217.109375,2.6118643568524718,36
1500,striatum,1218.222656,2.7515291370014183,36
1500,striatum,1219.334961,2.724152483281947,36
1500,striatum,1220.448242,2.4583068221403086,36
1500,striatum,1221.560547,2.5821952126335694,36
1500,striatum,1222.672852,1.0386530122619544,36
1500,striatum,1223.78418,2.871155936076299,36
1500,striatum,1224.896484,3.7954866547538018,36
1500,striatum,1226.007813,2.402930753669669,36
1500,striatum,1227.119141,2.947977500856302,36
1500,striatum,1228.230469,4.61661258561712,36
1500,striatum,1229.34082,3.720093427284203,36
1500,striatum,1230.451172,0.9921934921383653,36
1500,striatum,1231.561523,0.547185979488213,36
1500,striatum,1232.671875,1.2782808757261033,36
1500,striatum,1233.782227,1.348434574481765,36
1500,striatum,1234.891602,1.4034809413521137,36
1500,striatum,1236.000977,1.4045030425435046,36
1500,striatum,1237.110352,1.1479844457209971,36
1500,striatum,1238.219727,0.5325405794894957,36
1500,striatum,1239.328125,0.17297543824524525,36
1500,striatum,1240.436523,0.05406320475664394,36
1500,striatum,1241.544922,0.1630746236289537,36
1500,striatum,1242.65332,0.15748029831000457,36
1500,striatum,1243.760742,0.40853294181843774,36
1500,striatum,1244.868164,0.42514971075355207,36
1500,striatum,1245.975586,0.45498792316475334,36
1500,striatum,1247.083008,0.5289194892506324,36
1500,striatum,1248.19043,0.7207988439221262,36
1500,striatum,1249.296875,4.739333409952414,36
1500,striatum,1250.40332,3.3420475127135982,36
1500,striatum,1251.509766,3.5612717293515783,36
1500,striatum,1252.615234,3.8389738470793047,36
1500,striatum,1253.72168,3.6693666444250543,36
1500,striatum,1254.827148,4.331063464820549,36
1500,striatum,1255.932617,4.98514465710299,36
1500,striatum,1257.037109,5.291864044508562,36
1500,striatum,1258.142578,3.913942362327644,36
1500,striatum,1259.24707,2.428937698008811,36
1500,striatum,1260.351563,3.2157574471815185,36
1500,striatum,1261.456055,1.969583693777178,36
1500,striatum,1262.55957,1.4532974373405112,36
1500,striatum,1263.663086,1.610779455613405,36
1500,striatum,1264.766602,3.1108111465511414,36
1500,striatum,1265.870117,4.248375207387654,36
1500,striatum,1266.973633,4.183479850237598,36
1500,striatum,1268.076172,3.962290332014269,36
1500,striatum,1269.178711,2.4537958282569337,36
1500,striatum,1270.28125,1.5192023331042128,36
1500,striatum,1271.382813,0.9870807573569976,36
1500,striatum,1272.485352,0.8837193466572012,36
1500,striatum,1273.586914,0.9352926778671549,36
1500,striatum,1274.688477,0.9667425876230015,36
1500,striatum,1275.790039,1.281497843404295,36
1500,striatum,1276.890625,1.7810720841689498,36
1500,striatum,1277.991211,2.073314939708593,36
1500,striatum,1279.091797,2.527194626014727,36
1500,striatum,1280.192383,2.486025765165038,36
1500,striatum,1281.291992,1.8165168913841767,36
1500,striatum,1282.392578,1.2787436498184637,36
1500,striatum,1283.492188,3.801223718066549,36
1500,striatum,1284.591797,5.182710334880525,36
1500,striatum,1285.69043,4.225773335880924,36
1500,striatum,1286.790039,3.399311563278497,36
1500,striatum,1287.888672,3.719972679321787,36
1500,striatum,1288.987305,6.1074261663517015,36
1500,striatum,1290.084961,8.797093668450698,36
1500,striatum,1291.183594,12.122336780026338,36
1500,striatum,1292.28125,14.686314894581491,36
1500,striatum,1293.378906,14.615909204701168,36
1500,striatum,1294.476563,11.25623643471884,36
1500,striatum,1295.573242,8.081429978078829,36
1500,striatum,1296.669922,4.202663807173527,36
1500,striatum,1297.766602,1.4555796892267778,36
1500,striatum,1298.863281,0.4367799333015406,36
1500,striatum,1299.959961,0.4205254508059812,36
1500,striatum,1301.055664,1.3049738127021824,36
1500,striatum,1302.151367,2.633480549176563,36
1500,striatum,1303.24707,3.492530951602759,36
1500,striatum,1304.342773,3.3104019779242257,36
1500,striatum,1305.4375,3.2333705444112626,36
1500,striatum,1306.533203,3.121476659269668,36
1500,striatum,1307.62793,1.9850403035986146,36
1500,striatum,1308.72168,1.1601323111573645,36
1500,striatum,1309.816406,0.9807959574939853,36
1500,striatum,1310.910156,0.7087702229313737,36
1500,striatum,1312.003906,0.7130759157643193,36
1500,striatum,1313.097656,0.6923445917857507,36
1500,striatum,1314.191406,1.3567596015818157,36
1500,striatum,1315.28418,1.668792637010109,36
1500,striatum,1316.376953,1.262863058071332,36
1500,striatum,1317.469727,1.0830261506699348,36
1500,striatum,1318.5625,0.7569481417029218,36
1500,striatum,1319.654297,1.1008928731825114,36
1500,striatum,1320.746094,0.8000982683898283,36
1500,striatum,1321.837891,0.21788882988570954,36
1500,striatum,1322.929688,0.2622646739249681,36
1500,striatum,1324.021484,0.23540638649861734,36
1500,striatum,1325.112305,4.741109572268496,36
1500,striatum,1326.203125,4.1799181074013285,36
1500,striatum,1327.293945,3.840991217767734,36
1500,striatum,1328.384766,2.189557009267604,36
1500,striatum,1329.474609,2.108846835159754,36
1500,striatum,1330.564453,1.9642971959636049,36
1500,striatum,1331.654297,1.9502883539951277,36
1500,striatum,1332.744141,3.6372047106135588,36
1500,striatum,1333.833008,4.380424474876052,36
1500,striatum,1334.921875,4.097491737033881,36
1500,striatum,1336.011719,4.95159000832005,36
1500,striatum,1337.099609,7.07611008369721,36
1500,striatum,1338.188477,1.4324147649925043,36
1500,striatum,1339.276367,0.16594393909970864,36
1500,striatum,1340.364258,0.7063639260421801,36
1500,striatum,1341.452148,0.7905358235203277,36
1500,striatum,1342.540039,0.7728617332864769,36
1500,striatum,1343.626953,0.0011028466015482285,36
1500,striatum,1344.714844,1.583556176341808,36
1500,striatum,1345.801758,1.720397574890373,36
1500,striatum,1346.887695,2.008239957456672,36
1500,striatum,1347.974609,1.576263413106492,36
1500,striatum,1349.060547,1.437099720850255,36
1500,striatum,1350.146484,1.3642631626061232,36
1500,striatum,1351.232422,1.2673962388319504,36
1500,striatum,1352.318359,1.2224236601229315,36
1500,striatum,1353.40332,4.226512385297348,36
1500,striatum,1354.488281,5.846889423106236,36
1500,striatum,1355.573242,3.676120585223358,36
1500,striatum,1356.658203,2.9390679262307327,36
1500,striatum,1357.742188,2.9751856000650765,36
1500,striatum,1358.827148,4.403430757680176,36
1500,striatum,1359.911133,5.133187883495362,36
1500,striatum,1360.995117,4.396623490461507,36
1500,striatum,1362.078125,3.3245372450877766,36
1500,striatum,1363.161133,2.357722510093676,36
1500,striatum,1364.245117,4.352457414648315,36
1500,striatum,1365.328125,4.995425626224829,36
1500,striatum,1366.410156,5.835995474399412,36
1500,striatum,1367.493164,0.598317618126355,36
1500,striatum,1368.575195,1.541039560665743,36
1500,striatum,1369.657227,0.18550916933127773,36
1500,striatum,1370.739258,0.6263762402638628,36
1500,striatum,1371.820313,0.0982971958916265,36
1500,striatum,1372.902344,0.22658867189704418,36
1500,striatum,1373.983398,1.4636690022456718,36
1500,striatum,1375.064453,2.9838581336991057,36
1500,striatum,1376.144531,3.6976179759532712,36
1500,striatum,1377.225586,3.457334112693885,36
1500,striatum,1378.305664,1.5119308375038725,36
1500,striatum,1379.385742,8.776638949900107,36
1500,striatum,1380.46582,11.433548989054833,36
1500,striatum,1381.544922,5.9916582878265725,36
1500,striatum,1382.625,6.4175549741824875,36
1500,striatum,1383.704102,3.8953158797242717,36
1500,striatum,1384.783203,2.4016069789577346,36
1500,striatum,1385.861328,2.0106560088521737,36
1500,striatum,1386.94043,1.9600387718095915,36
1500,striatum,1388.018555,2.2137751030524373,36
1500,striatum,1389.09668,2.767197942303875,36
1500,striatum,1390.174805,2.6265118389367244,36
1500,striatum,1391.251953,1.6636993844189047,36
1500,striatum,1392.329102,1.4738924081703333,36
1500,striatum,1393.407227,2.0024927384801363,36
1500,striatum,1394.483398,2.8079649922235737,36
1500,striatum,1395.560547,3.8473149698988474,36
1500,striatum,1396.636719,3.0406593814365963,36
1500,striatum,1397.713867,2.6316293618486304,36
1500,striatum,1398.790039,1.7922330536980169,36
1500,striatum,1399.865234,1.981181256288788,36
1500,striatum,1400.941406,2.0189898429949693,36
1500,striatum,1402.016602,2.592759269621249,36
1500,striatum,1403.091797,1.7153505509644573,36
1500,striatum,1404.166992,1.682708213722014,36
1500,striatum,1405.242188,1.815452297797623,36
1500,striatum,1406.316406,2.6311003698807305,36
1500,striatum,1407.390625,1.613294346725652,36
1500,striatum,1408.464844,1.4550636620871737,36
1500,striatum,1409.539063,1.1130414944469134,36
1500,striatum,1410.613281,0.9814398940444292,36
1500,striatum,1411.686523,0.8764559645339803,36
1500,striatum,1412.759766,0.5538163903116121,36
1500,striatum,1413.833008,0.11849414277529934,36
1500,striatum,1414.90625,0.012528636667233136,36
1500,striatum,1415.978516,0.5498783121639235,36
1500,striatum,1417.050781,1.0581914825926524,36
1500,striatum,1418.123047,2.4722208271195347,36
1500,striatum,1419.195313,4.316370137687186,36
1500,striatum,1420.266602,4.516842379229347,36
1500,striatum,1421.338867,4.294395604734807,36
1500,striatum,1422.410156,2.7957627795429905,36
1500,striatum,1423.481445,1.860015831586452,36
1500,striatum,1424.551758,1.1196594743410766,36
1500,striatum,1425.623047,0.9892654111458767,36
1500,striatum,1426.693359,1.4373570068292862,36
1500,striatum,1427.763672,1.0202845021340585,36
1500,striatum,1428.833984,0.9232178283065152,36
1500,striatum,1429.90332,0.9501073828115479,36
1500,striatum,1430.973633,0.7167278332408232,36
1500,striatum,1432.042969,0.2045836660102493,36
1500,striatum,1433.112305,0.11864776793311685,36
1500,striatum,1434.180664,0.16084241019947693,36
1500,striatum,1435.25,0.37644727460100674,36
1500,striatum,1436.318359,1.057006993075471,36
1500,striatum,1437.386719,2.8410814708831227,36
1500,striatum,1438.455078,6.24250697872187,36
1500,striatum,1439.523438,10.377862005845857,36
1500,striatum,1440.59082,11.829195488000767,36
1500,striatum,1441.658203,11.189742959748111,36
1500,striatum,1442.725586,9.580819305572494,36
1500,striatum,1443.792969,9.61529326903421,36
1500,striatum,1444.859375,11.541674294293426,36
1500,striatum,1445.925781,15.603303750600503,36
1500,striatum,1446.992188,17.562520029426956,36
1500,striatum,1448.058594,13.516647889236053,36
1500,striatum,1449.125,12.530824414664204,36
1500,striatum,1450.19043,13.528540913662738,36
1500,striatum,1451.255859,10.40508530331489,36
1500,striatum,1452.321289,10.705727289340457,36
1500,striatum,1453.386719,7.953140108468238,36
1500,striatum,1454.452148,5.732191702798891,36
1500,striatum,1455.516602,4.327721939874163,36
1500,striatum,1456.581055,4.942553920902118,36
1500,striatum,1457.645508,5.886922546231011,36
1500,striatum,1458.709961,8.175002370264572,36
1500,striatum,1459.773438,10.366905414561787,36
1500,striatum,1460.836914,13.382653625444844,36
1500,striatum,1461.900391,13.74289114791721,36
1500,striatum,1462.963867,15.389806456420763,36
1500,striatum,1464.027344,13.240054449677807,36
1500,striatum,1465.089844,13.27568150055769,36
1500,striatum,1466.152344,13.986505126186902,36
1500,striatum,1467.214844,13.92649189176062,36
1500,striatum,1468.277344,11.963722816579159,36
1500,striatum,1469.338867,8.082327879998683,36
1500,striatum,1470.401367,9.26499043299196,36
1500,striatum,1471.462891,10.500869290752984,36
1500,striatum,1472.523438,13.251104639114901,36
1500,striatum,1473.584961,11.996415214602937,36
1500,striatum,1474.645508,9.390628855767662,36
1500,striatum,1475.707031,6.575764964948705,36
1500,striatum,1476.767578,6.5103744794596965,36
1500,striatum,1477.827148,11.942399226032343,36
1500,striatum,1478.887695,12.131059852395056,36
1500,striatum,1479.947266,3.0288827169593677,36
1500,striatum,1481.006836,1.805798861733597,36
1500,striatum,1482.066406,1.705402115209434,36
1500,striatum,1483.125977,1.564899672046969,36
1500,striatum,1484.18457,1.6829487739461724,36
1500,striatum,1485.244141,1.89751739801805,36
1500,striatum,1486.302734,2.5056375820440553,36
1500,striatum,1487.360352,3.3344976441324254,36
1500,striatum,1488.418945,6.894936430149821,36
1500,striatum,1489.476563,7.625091280007704,36
1500,striatum,1490.535156,9.289414238618068,36
1500,striatum,1491.592773,7.363529768130139,36
1500,striatum,1492.649414,1.6041609893647564,36
1500,striatum,1493.707031,1.5332872698918485,36
1500,striatum,1494.763672,3.060369126419879,36
1500,striatum,1495.820313,1.9281280963192333,36
1500,striatum,1496.876953,2.9537907401210526,36
1500,striatum,1497.933594,2.17322056975005,36
1500,striatum,1498.989258,5.520649996417055,36
1500,striatum,1500.044922,2.6494613833667815,36
1500,striatum,1501.100586,2.243298509437866,36
1500,striatum,1502.15625,2.4229362181792164,36
1500,striatum,1503.211914,3.192291050997081,36
1500,striatum,1504.266602,2.6536854964869794,36
1500,striatum,1505.321289,2.4026597875104563,36
1500,striatum,1506.375977,4.0603777951560325,36
1500,striatum,1507.430664,4.382274615248843,36
1500,striatum,1508.485352,4.609814538737986,36
1500,striatum,1509.539063,4.68585329721933,36
1500,striatum,1510.592773,4.536652932117213,36
1500,striatum,1511.646484,3.402292934019157,36
1500,striatum,1512.700195,3.20438521245084,36
1500,striatum,1513.75293,0.17817049176826216,36
1500,striatum,1514.805664,0.3924202013245542,36
1500,striatum,1515.858398,0.6045517794227353,36
1500,striatum,1516.911133,0.1097182857775145,36
1500,striatum,1517.963867,1.2388406275752337,36
1500,striatum,1519.015625,3.9924540706402984,36
1500,striatum,1520.068359,4.312438473525235,36
1500,striatum,1521.120117,5.050962142398156,36
1500,striatum,1522.170898,3.4481673591377473,36
1500,striatum,1523.222656,5.0720481426325215,36
1500,striatum,1524.273438,1.1847850988360538,36
1500,striatum,1525.324219,0.7011428060273828,36
1500,striatum,1526.375,0.6645919468136248,36
1500,striatum,1527.425781,0.5778870044775936,36
1500,striatum,1528.475586,0.34969614327435533,36
1500,striatum,1529.526367,0.55636490282894,36
1500,striatum,1530.576172,5.29454999561489,36
1500,striatum,1531.625977,2.764833490250488,36
1500,striatum,1532.674805,2.210283457537013,36
1500,striatum,1533.724609,2.114867630989015,36
1500,striatum,1534.773438,1.9237764827625696,36
1500,striatum,1535.822266,2.2974156402047465,36
1500,striatum,1536.871094,2.3510523947824784,36
1500,striatum,1537.918945,5.953241594489878,36
1500,striatum,1538.967773,0.24009244470562952,36
1500,striatum,1540.015625,0.4437768063884094,36
1500,striatum,1541.063477,0.4381361522548299,36
1500,striatum,1542.111328,0.09735744173453312,36
1500,striatum,1543.158203,0.6608425788854887,36
1500,striatum,1544.206055,1.4021034711542628,36
1500,striatum,1545.25293,1.6239676268448495,36
1500,striatum,1546.299805,1.4739810263445405,36
1500,striatum,1547.345703,0.7649111661193678,36
1500,striatum,1548.392578,0.7188534327444808,36
1500,striatum,1549.438477,0.687834385937517,36
1500,striatum,1550.484375,1.2910043234399482,36
1500,striatum,1551.530273,1.0142866196534996,36
1500,striatum,1552.576172,1.6366908501610695,36
1500,striatum,1553.621094,0.8976583652307895,36
1500,striatum,1554.666016,0.6781924100989528,36
1500,striatum,1555.710938,0.5933373499140432,36
1500,striatum,1556.755859,3.7291513297027077,36
1500,striatum,1557.800781,2.666466576969303,36
1500,striatum,1558.844727,2.8907085093046683,36
1500,striatum,1559.889648,1.8731272980624052,36
1500,striatum,1560.933594,3.31984773583722,36
1500,striatum,1561.976563,0.49748522289684155,36
1500,striatum,1563.020508,0.6466987348250675,36
1500,striatum,1564.063477,0.7910315820965403,36
1500,striatum,1565.106445,0.7922521482511088,36
1500,striatum,1566.149414,0.7122378693577073,36
1500,striatum,1567.192383,0.5720528476956912,36
1500,striatum,1568.235352,0.523793276731631,36
1500,striatum,1569.277344,0.4860123243201711,36
1500,striatum,1570.319336,0.3592228249564114,36
1500,striatum,1571.361328,0.3663217241486241,36
1500,striatum,1572.40332,0.37201917754252195,36
1500,striatum,1573.444336,1.0642100903596494,36
1500,striatum,1574.485352,0.6531177356006823,36
1500,striatum,1575.526367,2.6201779629439086,36
1500,striatum,1576.567383,1.5920109355608985,36
1500,striatum,1577.608398,1.3006800806005738,36
1500,striatum,1578.648438,1.0518065518103124,36
1500,striatum,1579.689453,0.9935365898255608,36
1500,striatum,1580.729492,0.9305132338860562,36
1500,striatum,1581.768555,0.7326832558843924,36
1500,striatum,1582.808594,0.42251963997264347,36
1500,striatum,1583.848633,1.1135027069747572,36
1500,striatum,1584.887695,0.8322360134172658,36
1500,striatum,1585.926758,0.4299255304872183,36
1500,striatum,1586.96582,0.18762703983055606,36
1500,striatum,1588.003906,0.3237149331353415,36
1500,striatum,1589.041992,0.37227113301057,36
1500,striatum,1590.081055,0.4501994583028323,36
1500,striatum,1591.119141,0.5046224868883562,36
1500,striatum,1592.15625,0.47260946158335604,36
1500,striatum,1593.194336,2.572468474626435,36
1500,striatum,1594.231445,1.5613423646675575,36
1500,striatum,1595.268555,1.567038308465984,36
1500,striatum,1596.305664,2.109502645984593,36
1500,striatum,1597.342773,1.1152922805971472,36
1500,striatum,1598.379883,0.3090314508215698,36
1500,striatum,1599.416016,0.5846366348126487,36
1500,striatum,1600.452148,0.7205890644229623,36
1500,striatum,1601.488281,0.7690173053333026,36
1500,striatum,1602.524414,0.8199387192008305,36
1500,striatum,1603.55957,0.6915569127724844,36
1500,striatum,1604.594727,0.5868715379302996,36
1500,striatum,1605.630859,1.024827220871416,36
1500,striatum,1606.665039,1.0057931866659964,36
1500,striatum,1607.700195,0.3415528498124285,36
1500,striatum,1608.735352,0.11839229001783722,36
1500,striatum,1609.769531,0.604247658117708,36
1500,striatum,1610.803711,0.8063119882408623,36
1500,striatum,1611.837891,1.0427275747845872,36
1500,striatum,1612.871094,0.11442491872293965,36
1500,striatum,1613.905273,0.5750695077987544,36
1500,striatum,1614.938477,0.9563381109846513,36
1500,striatum,1615.97168,1.0893526201326595,36
1500,striatum,1617.004883,1.0429314232145321,36
1500,striatum,1618.038086,1.0338217648434584,36
1500,striatum,1619.070313,0.9445558415463161,36
1500,striatum,1620.102539,1.1305062248164974,36
1500,striatum,1621.134766,1.8789939842532295,36
1500,striatum,1622.166992,2.0310600745669656,36
1500,striatum,1623.199219,1.5999332650713696,36
1500,striatum,1624.230469,0.9229402808600614,36
1500,striatum,1625.261719,0.21582388615852263,36
1500,striatum,1626.292969,0.3855610414978203,36
1500,striatum,1627.324219,0.6723023924244118,36
1500,striatum,1628.355469,0.9724610678735615,36
1500,striatum,1629.385742,1.3124885684293268,36
1500,striatum,1630.416016,1.872027079603219,36
1500,striatum,1631.446289,1.9904011337645326,36
1500,striatum,1632.476563,1.8061519171879599,36
1500,striatum,1633.506836,2.4585950877931273,36
1500,striatum,1634.536133,2.5814009172859023,36
1500,striatum,1635.56543,2.958285543001204,36
1500,striatum,1636.594727,2.4163079618533034,36
1500,striatum,1637.624023,1.987334763422465,36
1500,striatum,1638.652344,1.343335151041592,36
1500,striatum,1639.681641,0.9542401248228004,36
1500,striatum,1640.709961,0.8299563791995518,36
1500,striatum,1641.738281,0.9654538258779272,36
1500,striatum,1642.766602,0.7714042196754713,36
1500,striatum,1643.793945,0.740047264250755,36
1500,striatum,1644.822266,0.9776132952101986,36
1500,striatum,1645.849609,1.006648478832755,36
1500,striatum,1646.876953,0.7434503024702741,36
1500,striatum,1647.90332,0.662269070390494,36
1500,striatum,1648.930664,0.6025473403742991,36
1500,striatum,1649.957031,1.072681602283321,36
1500,striatum,1650.983398,1.445517250720101,36
1500,striatum,1652.009766,1.3677079297447128,36
1500,striatum,1653.036133,1.411383894617836,36
1500,striatum,1654.0625,1.4611038158684537,36
1500,striatum,1655.087891,1.4416937240915022,36
1500,striatum,1656.113281,1.4867130253349414,36
1500,striatum,1657.138672,1.651887558604391,36
1500,striatum,1658.164063,1.6359201427938934,36
1500,striatum,1659.188477,1.8623318118330574,36
1500,striatum,1660.213867,2.095157350794989,36
1500,striatum,1661.238281,2.1502832416523194,36
1500,striatum,1662.262695,0.3040703053303982,36
1500,striatum,1663.286133,0.44879546889083705,36
1500,striatum,1664.310547,0.5309580766015162,36
1500,striatum,1665.333984,0.536296968356418,36
1500,striatum,1666.357422,2.378371358187439,36
1500,striatum,1667.380859,3.7516631495744033,36
1500,striatum,1668.404297,2.263833952430037,36
1500,striatum,1669.426758,1.8395661453719017,36
1500,striatum,1670.450195,1.5812428598316355,36
1500,striatum,1671.472656,1.800254827139966,36
1500,striatum,1672.495117,1.5513568122970913,36
1500,striatum,1673.517578,1.2865358827845874,36
1500,striatum,1674.539063,1.0534777990958843,36
1500,striatum,1675.560547,1.081826373646235,36
1500,striatum,1676.582031,1.012607851640446,36
1500,striatum,1677.603516,1.0030448801760197,36
1500,striatum,1678.625,0.9541754833740297,36
1500,striatum,1679.646484,1.0338166947110847,36
1500,striatum,1680.666992,1.5775186863063575,36
1500,striatum,1681.6875,2.114362037333639,36
1500,striatum,1682.708008,2.600630125377194,36
1500,striatum,1683.728516,1.1512566924501346,36
1500,striatum,1684.748047,1.0296968314643213,36
1500,striatum,1685.768555,1.1228508687062064,36
1500,striatum,1686.788086,1.2628174828178116,36
1500,striatum,1687.807617,1.3362087358827204,36
1500,striatum,1688.826172,1.4018981657030194,36
1500,striatum,1689.845703,1.3534470359287054,36
1500,striatum,1690.864258,1.4212172241491554,36
1500,striatum,1691.882813,1.7932207272721286,36
1500,striatum,1692.901367,2.5332030709626694,36
1500,striatum,1693.919922,4.431949713624922,36
1500,striatum,1694.938477,3.365478450006773,36
1500,striatum,1695.956055,0.7606677664176582,36
1500,striatum,1696.973633,0.5816924612869812,36
1500,striatum,1697.991211,0.5532435716945964,36
1500,striatum,1699.008789,0.618149751831481,36
1500,striatum,1700.025391,0.786980395795155,36
1500,striatum,1701.042969,0.6419496962377162,36
1500,striatum,1702.05957,0.7011834302377472,36
1500,striatum,1703.076172,0.8097489430687504,36
1500,striatum,1704.091797,0.7981992242623617,36
1500,striatum,1705.108398,1.841461382782082,36
1500,striatum,1706.124023,0.44229873257024505,36
1500,striatum,1707.139648,0.44103268043740834,36
1500,striatum,1708.155273,0.7572637008363925,36
1500,striatum,1709.170898,1.2674891528837982,36
1500,striatum,1710.186523,4.389888776368075,36
1500,striatum,1711.201172,2.96871617069932,36
1500,striatum,1712.21582,1.9652865542933744,36
1500,striatum,1713.230469,1.9663745390311866,36
1500,striatum,1714.245117,2.3134351916751226,36
1500,striatum,1715.259766,2.2621896695813772,36
1500,striatum,1716.273438,2.415654470957475,36
1500,striatum,1717.287109,3.9034817957592067,36
1500,striatum,1718.300781,0.4077354966684192,36
1500,striatum,1719.314453,1.1539565999692678,36
1500,striatum,1720.328125,3.255491195393679,36
1500,striatum,1721.34082,1.904711260686752,36
1500,striatum,1722.353516,2.1876344196383575,36
1500,striatum,1723.366211,2.063880566662864,36
1500,striatum,1724.378906,2.263874413248167,36
1500,striatum,1725.391602,2.76051289017286,36
1500,striatum,1726.40332,3.9252072433687113,36
1500,striatum,1727.415039,0.42678133699883375,36
1500,striatum,1728.426758,0.475170205779579,36
1500,striatum,1729.438477,5.090018524219404,36
1500,striatum,1730.450195,5.0937948018836225,36
1500,striatum,1731.460938,5.219861220813518,36
1500,striatum,1732.47168,2.768985565703013,36
1500,striatum,1733.482422,3.387301627918545,36
1500,striatum,1734.493164,4.148458377290487,36
1500,striatum,1735.503906,3.1177698031739234,36
1500,striatum,1736.513672,2.2982223680384966,36
1500,striatum,1737.523438,1.9245086847517798,36
1500,striatum,1738.53418,1.4080890445616006,36
1500,striatum,1739.542969,1.527176737689693,36
1500,striatum,1740.552734,1.861948158372324,36
1500,striatum,1741.5625,1.9563301192656908,36
1500,striatum,1742.571289,0.6417298561721134,36
1500,striatum,1743.580078,0.7296614319382332,36
1500,striatum,1744.588867,0.7988217416229288,36
1500,striatum,1745.59668,0.841999144812952,36
1500,striatum,1746.605469,0.7907622283943001,36
1500,striatum,1747.613281,0.7164265191450786,36
1500,striatum,1748.621094,0.5382758408628343,36
1500,striatum,1749.628906,0.3704536874516923,36
1500,striatum,1750.636719,0.49329676273323037,36
1500,striatum,1751.643555,0.2801476991987247,36
1500,striatum,1752.651367,0.5999650171188504,36
1500,striatum,1753.658203,0.6258098588969865,36
1500,striatum,1754.665039,0.879141155426463,36
1500,striatum,1755.671875,1.0018453578811974,36
1500,striatum,1756.677734,0.9534872263892583,36
1500,striatum,1757.683594,0.8209125138058027,36
1500,striatum,1758.69043,0.817440937194085,36
1500,striatum,1759.696289,0.84706510073544,36
1500,striatum,1760.701172,0.6959504217125437,36
1500,striatum,1761.707031,0.8564443053419231,36
1500,striatum,1762.711914,0.9923787025473231,36
1500,striatum,1763.716797,1.0013634835681922,36
1500,striatum,1764.72168,0.9993865280981792,36
1500,striatum,1765.726563,1.177307241297466,36
1500,striatum,1766.731445,1.0027484407370064,36
1500,striatum,1767.735352,1.561550864176778,36
1500,striatum,1768.739258,1.2639728666917494,36
1500,striatum,1769.743164,1.2599957685984762,36
1500,striatum,1770.74707,1.7451140329680925,36
1500,striatum,1771.750977,3.2570764517095214,36
1500,striatum,1772.753906,1.080022020264226,36
1500,striatum,1773.757813,4.47562753517818,36
1500,striatum,1774.760742,3.270105386892896,36
1500,striatum,1775.763672,2.780403746236771,36
1500,striatum,1776.765625,2.600234748542872,36
1500,striatum,1777.768555,2.5872878952428375,36
1500,striatum,1778.770508,1.76328504388738,36
1500,striatum,1779.772461,1.8484415172706998,36
1500,striatum,1780.774414,0.006226902439824637,36
1500,striatum,1781.776367,0.6316077091158867,36
1500,striatum,1782.777344,0.9497011063361356,36
1500,striatum,1783.77832,0.8329649598032042,36
1500,striatum,1784.779297,0.7121399343034164,36
1500,striatum,1785.780273,0.8128732454839974,36
1500,striatum,1786.78125,0.7288737497752175,36
1500,striatum,1787.782227,0.8707376300849712,36
1500,striatum,1788.782227,1.0866105817691005,36
1500,striatum,1789.782227,0.22496900569091005,36
1500,striatum,1790.782227,0.6637809910605978,36
1500,striatum,1791.782227,0.8573536759113568,36
1500,striatum,1792.78125,1.021616855970431,36
1500,striatum,1793.78125,0.9096613865836511,36
1500,striatum,1794.780273,0.5118874370210081,36
1500,striatum,1795.779297,1.8356065376614386,36
1500,striatum,1796.77832,1.7453156278230832,36
1500,striatum,1797.776367,2.3445281060891996,36
1500,striatum,1798.775391,2.3118205032910173,36
1500,striatum,1799.773438,3.3060431141045554,36
1500,striatum,1800.771484,4.6839545856267835,36
1500,striatum,1801.769531,5.356938320691179,36
1500,striatum,1802.767578,4.615860443363842,36
1500,striatum,1803.764648,3.80233955585995,36
1500,striatum,1804.761719,3.8638995972556853,36
1500,striatum,1805.758789,3.4920639554841877,36
1500,striatum,1806.755859,0.5767243305397719,36
1500,striatum,1807.75293,0.4739913457752726,36
1500,striatum,1808.749023,0.40698128201972283,36
1500,striatum,1809.746094,0.5220974822700458,36
1500,striatum,1810.742188,1.7654167492935608,36
1500,striatum,1811.738281,1.626966772062563,36
1500,striatum,1812.733398,1.5893422071208405,36
1500,striatum,1813.729492,1.8043200299353581,36
1500,striatum,1814.724609,2.6731691963333843,36
1500,striatum,1815.719727,0.3177748591038823,36
1500,striatum,1816.714844,0.35616235886568137,36
1500,striatum,1817.709961,0.43802260527924963,36
1500,striatum,1818.705078,0.6716795998403323,36
1500,striatum,1819.699219,2.5347751924284654,36
1500,striatum,1820.693359,3.3400458379779425,36
1500,striatum,1821.6875,2.436012991267453,36
1500,striatum,1822.681641,2.295104858221923,36
1500,striatum,1823.675781,1.4428885457021756,36
1500,striatum,1824.668945,1.6318075621256327,36
1500,striatum,1825.662109,0.8004716650744021,36
1500,striatum,1826.655273,0.6474364670041299,36
1500,striatum,1827.648438,0.4370580011285445,36
1500,striatum,1828.641602,0.3462367159586686,36
1500,striatum,1829.633789,1.114427070247619,36
1500,striatum,1830.626953,2.0674695829273504,36
1500,striatum,1831.619141,0.4707931765764625,36
1500,striatum,1832.611328,0.788696854349403,36
1500,striatum,1833.602539,1.7314370939908252,36
1500,striatum,1834.594727,1.5848273708916238,36
1500,striatum,1835.585938,1.922002244857285,36
1500,striatum,1836.577148,2.349015685218246,36
1500,striatum,1837.568359,2.2664379853613985,36
1500,striatum,1838.55957,0.7068548907915462,36
1500,striatum,1839.550781,0.3328928441910801,36
1500,striatum,1840.541016,0.600275268455358,36
1500,striatum,1841.53125,0.6071659688963765,36
1500,striatum,1842.521484,0.5377258636732216,36
1500,striatum,1843.511719,0.6890098741097441,36
1500,striatum,1844.501953,0.7086337278718234,36
1500,striatum,1845.491211,0.6402586887898798,36
1500,striatum,1846.480469,0.8056624748745218,36
1500,striatum,1847.469727,0.8626243559268169,36
1500,striatum,1848.458984,0.8074574465241657,36
1500,striatum,1849.448242,0.7358113785449631,36
1500,striatum,1850.436523,0.6048051663777303,36
1500,striatum,1851.424805,0.657774838346303,36
1500,striatum,1852.413086,3.019009692853312,36
1500,striatum,1853.401367,2.7201223120460964,36
1500,striatum,1854.389648,2.1130728893938837,36
1500,striatum,1855.37793,2.2229426466914814,36
1500,striatum,1856.365234,5.720263807285129,36
1500,striatum,1857.352539,4.9403367244135055,36
1500,striatum,1858.339844,3.933798035266781,36
1500,striatum,1859.327148,1.1139723982654424,36
1500,striatum,1860.313477,2.0014457939530224,36
1500,striatum,1861.300781,1.2155237016400653,36
1500,striatum,1862.287109,2.73327901209273,36
1500,striatum,1863.273438,1.9756269100009085,36
1500,striatum,1864.259766,2.2055802845354813,36
1500,striatum,1865.245117,2.2224249118020034,36
1500,striatum,1866.231445,2.2675215368949555,36
1500,striatum,1867.216797,2.4905501650061668,36
1500,striatum,1868.202148,2.2681737486631284,36
1500,striatum,1869.1875,2.4200751791995487,36
1500,striatum,1870.171875,1.7264078326970431,36
1500,striatum,1871.157227,2.046665361887571,36
1500,striatum,1872.141602,4.492305423774995,36
1500,striatum,1873.125977,3.2362474350305077,36
1500,striatum,1874.110352,1.035645185637355,36
1500,striatum,1875.094727,3.8227420485131796,36
1500,striatum,1876.078125,0.8412460227205386,36
1500,striatum,1877.0625,0.8509100311200398,36
1500,striatum,1878.045898,2.2294812208781583,36
1500,striatum,1879.029297,1.9374529710433377,36
1500,striatum,1880.012695,2.2056239339232526,36
1500,striatum,1880.995117,1.3684104701616264,36
1500,striatum,1881.978516,0.7977663268103907,36
1500,striatum,1882.960938,0.6553495350661508,36
1500,striatum,1883.943359,0.5792057004027646,36
1500,striatum,1884.925781,0.580944936764686,36
1500,striatum,1885.907227,0.23867171668403672,36
1500,striatum,1886.889648,0.16538409434344825,36
1500,striatum,1887.871094,1.4427743177472547,36
1500,striatum,1888.852539,2.642993571144824,36
1500,striatum,1889.833984,1.3676357920817874,36
1500,striatum,1890.81543,1.2163071806642856,36
1500,striatum,1891.795898,1.204231666802959,36
1500,striatum,1892.776367,1.3047920684399583,36
1500,striatum,1893.757813,1.2613975087837417,36
1500,striatum,1894.738281,1.5090400665599362,36
1500,striatum,1895.717773,0.7517544152755213,36
1500,striatum,1896.698242,0.960537442823022,36
1500,striatum,1897.677734,0.902217679959983,36
1500,striatum,1898.657227,0.9427726227898164,36
1500,striatum,1899.636719,1.0781225512428163,36
1500,striatum,1900.616211,0.9861411601354684,36
1500,striatum,1901.595703,0.5430470981347179,36
1500,striatum,1902.574219,3.9038611096635485,36
1500,striatum,1903.552734,1.7547373787197436,36
1500,striatum,1904.53125,1.7457723729734809,36
1500,striatum,1905.509766,1.9577265035903209,36
1500,striatum,1906.488281,2.276611179757018,36
1500,striatum,1907.46582,0.27135852476295086,36
1500,striatum,1908.444336,0.9854729484751809,36
1500,striatum,1909.421875,1.27920639643478,36
1500,striatum,1910.399414,1.2068521751000323,36
1500,striatum,1911.375977,1.0459374043223764,36
1500,striatum,1912.353516,0.9699297467901266,36
1500,striatum,1913.330078,0.7334442479104483,36
1500,striatum,1914.306641,0.45429843662563674,36
1500,striatum,1915.283203,0.48986085123962264,36
1500,striatum,1916.259766,0.41655147497047307,36
1500,striatum,1917.236328,0.5181223113301974,36
1500,striatum,1918.211914,0.71612389767434,36
1500,striatum,1919.1875,0.8022815980403557,36
1500,striatum,1920.163086,0.83154609287947,36
1500,striatum,1921.138672,0.8673168156243105,36
1500,striatum,1922.114258,1.1328637525332923,36
1500,striatum,1923.088867,1.3076042322023345,36
1500,striatum,1924.064453,1.091124517639549,36
1500,striatum,1925.039063,0.999732230609476,36
1500,striatum,1926.013672,0.5374553923248888,36
1500,striatum,1926.987305,0.34410186071331034,36
1500,striatum,1927.961914,0.4553055873026321,36
1500,striatum,1928.935547,3.07124596602977,36
1500,striatum,1929.90918,0.5572093343925731,36
1500,striatum,1930.882813,0.1408894880043933,36
1500,striatum,1931.856445,0.4910132826802331,36
1500,striatum,1932.830078,0.6888257508081296,36
1500,striatum,1933.802734,0.7543938412100905,36
1500,striatum,1934.775391,0.7404745273577636,36
1500,striatum,1935.748047,1.9050964289988255,36
1500,striatum,1936.720703,2.5616682586885466,36
1500,striatum,1937.693359,1.534275018364081,36
1500,striatum,1938.665039,1.440406984314461,36
1500,striatum,1939.636719,1.8916989488721339,36
1500,striatum,1940.608398,2.318520579089595,36
1500,striatum,1941.580078,0.2650648063294956,36
1500,striatum,1942.551758,0.6299771004304603,36
1500,striatum,1943.522461,0.72790979002672,36
1500,striatum,1944.494141,0.8059444228820215,36
1500,striatum,1945.464844,0.8298566446445959,36
1500,striatum,1946.435547,0.8537566065929283,36
1500,striatum,1947.40625,0.8602894539291644,36
1500,striatum,1948.375977,0.7099184669392656,36
1500,striatum,1949.34668,0.7639389748591091,36
1500,striatum,1950.316406,0.8750177895277681,36
1500,striatum,1951.286133,0.9565798061305253,36
1500,striatum,1952.254883,0.822582407815139,36
1500,striatum,1953.224609,0.6850241472459802,36
1500,striatum,1954.194336,0.5639673836190153,36
1500,striatum,1955.163086,0.5105091883822686,36
1500,striatum,1956.131836,7.0763137749751355,36
1500,striatum,1957.100586,1.651680389628351,36
1500,striatum,1958.068359,1.824109901442432,36
1500,striatum,1959.037109,3.1513874654101164,36
1500,striatum,1960.004883,1.5953222929479858,36
1500,striatum,1960.972656,0.864330600623081,36
1500,striatum,1961.94043,0.7464828445066144,36
1500,striatum,1962.908203,0.6831515311482582,36
1500,striatum,1963.875977,0.773797393138707,36
1500,striatum,1964.842773,0.6954525436259507,36
1500,striatum,1965.80957,0.746396881994999,36
1500,striatum,1966.776367,3.2540183543203622,36
1500,striatum,1967.743164,1.089322611156957,36
1500,striatum,1968.708984,0.8669925952760038,36
1500,striatum,1969.675781,1.5652720125884896,36
1500,striatum,1970.641602,1.1940859874032186,36
1500,striatum,1971.607422,2.6879080372467277,36
1500,striatum,1972.573242,0.8518028402591307,36
1500,striatum,1973.539063,0.8507693671186988,36
1500,striatum,1974.503906,0.7949609349113518,36
1500,striatum,1975.46875,0.46286067577124224,36
1500,striatum,1976.43457,0.5558632907593091,36
1500,striatum,1977.398438,0.41819635708346137,36
1500,striatum,1978.363281,0.31153807077752155,36
1500,striatum,1979.328125,5.15757054851621,36
1500,striatum,1980.291992,0.9282740027500997,36
1500,striatum,1981.255859,7.879876643507498,36
1500,striatum,1982.219727,5.216648364642053,36
1500,striatum,1983.183594,5.612709348486844,36
1500,striatum,1984.147461,2.3611397364610327,36
1500,striatum,1985.110352,2.66838173342871,36
1500,striatum,1986.073242,2.9325588322697467,36
1500,striatum,1987.036133,2.7106157217350746,36
1500,striatum,1987.999023,0.5190598761264469,36
1500,striatum,1988.961914,0.908370244718025,36
1500,striatum,1989.923828,0.9156701588518782,36
1500,striatum,1990.886719,0.8590885715994752,36
1500,striatum,1991.848633,0.8642251405446798,36
1500,striatum,1992.810547,0.7396134992142531,36
1500,striatum,1993.771484,0.6580444618088842,36
1500,striatum,1994.733398,0.5712245033808856,36
1500,striatum,1995.694336,0.5055317336130452,36
1500,striatum,1996.655273,0.747951336102433,36
1500,striatum,1997.616211,0.5940507696637748,36
2900,cerebellum,2460.719727,3.8860378811213825,28
2900,cerebellum,2461.619141,3.078133246402152,28
2900,cerebellum,2462.519531,2.375030336567515,28
2900,cerebellum,2463.418945,1.95116199268827,28
2900,cerebellum,2464.318359,1.6913820713288454,28
2900,cerebellum,2465.217773,1.520084864451066,28
2900,cerebellum,2466.117188,1.2879647115483936,28
2900,cerebellum,2467.016602,1.4321063337261872,28
2900,cerebellum,2467.915039,1.64828485983933,28
2900,cerebellum,2468.814453,1.50531964648211,28
2900,cerebellum,2469.712891,1.6433228583980417,28
2900,cerebellum,2470.611328,1.054736631102193,28
2900,cerebellum,2471.508789,0.9768110067311313,28
2900,cerebellum,2472.407227,0.9014730442340334,28
2900,cerebellum,2473.304688,0.560295801647977,28
2900,cerebellum,2474.203125,0.4947548665729144,28
2900,cerebellum,2475.100586,0.26504193630991457,28
2900,cerebellum,2475.99707,0.41174001540735977,28
2900,cerebellum,2476.894531,0.40372843808801645,28
2900,cerebellum,2477.791992,0.3437309162758726,28
2900,cerebellum,2478.688477,0.41253166073713515,28
2900,cerebellum,2479.584961,1.3990283286305307,28
2900,cerebellum,2480.481445,1.5351930070864614,28
2900,cerebellum,2481.37793,1.6287672876530113,28
2900,cerebellum,2482.273438,1.4060549515969574,28
2900,cerebellum,2483.169922,1.4789540851447487,28
2900,cerebellum,2484.06543,1.2308424727765594,28
2900,cerebellum,2484.960938,0.9625460288562356,28
2900,cerebellum,2485.856445,0.9501948284218509,28
2900,cerebellum,2486.751953,0.8404773150221989,28
2900,cerebellum,2487.646484,0.909684554772988,28
2900,cerebellum,2488.541016,0.9881935862628847,28
2900,cerebellum,2489.436523,1.760258080813546,28
2900,cerebellum,2490.331055,2.557089833434401,28
2900,cerebellum,2491.224609,4.387569915297731,28
2900,cerebellum,2492.119141,4.6154086044851805,28
2900,cerebellum,2493.013672,5.483532904299331,28
2900,cerebellum,2493.907227,5.28606134101587,28
2900,cerebellum,2494.800781,5.199390896398988,28
2900,cerebellum,2495.694336,5.834244938502273,28
2900,cerebellum,2496.587891,5.056650660680658,28
2900,cerebellum,2497.480469,5.3135632030018725,28
2900,cerebellum,2498.374023,5.4975887294836765,28
2900,cerebellum,2499.266602,5.237548846704651,28
2900,cerebellum,2500.15918,7.608607903464679,28
2900,cerebellum,2501.051758,6.424511927425126,28
2900,cerebellum,2501.943359,7.310376984168208,28
2900,cerebellum,2502.835938,7.657101673227123,28
2900,cerebellum,2503.727539,7.852462942794307,28
2900,cerebellum,2504.619141,8.43191350940484,28
2900,cerebellum,2505.510742,7.811284674185585,28
2900,cerebellum,2506.402344,7.552194842269531,28
2900,cerebellum,2507.292969,7.2742445769291955,28
2900,cerebellum,2508.18457,6.6209630566802495,28
2900,cerebellum,2509.075195,6.8272532542896895,28
2900,cerebellum,2509.96582,4.773729064888366,28
2900,cerebellum,2510.856445,5.208728477669198,28
2900,cerebellum,2511.74707,4.965499320843041,28
2900,cerebellum,2512.636719,5.297294370013046,28
2900,cerebellum,2513.527344,4.187757812064174,28
2900,cerebellum,2514.416992,5.156737154498119,28
2900,cerebellum,2515.306641,7.477928102597464,28
2900,cerebellum,2516.196289,7.786779296793556,28
2900,cerebellum,2517.084961,7.180034259410746,28
2900,cerebellum,2517.974609,7.661226376753991,28
2900,cerebellum,2518.863281,6.703122979181457,28
2900,cerebellum,2519.751953,8.620753260097883,28
2900,cerebellum,2520.640625,8.246743108019265,28
2900,cerebellum,2521.529297,6.550278131494911,28
2900,cerebellum,2522.416992,5.0454714146729165,28
2900,cerebellum,2523.305664,4.984957594834015,28
2900,cerebellum,2524.193359,5.9354925072132305,28
2900,cerebellum,2525.081055,5.347288354819087,28
2900,cerebellum,2525.96875,5.604957710938001,28
2900,cerebellum,2526.855469,6.139993194256371,28
2900,cerebellum,2527.743164,5.533351398308317,28
2900,cerebellum,2528.629883,7.304592146528529,28
2900,cerebellum,2529.516602,6.194131664509452,28
2900,cerebellum,2530.40332,4.764929829682938,28
2900,cerebellum,2531.290039,5.27862516294839,28
2900,cerebellum,2532.176758,4.929922779232797,28
2900,cerebellum,2533.0625,5.7735953779534555,28
2900,cerebellum,2533.948242,5.604146008517542,28
2900,cerebellum,2534.833984,5.186919027496769,28
2900,cerebellum,2535.719727,5.6545674195169084,28
2900,cerebellum,2536.605469,5.319687772350401,28
2900,cerebellum,2537.490234,6.366750608436304,28
2900,cerebellum,2538.375977,5.5100598326861085,28
2900,cerebellum,2539.260742,4.1949254210316695,28
2900,cerebellum,2540.145508,5.2577923293052775,28
2900,cerebellum,2541.030273,5.107626898373461,28
2900,cerebellum,2541.914063,6.377973509579604,28
2900,cerebellum,2542.798828,6.812915906149582,28
2900,cerebellum,2543.682617,6.476010247257621,28
2900,cerebellum,2544.566406,7.443701633925563,28
2900,cerebellum,2545.450195,6.456558249739197,28
2900,cerebellum,2546.333984,8.021363303779111,28
2900,cerebellum,2547.216797,7.595179973151293,28
2900,cerebellum,2548.100586,8.044812754164052,28
2900,cerebellum,2548.983398,8.499887740925125,28
2900,cerebellum,2549.866211,6.502595730365269,28
2900,cerebellum,2550.749023,6.428249310347674,28
2900,cerebellum,2551.630859,4.340565333841395,28
2900,cerebellum,2552.513672,2.969907934910695,28
2900,cerebellum,2553.395508,3.4377638028459736,28
2900,cerebellum,2554.277344,1.762126662431266,28
2900,cerebellum,2555.15918,3.507345947432857,28
2900,cerebellum,2556.041016,2.4934336926986767,28
2900,cerebellum,2556.922852,2.2518413640124715,28
2900,cerebellum,2557.803711,1.5791488935418532,28
2900,cerebellum,2558.68457,1.0585370432799244,28
2900,cerebellum,2559.56543,1.5785033661570624,28
2900,cerebellum,2560.446289,0.9070754328828691,28
2900,cerebellum,2561.327148,1.5755751003936993,28
2900,cerebellum,2562.207031,1.7671865459836569,28
2900,cerebellum,2563.087891,1.1725329685814936,28
2900,cerebellum,2563.967773,1.5486767242580226,28
2900,cerebellum,2564.847656,0.32772290095175016,28
2900,cerebellum,2565.727539,0.38281530918000994,28
2900,cerebellum,2566.606445,0.006561969164893269,28
2900,cerebellum,2567.486328,0.3725587129604382,28
2900,cerebellum,2568.365234,0.23424409547611494,28
2900,cerebellum,2569.244141,0.07273146537624091,28
2900,cerebellum,2570.123047,0.7192331155672557,28
2900,cerebellum,2571.001953,0.8015017085373686,28
2900,cerebellum,2571.879883,0.5047864925011208,28
2900,cerebellum,2572.758789,0.5052587885644759,28
2900,cerebellum,2573.636719,0.8620501171994762,28
2900,cerebellum,2574.514648,0.35483364436847287,28
2900,cerebellum,2575.392578,1.053295935808355,28
2900,cerebellum,2576.270508,0.4212575020869226,28
2900,cerebellum,2577.147461,0.2672211496701706,28
2900,cerebellum,2578.024414,1.2654384959030804,28
2900,cerebellum,2578.902344,1.861254403260144,28
2900,cerebellum,2579.779297,5.972743794934916,28
2900,cerebellum,2580.655273,5.389196896108884,28
2900,cerebellum,2581.532227,6.608978005279073,28
2900,cerebellum,2582.408203,6.97425889337118,28
2900,cerebellum,2583.285156,6.0711220094815115,28
2900,cerebellum,2584.161133,7.382969534330595,28
2900,cerebellum,2585.037109,4.628601169881071,28
2900,cerebellum,2585.912109,5.770514334423799,28
2900,cerebellum,2586.788086,5.533819572703301,28
2900,cerebellum,2587.663086,4.518761377409673,28
2900,cerebellum,2588.538086,5.901709551306532,28
2900,cerebellum,2589.413086,3.893567681996668,28
2900,cerebellum,2590.288086,5.280090967233142,28
2900,cerebellum,2591.163086,4.597531215918125,28
2900,cerebellum,2592.037109,3.2304582380977434,28
2900,cerebellum,2592.912109,5.271213806112274,28
2900,cerebellum,2593.786133,3.8963914823487835,28
2900,cerebellum,2594.660156,8.246757402222896,28
2900,cerebellum,2595.53418,7.232616880125983,28
2900,cerebellum,2596.407227,6.776805863443264,28
2900,cerebellum,2597.28125,8.308444635562056,28
2900,cerebellum,2598.154297,6.4462064860497,28
2900,cerebellum,2599.027344,8.406896518715653,28
2900,cerebellum,2599.900391,7.565717838937298,28
2900,cerebellum,2600.772461,6.713922197222046,28
2900,cerebellum,2601.645508,6.917330435674055,28
2900,cerebellum,2602.517578,5.24423158842175,28
2900,cerebellum,2603.389648,6.208375095486704,28
2900,cerebellum,2604.261719,3.9682382454380254,28
2900,cerebellum,2605.133789,4.192071784586813,28
2900,cerebellum,2606.005859,4.726546605693716,28
2900,cerebellum,2606.876953,3.4633013241985653,28
2900,cerebellum,2607.749023,4.165517704259051,28
2900,cerebellum,2608.620117,2.597815819740941,28
2900,cerebellum,2609.491211,3.428875340949121,28
2900,cerebellum,2610.361328,2.5841701541303794,28
2900,cerebellum,2611.232422,0.2638299442926903,28
2900,cerebellum,2612.102539,1.3543200787164131,28
2900,cerebellum,2612.973633,0.5326842494801656,28
2900,cerebellum,2613.84375,2.8217343329677913,28
2900,cerebellum,2614.713867,4.910875756399418,28
2900,cerebellum,2615.583008,2.844714818912201,28
2900,cerebellum,2616.453125,3.898033305104226,28
2900,cerebellum,2617.322266,1.9523858978378252,28
2900,cerebellum,2618.191406,3.1778613254504213,28
2900,cerebellum,2619.060547,2.0189805138598893,28
2900,cerebellum,2619.929688,1.479424563853749,28
2900,cerebellum,2620.798828,3.3645980027029254,28
2900,cerebellum,2621.666992,1.7688418770267698,28
2900,cerebellum,2622.536133,2.6100464922533964,28
2900,cerebellum,2623.404297,1.784960847325838,28
2900,cerebellum,2624.272461,1.781972341345517,28
2900,cerebellum,2625.139648,2.1291775065531104,28
2900,cerebellum,2626.007813,0.4295490257903756,28
2900,cerebellum,2626.875,0.9016083009430303,28
2900,cerebellum,2627.743164,0.645107610531362,28
2900,cerebellum,2628.610352,0.4642574848431182,28
2900,cerebellum,2629.476563,0.0391513739071642,28
2900,cerebellum,2630.34375,0.12731671281348944,28
2900,cerebellum,2631.210938,0.28741981729514227,28
2900,cerebellum,2632.077148,0.4242010859432291,28
2900,cerebellum,2632.943359,2.159769945153289,28
2900,cerebellum,2633.80957,2.932611532495657,28
2900,cerebellum,2634.675781,0.8065646942012228,28
2900,cerebellum,2635.541992,0.7255360684082129,28
2900,cerebellum,2636.407227,0.8736237035986854,28
2900,cerebellum,2637.272461,1.9609296927171591,28
2900,cerebellum,2638.138672,4.7819700648369174,28
2900,cerebellum,2639.00293,10.415102559245312,28
2900,cerebellum,2639.868164,10.058306713534897,28
2900,cerebellum,2640.733398,9.893900666095044,28
2900,cerebellum,2641.597656,7.4517603123575835,28
2900,cerebellum,2642.461914,7.386355188274023,28
2900,cerebellum,2643.327148,6.423201916342981,28
2900,cerebellum,2644.19043,6.859774589432761,28
2900,cerebellum,2645.054688,8.725013215776695,28
2900,cerebellum,2645.918945,7.429431662201325,28
2900,cerebellum,2646.782227,9.315542660116398,28
2900,cerebellum,2647.645508,10.174807988509258,28
2900,cerebellum,2648.508789,7.843627026479682,28
2900,cerebellum,2649.37207,9.430497961495211,28
2900,cerebellum,2650.235352,9.268154850198396,28
2900,cerebellum,2651.097656,10.840328952911499,28
2900,cerebellum,2651.960938,12.014593083826634,28
2900,cerebellum,2652.823242,9.349625113835783,28
2900,cerebellum,2653.685547,6.254727943022922,28
2900,cerebellum,2654.546875,3.1717359098808036,28
2900,cerebellum,2655.40918,2.236489418138454,28
2900,cerebellum,2656.270508,1.120879503661999,28
2900,cerebellum,2657.132813,1.641022388247169,28
2900,cerebellum,2657.994141,2.1835648366190763,28
2900,cerebellum,2658.855469,4.378428670464653,28
2900,cerebellum,2659.71582,7.717388300137465,28
2900,cerebellum,2660.577148,9.086953791574006,28
2900,cerebellum,2661.4375,10.493675578993216,28
2900,cerebellum,2662.298828,10.044705680643412,28
2900,cerebellum,2663.15918,10.782826805466375,28
2900,cerebellum,2664.019531,11.423133271031984,28
2900,cerebellum,2664.878906,8.794922455106896,28
2900,cerebellum,2665.739258,11.465561934754783,28
2900,cerebellum,2666.598633,9.160816975502383,28
2900,cerebellum,2667.458008,11.156042026516074,28
2900,cerebellum,2668.317383,13.292905566190969,28
2900,cerebellum,2669.176758,11.946077223653285,28
2900,cerebellum,2670.036133,11.9169018502689,28
2900,cerebellum,2670.894531,10.217116364527804,28
2900,cerebellum,2671.75293,10.925489691636855,28
2900,cerebellum,2672.612305,10.585966412952164,28
2900,cerebellum,2673.470703,8.86355371316906,28
2900,cerebellum,2674.328125,7.338286551954075,28
2900,cerebellum,2675.186523,0.9767538320241538,28
2900,cerebellum,2676.043945,0.7899016071027591,28
2900,cerebellum,2676.902344,1.0707601718655464,28
2900,cerebellum,2677.759766,2.762132977809538,28
2900,cerebellum,2678.617188,5.706795311799103,28
2900,cerebellum,2679.473633,6.085850840008081,28
2900,cerebellum,2680.331055,8.574050907194641,28
2900,cerebellum,2681.1875,6.977375815827603,28
2900,cerebellum,2682.043945,8.66094582902393,28
2900,cerebellum,2682.901367,7.648100712237399,28
2900,cerebellum,2683.756836,5.893165438991875,28
2900,cerebellum,2684.613281,6.130214368420778,28
2900,cerebellum,2685.469727,3.9660746874750723,28
2900,cerebellum,2686.325195,6.028016376473605,28
2900,cerebellum,2687.180664,2.5779843740650223,28
2900,cerebellum,2688.036133,2.04148331995241,28
2900,cerebellum,2688.891602,0.7674022684161443,28
2900,cerebellum,2689.74707,0.2777550073202184,28
2900,cerebellum,2690.601563,1.0625566057886648,28
2900,cerebellum,2691.456055,0.09720051335222851,28
2900,cerebellum,2692.310547,1.2280447207932073,28
2900,cerebellum,2693.165039,2.1853135864822297,28
2900,cerebellum,2694.019531,7.834598513203924,28
2900,cerebellum,2694.874023,5.689388568111284,28
2900,cerebellum,2695.727539,6.36303872807613,28
2900,cerebellum,2696.582031,3.4416254429610302,28
2900,cerebellum,2697.435547,1.1600610454498148,28
2900,cerebellum,2698.289063,1.6713183550165276,28
2900,cerebellum,2699.141602,0.23718583368975524,28
2900,cerebellum,2699.995117,1.9499378776489409,28
2900,cerebellum,2700.847656,1.8353292078101164,28
2900,cerebellum,2701.701172,3.6728769067448885,28
2900,cerebellum,2702.553711,4.451939292758054,28
2900,cerebellum,2703.40625,3.2182509910426305,28
2900,cerebellum,2704.257813,2.120449287910132,28
2900,cerebellum,2705.110352,2.3590506367743127,28
2900,cerebellum,2705.961914,2.1841307640754786,28
2900,cerebellum,2706.813477,3.57924682301578,28
2900,cerebellum,2707.665039,4.922241119528212,28
2900,cerebellum,2708.516602,9.553635789699806,28
2900,cerebellum,2709.368164,7.309101468102624,28
2900,cerebellum,2710.21875,8.898927843783035,28
2900,cerebellum,2711.070313,6.048498095478997,28
2900,cerebellum,2711.920898,4.6682232221743085,28
2900,cerebellum,2712.771484,3.7088156541326405,28
2900,cerebellum,2713.62207,4.786767714304752,28
2900,cerebellum,2714.47168,12.1532684263468,28
2900,cerebellum,2715.322266,11.37020846870536,28
2900,cerebellum,2716.171875,11.689163516434633,28
2900,cerebellum,2717.021484,11.158691733543995,28
2900,cerebellum,2717.871094,9.31736515848408,28
2900,cerebellum,2718.720703,9.90755492592578,28
2900,cerebellum,2719.570313,6.114004349521791,28
2900,cerebellum,2720.418945,4.064152114083283,28
2900,cerebellum,2721.267578,3.047713134912603,28
2900,cerebellum,2722.117188,5.098695472606053,28
2900,cerebellum,2722.96582,10.566391998117455,28
2900,cerebellum,2723.813477,14.991053346727753,28
2900,cerebellum,2724.662109,17.142824532946644,28
2900,cerebellum,2725.509766,14.515106671168507,28
2900,cerebellum,2726.358398,13.027764124508147,28
2900,cerebellum,2727.206055,14.544902308990595,28
2900,cerebellum,2728.053711,13.685911443466868,28
2900,cerebellum,2728.900391,15.671637345034005,28
2900,cerebellum,2729.748047,15.647041314613144,28
2900,cerebellum,2730.594727,21.187868164567334,28
2900,cerebellum,2731.442383,24.414517139920576,28
2900,cerebellum,2732.289063,21.274090169132375,28
2900,cerebellum,2733.134766,17.59753699819046,28
2900,cerebellum,2733.981445,8.88619891605609,28
2900,cerebellum,2734.828125,7.418675799452384,28
2900,cerebellum,2735.673828,4.118671130746301,28
2900,cerebellum,2736.519531,3.9022660995705696,28
2900,cerebellum,2737.365234,2.585446678896826,28
2900,cerebellum,2738.210938,2.3715702281316444,28
2900,cerebellum,2739.056641,2.979351054872332,28
2900,cerebellum,2739.902344,4.129461525936177,28
2900,cerebellum,2740.74707,14.134154500908323,28
2900,cerebellum,2741.591797,6.148852757624741,28
2900,cerebellum,2742.436523,8.921191053730753,28
2900,cerebellum,2743.28125,17.279823079748127,28
2900,cerebellum,2744.125977,13.214611619148977,28
2900,cerebellum,2744.969727,16.677235536643625,28
2900,cerebellum,2745.813477,12.851172143724414,28
2900,cerebellum,2746.658203,12.421330869163501,28
2900,cerebellum,2747.501953,12.556306524579156,28
2900,cerebellum,2748.344727,10.18601220485895,28
2900,cerebellum,2749.188477,12.93330074328079,28
2900,cerebellum,2750.032227,6.060882764093479,28
2900,cerebellum,2750.875,9.149889716533712,28
2900,cerebellum,2751.717773,5.931800123545136,28
2900,cerebellum,2752.560547,6.388909992247358,28
2900,cerebellum,2753.40332,3.483963552872238,28
2900,cerebellum,2754.246094,1.6334796645970688,28
2900,cerebellum,2755.087891,0.5669000875684025,28
2900,cerebellum,2755.929688,1.6050161764157747,28
2900,cerebellum,2756.772461,1.2991572751921276,28
2900,cerebellum,2757.614258,1.9106844956289462,28
2900,cerebellum,2758.455078,0.7827618065409344,28
2900,cerebellum,2759.296875,0.42297327645686367,28
2900,cerebellum,2760.137695,0.07931545343961073,28
2900,cerebellum,2760.979492,2.375288657652384,28
2900,cerebellum,2761.820313,4.040509339516609,28
2900,cerebellum,2762.661133,8.308642498767941,28
2900,cerebellum,2763.501953,7.137550751250202,28
2900,cerebellum,2764.341797,7.128166280480658,28
2900,cerebellum,2765.182617,6.125445766473762,28
2900,cerebellum,2766.022461,5.298737357240301,28
2900,cerebellum,2766.862305,7.075115847871438,28
2900,cerebellum,2767.702148,0.8727888471467831,28
2900,cerebellum,2768.541992,1.6599233736178727,28
2900,cerebellum,2769.380859,0.2895766969465399,28
2900,cerebellum,2770.220703,0.40931300126014486,28
2900,cerebellum,2771.05957,0.1284248792512844,28
2900,cerebellum,2771.898438,0.3717464541263189,28
2900,cerebellum,2772.737305,0.05057432936512855,28
2900,cerebellum,2773.576172,0.3274417918018005,28
2900,cerebellum,2774.415039,0.25389507072920314,28
2900,cerebellum,2775.25293,0.310510518716427,28
2900,cerebellum,2776.09082,0.6846664190452546,28
2900,cerebellum,2776.929688,0.47438144854657294,28
2900,cerebellum,2777.766602,1.0654765848222059,28
2900,cerebellum,2778.604492,0.24836345943864555,28
2900,cerebellum,2779.442383,0.5209474106602027,28
2900,cerebellum,2780.279297,0.6873769620294956,28
2900,cerebellum,2781.117188,0.26025495896269274,28
2900,cerebellum,2781.954102,1.1375387136535577,28
2900,cerebellum,2782.791016,0.4248803145010517,28
2900,cerebellum,2783.626953,0.9030229679481532,28
2900,cerebellum,2784.463867,0.06802410826258942,28
2900,cerebellum,2785.299805,1.4427746097754255,28
2900,cerebellum,2786.136719,2.5410883724674695,28
2900,cerebellum,2786.972656,3.991192493303477,28
2900,cerebellum,2787.808594,4.7596049946261205,28
2900,cerebellum,2788.644531,3.4997397160034542,28
2900,cerebellum,2789.479492,4.471571287042834,28
2900,cerebellum,2790.31543,3.597246307835569,28
2900,cerebellum,2791.150391,4.310154618340623,28
2900,cerebellum,2791.985352,3.847373424613358,28
2900,cerebellum,2792.820313,2.8749975278992532,28
2900,cerebellum,2793.655273,5.5224266752602045,28
2900,cerebellum,2794.489258,5.075656081698547,28
2900,cerebellum,2795.324219,6.922838633671532,28
2900,cerebellum,2796.158203,5.149214736613119,28
2900,cerebellum,2796.992188,4.941673290171543,28
2900,cerebellum,2797.826172,4.8999151573203665,28
2900,cerebellum,2798.660156,3.5063458627849107,28
2900,cerebellum,2799.493164,4.276076038252761,28
2900,cerebellum,2800.327148,1.8890597959478574,28
2900,cerebellum,2801.160156,2.2657118093130215,28
2900,cerebellum,2801.993164,2.207670708175844,28
2900,cerebellum,2802.826172,2.477921083171026,28
2900,cerebellum,2803.65918,2.9111388359604375,28
2900,cerebellum,2804.492188,1.7729974941246722,28
2900,cerebellum,2805.324219,3.542334911045385,28
2900,cerebellum,2806.15625,3.6509806599078747,28
2900,cerebellum,2806.989258,4.791774250917747,28
2900,cerebellum,2807.821289,5.322706779519187,28
2900,cerebellum,2808.652344,4.119022101342787,28
2900,cerebellum,2809.484375,5.256686279096632,28
2900,cerebellum,2810.31543,3.444579141328689,28
2900,cerebellum,2811.147461,4.774068927516966,28
2900,cerebellum,2811.978516,3.0889994838144417,28
2900,cerebellum,2812.80957,2.64293571551679,28
2900,cerebellum,2813.640625,2.187882710865626,28
2900,cerebellum,2814.470703,2.5772661318275714,28
2900,cerebellum,2815.301758,4.029598591872664,28
2900,cerebellum,2816.131836,3.014773207989355,28
2900,cerebellum,2816.961914,3.548389657514916,28
2900,cerebellum,2817.791992,2.880526101298653,28
2900,cerebellum,2818.62207,3.7264751610648896,28
2900,cerebellum,2819.452148,4.196597216709834,28
2900,cerebellum,2820.28125,3.487424567389571,28
2900,cerebellum,2821.111328,3.960939711183341,28
2900,cerebellum,2821.94043,2.4736329669463317,28
2900,cerebellum,2822.769531,2.7411893035649397,28
2900,cerebellum,2823.598633,1.0727321051089624,28
2900,cerebellum,2824.426758,0.741216494237649,28
2900,cerebellum,2825.255859,0.14413067023948867,28
2900,cerebellum,2826.083984,0.07710742328176899,28
2900,cerebellum,2826.912109,0.8537748763678139,28
2900,cerebellum,2827.740234,1.0016872018173797,28
2900,cerebellum,2828.568359,1.0940069734781783,28
2900,cerebellum,2829.396484,0.7458483714000005,28
2900,cerebellum,2830.223633,0.616659104219887,28
2900,cerebellum,2831.051758,0.5455573847202636,28
2900,cerebellum,2831.878906,0.19299240988245586,28
2900,cerebellum,2832.706055,0.33846031690536343,28
2900,cerebellum,2833.533203,0.4029190128835164,28
2900,cerebellum,2834.359375,0.9254737112176096,28
2900,cerebellum,2835.186523,1.2537562758020746,28
2900,cerebellum,2836.012695,1.271956633239429,28
2900,cerebellum,2836.839844,0.7918926819849139,28
2900,cerebellum,2837.666016,0.6214363707604675,28
2900,cerebellum,2838.492188,0.6411964366099288,28
2900,cerebellum,2839.317383,0.9743317273594526,28
2900,cerebellum,2840.143555,1.1514934003113342,28
2900,cerebellum,2840.96875,0.9584426736088344,28
2900,cerebellum,2841.794922,1.3336177662932913,28
2900,cerebellum,2842.620117,1.7502148575445222,28
2900,cerebellum,2843.445313,1.8077451502743274,28
2900,cerebellum,2844.269531,1.8934879567703404,28
2900,cerebellum,2845.094727,1.0116833241579541,28
2900,cerebellum,2845.918945,0.059866233931066465,28
2900,cerebellum,2846.744141,0.21715439956979937,28
2900,cerebellum,2847.568359,0.3517357826326667,28
2900,cerebellum,2848.392578,0.28650186873425526,28
2900,cerebellum,2849.21582,0.17885278769970483,28
2900,cerebellum,2850.040039,0.1637535617871372,28
2900,cerebellum,2850.864258,0.30802368025907284,28
2900,cerebellum,2851.6875,0.884761549078387,28
2900,cerebellum,2852.510742,3.2542815955926643,28
2900,cerebellum,2853.333984,7.739963870993305,28
2900,cerebellum,2854.157227,9.637165376764994,28
2900,cerebellum,2854.979492,9.784550877255837,28
2900,cerebellum,2855.802734,8.639461715997268,28
2900,cerebellum,2856.625,8.196633373186847,28
2900,cerebellum,2857.447266,6.774549340560642,28
2900,cerebellum,2858.269531,4.6208271931102605,28
2900,cerebellum,2859.091797,4.177156175730612,28
2900,cerebellum,2859.914063,5.166731731368728,28
2900,cerebellum,2860.736328,5.248499874921131,28
2900,cerebellum,2861.557617,4.405604064617124,28
2900,cerebellum,2862.378906,3.3260254109232026,28
2900,cerebellum,2863.200195,2.4628956260904222,28
2900,cerebellum,2864.021484,1.5832233259159234,28
2900,cerebellum,2864.842773,0.9809896689948452,28
2900,cerebellum,2865.663086,1.5492733203964966,28
2900,cerebellum,2866.484375,1.6746674590945168,28
2900,cerebellum,2867.304688,2.2873718540280557,28
2900,cerebellum,2868.125,2.6936808629359614,28
2900,cerebellum,2868.945313,4.745520560421235,28
2900,cerebellum,2869.765625,4.553687263395014,28
2900,cerebellum,2870.584961,3.5512670513085687,28
2900,cerebellum,2871.405273,2.970190796078357,28
2900,cerebellum,2872.224609,4.007985707074692,28
2900,cerebellum,2873.043945,2.535352558998306,28
2900,cerebellum,2873.863281,1.2034014548985421,28
2900,cerebellum,2874.682617,4.764012399716944,28
2900,cerebellum,2875.501953,10.154277904587621,28
2900,cerebellum,2876.320313,10.859925050962044,28
2900,cerebellum,2877.138672,10.805160266869121,28
2900,cerebellum,2877.958008,9.366800188901305,28
2900,cerebellum,2878.776367,5.372310380840246,28
2900,cerebellum,2879.59375,1.5653098733354822,28
2900,cerebellum,2880.412109,0.7044581723172162,28
2900,cerebellum,2881.230469,4.389493001808596,28
2900,cerebellum,2882.047852,6.965894081432829,28
2900,cerebellum,2882.865234,4.229406774084462,28
2900,cerebellum,2883.682617,4.425266830274558,28
2900,cerebellum,2884.5,4.478248174199234,28
2900,cerebellum,2885.317383,4.18141871461605,28
2900,cerebellum,2886.133789,3.7415655098183658,28
2900,cerebellum,2886.951172,3.203945991942138,28
2900,cerebellum,2887.767578,5.85043664269285,28
2900,cerebellum,2888.583984,5.9127285252101,28
2900,cerebellum,2889.400391,3.523973597281899,28
2900,cerebellum,2890.216797,3.886343186827808,28
2900,cerebellum,2891.032227,3.811043499170031,28
2900,cerebellum,2891.848633,2.3835379091579285,28
2900,cerebellum,2892.664063,2.1257862570255868,28
2900,cerebellum,2893.479492,1.502490754455839,28
2900,cerebellum,2894.294922,1.3974504665068244,28
2900,cerebellum,2895.110352,1.028355157751454,28
2900,cerebellum,2895.925781,0.8662783815745799,28
2900,cerebellum,2896.740234,0.9341272892385025,28
2900,cerebellum,2897.555664,0.7925994295833951,28
2900,cerebellum,2898.370117,1.0335147949623678,28
2900,cerebellum,2899.18457,0.6623071284812803,28
2900,cerebellum,2899.999023,0.5501030955284684,28
2900,cerebellum,2900.8125,0.27309709257370995,28
2900,cerebellum,2901.626953,0.32804827672440356,28
2900,cerebellum,2902.44043,0.2505852963817198,28
2900,cerebellum,2903.254883,0.08997276387107497,28
2900,cerebellum,2904.068359,0.13412885117402834,28
2900,cerebellum,2904.881836,0.10364108074766487,28
2900,cerebellum,2905.694336,0.11931985447240674,28
2900,cerebellum,2906.507813,0.03217626090848587,28
2900,cerebellum,2907.320313,0.0762549847929383,28
2900,cerebellum,2908.133789,0.06292213899486446,28
2900,cerebellum,2908.946289,0.04721441804880596,28
2900,cerebellum,2909.758789,0.17198786457663023,28
2900,cerebellum,2910.571289,0.18879198783322584,28
2900,cerebellum,2911.382813,0.1575825390844797,28
2900,cerebellum,2912.195313,0.09712448309951453,28
2900,cerebellum,2913.006836,0.11773745099757528,28
2900,cerebellum,2913.818359,0.03417116473910636,28
2900,cerebellum,2914.630859,0.009757448345890676,28
2900,cerebellum,2915.441406,0.00667598772504985,28
2900,cerebellum,2916.25293,0.0964635788288572,28
2900,cerebellum,2917.064453,0.25086014245178934,28
2900,cerebellum,2917.875,0.5710852721939568,28
2900,cerebellum,2918.685547,0.46947060036537674,28
2900,cerebellum,2919.496094,0.6702829443716284,28
2900,cerebellum,2920.306641,0.6519790007390094,28
2900,cerebellum,2921.117188,0.6382532588297237,28
2900,cerebellum,2921.927734,0.7538428448845745,28
2900,cerebellum,2922.737305,0.7309558694745254,28
2900,cerebellum,2923.547852,1.0643558069074948,28
2900,cerebellum,2924.357422,1.160119531259378,28
2900,cerebellum,2925.166992,1.711554619151376,28
2900,cerebellum,2925.976563,1.7303884218573558,28
2900,cerebellum,2926.785156,1.5918474021465294,28
2900,cerebellum,2927.594727,1.5694050083186097,28
2900,cerebellum,2928.40332,1.4529428490303862,28
2900,cerebellum,2929.211914,1.3808293105171983,28
2900,cerebellum,2930.021484,1.1974808919431938,28
2900,cerebellum,2930.829102,1.350282454476713,28
2900,cerebellum,2931.637695,1.2603346691642796,28
2900,cerebellum,2932.446289,1.1840782184894825,28
2900,cerebellum,2933.253906,1.4107253551345778,28
2900,cerebellum,2934.0625,1.4872130304560762,28
2900,cerebellum,2934.870117,1.6831349193230576,28
2900,cerebellum,2935.677734,1.5593926166537477,28
2900,cerebellum,2936.485352,1.8718715507249246,28
2900,cerebellum,2937.291992,1.6757826694708462,28
2900,cerebellum,2938.099609,1.9259171319506323,28
2900,cerebellum,2938.90625,1.8440895073883472,28
2900,cerebellum,2939.712891,1.8325673714970436,28
2900,cerebellum,2940.519531,1.4620481640315004,28
2900,cerebellum,2941.326172,1.4699808214049652,28
2900,cerebellum,2942.132813,1.5288006276843842,28
2900,cerebellum,2942.939453,1.3964851948471857,28
2900,cerebellum,2943.745117,1.4815692836416412,28
2900,cerebellum,2944.550781,1.4047734050418645,28
2900,cerebellum,2945.356445,1.7774320608595384,28
2900,cerebellum,2946.162109,2.0435839334912003,28
2900,cerebellum,2946.967773,2.541431526734984,28
2900,cerebellum,2947.773438,3.5571993397889625,28
2900,cerebellum,2948.578125,3.8045705213487793,28
2900,cerebellum,2949.383789,5.299630927874291,28
2900,cerebellum,2950.188477,6.691992682593225,28
2900,cerebellum,2950.993164,8.605051502988355,28
2900,cerebellum,2951.797852,9.701697839553296,28
2900,cerebellum,2952.602539,10.866764547756015,28
2900,cerebellum,2953.40625,11.906949950331637,28
2900,cerebellum,2954.210938,12.162526519331395,28
2900,cerebellum,2955.014648,13.187271676532209,28
2900,cerebellum,2955.818359,13.422783081633739,28
2900,cerebellum,2956.62207,13.0016422775085,28
2900,cerebellum,2957.425781,12.251153111820303,28
2900,cerebellum,2958.229492,12.122592724240434,28
2900,cerebellum,2959.032227,11.504649881613956,28
2900,cerebellum,2959.834961,11.22647405294707,28
2900,cerebellum,2960.638672,11.600288300438894,28
2900,cerebellum,2961.441406,11.616261391874747,28
2900,cerebellum,2962.244141,11.832868992925317,28
2900,cerebellum,2963.045898,12.15366779090424,28
2900,cerebellum,2963.848633,13.367353940504975,28
2900,cerebellum,2964.650391,13.397789646301336,28
2900,cerebellum,2965.453125,14.347929667134428,28
2900,cerebellum,2966.254883,14.510891023952865,28
2900,cerebellum,2967.056641,14.7604629897465,28
2900,cerebellum,2967.858398,14.656371328944745,28
2900,cerebellum,2968.65918,14.879077889575017,28
2900,cerebellum,2969.460938,15.105947930757061,28
2900,cerebellum,2970.261719,13.730811470428696,28
2900,cerebellum,2971.0625,13.640191547175544,28
2900,cerebellum,2971.863281,12.416948312134988,28
2900,cerebellum,2972.664063,11.038495074335627,28
2900,cerebellum,2973.464844,9.809301566100308,28
2900,cerebellum,2974.265625,8.728139991056981,28
2900,cerebellum,2975.06543,8.477363665902917,28
2900,cerebellum,2975.865234,7.072450248022787,28
2900,cerebellum,2976.666016,7.643439406116873,28
2900,cerebellum,2977.46582,7.2134463183865,28
2900,cerebellum,2978.264648,7.455575391942649,28
2900,cerebellum,2979.064453,7.141044375622038,28
2900,cerebellum,2979.864258,7.250134708563384,28
2900,cerebellum,2980.663086,6.594522408472917,28
2900,cerebellum,2981.461914,6.24673253609727,28
2900,cerebellum,2982.260742,6.2142408628968955,28
2900,cerebellum,2983.05957,5.769301578385681,28
2900,cerebellum,2983.858398,5.866310615312485,28
2900,cerebellum,2984.657227,6.197390526752207,28
2900,cerebellum,2985.455078,6.62856158937875,28
2900,cerebellum,2986.253906,6.525718371180971,28
2900,cerebellum,2987.051758,6.4986360978490545,28
2900,cerebellum,2987.849609,6.551890006706258,28
2900,cerebellum,2988.647461,5.34410844002701,28
2900,cerebellum,2989.444336,5.578881174783857,28
2900,cerebellum,2990.242188,4.7575508414674,28
2900,cerebellum,2991.039063,5.434813656817465,28
2900,cerebellum,2991.836914,4.856657297381444,28
2900,cerebellum,2992.633789,6.416238151159872,28
2900,cerebellum,2993.430664,6.8699567376724415,28
2900,cerebellum,2994.227539,6.419040029251176,28
2900,cerebellum,2995.023438,7.451934294013886,28
2900,cerebellum,2995.820313,5.607174076985525,28
2900,cerebellum,2996.616211,6.01667441982021,28
2900,cerebellum,2997.412109,5.221012006054535,28
2900,cerebellum,2998.208008,5.749025204134109,28
2900,cerebellum,2999.003906,4.223910159033348,28
2900,cerebellum,2999.799805,3.522112939587116,28
2900,cerebellum,3000.595703,3.741673696155402,28
2900,cerebellum,3001.390625,3.679380783949801,28
2900,cerebellum,3002.185547,4.347269119001694,28
2900,cerebellum,3002.981445,4.9757647327690675,28
2900,cerebellum,3003.776367,7.152164969433602,28
2900,cerebellum,3004.571289,7.053368470509464,28
2900,cerebellum,3005.365234,5.096060074690477,28
2900,cerebellum,3006.160156,5.772426278970395,28
2900,cerebellum,3006.954102,5.696619537852176,28
2900,cerebellum,3007.748047,5.058261549487164,28
2900,cerebellum,3008.542969,3.7462205295982374,28
2900,cerebellum,3009.336914,5.018569941147672,28
2900,cerebellum,3010.129883,0.7274961807314022,28
2900,cerebellum,3010.923828,0.18068675793886402,28
2900,cerebellum,3011.717773,0.07499199961257887,28
2900,cerebellum,3012.510742,0.1656655182171741,28
2900,cerebellum,3013.303711,0.24249454918022603,28
2900,cerebellum,3014.09668,0.04702037469875341,28
2900,cerebellum,3014.889648,0.2426594482096083,28
2900,cerebellum,3015.682617,0.00039727242691052695,28
2900,cerebellum,3016.474609,0.16466716333618442,28
2900,cerebellum,3017.267578,0.16020603315641263,28
2900,cerebellum,3018.05957,0.32797984266145885,28
2900,cerebellum,3018.851563,0.7457635088890009,28
2900,cerebellum,3019.643555,0.7347667851692397,28
2900,cerebellum,3020.435547,0.07167119683734824,28
2900,cerebellum,3021.227539,0.2784113353159379,28
2900,cerebellum,3022.019531,1.3021796868856532,28
2900,cerebellum,3022.810547,3.2470875187811865,28
2900,cerebellum,3023.601563,3.9343737828001815,28
2900,cerebellum,3024.392578,5.153244398292687,28
2900,cerebellum,3025.183594,6.913204291571705,28
2900,cerebellum,3025.974609,6.970394823925362,28
2900,cerebellum,3026.765625,5.742394879894252,28
2900,cerebellum,3027.555664,6.892757431207088,28
2900,cerebellum,3028.34668,7.213494872359163,28
2900,cerebellum,3029.136719,6.3426650297276,28
2900,cerebellum,3029.926758,6.27258709469304,28
2900,cerebellum,3030.716797,6.363257202345797,28
2900,cerebellum,3031.506836,6.761705138817609,28
2900,cerebellum,3032.296875,6.627857764830963,28
2900,cerebellum,3033.085938,7.310566302207264,28
2900,cerebellum,3033.875,4.905609575884627,28
2900,cerebellum,3034.665039,3.90010848112856,28
2900,cerebellum,3035.454102,3.136822500811559,28
2900,cerebellum,3036.243164,2.6100063346739715,28
2900,cerebellum,3037.03125,2.3948313057152504,28
2900,cerebellum,3037.820313,2.7034644197835562,28
2900,cerebellum,3038.608398,3.9335596826872132,28
2900,cerebellum,3039.397461,6.144611421214317,28
2900,cerebellum,3040.185547,8.480863662421731,28
2900,cerebellum,3040.973633,9.055370072318896,28
2900,cerebellum,3041.761719,8.893524129917605,28
2900,cerebellum,3042.548828,8.087206602353763,28
2900,cerebellum,3043.336914,8.47256828119018,28
2900,cerebellum,3044.124023,8.795983161434417,28
2900,cerebellum,3044.912109,8.81187568416402,28
2900,cerebellum,3045.699219,9.45238035063168,28
2900,cerebellum,3046.486328,10.121663635756665,28
2900,cerebellum,3047.273438,11.880835335170497,28
2900,cerebellum,3048.05957,12.135093535721229,28
2900,cerebellum,3048.84668,13.490506766872697,28
2900,cerebellum,3049.632813,13.328949501133115,28
2900,cerebellum,3050.418945,12.256868563560326,28
2900,cerebellum,3051.206055,13.522426415179439,28
2900,cerebellum,3051.992188,14.186079168651984,28
2900,cerebellum,3052.777344,13.748377930179476,28
2900,cerebellum,3053.563477,13.720839922516886,28
2900,cerebellum,3054.348633,13.726322409312301,28
2900,cerebellum,3055.134766,12.778656141772274,28
2900,cerebellum,3055.919922,12.350539101648375,28
2900,cerebellum,3056.705078,12.196034089966032,28
2900,cerebellum,3057.490234,12.113189423257475,28
2900,cerebellum,3058.275391,12.799184192898887,28
2900,cerebellum,3059.05957,14.223571908657597,28
2900,cerebellum,3059.844727,12.98607900782181,28
2900,cerebellum,3060.628906,13.004147018545506,28
2900,cerebellum,3061.413086,14.058304034539058,28
2900,cerebellum,3062.198242,13.459850909552877,28
2900,cerebellum,3062.981445,12.526345676854335,28
2900,cerebellum,3063.765625,12.563884347769772,28
2900,cerebellum,3064.549805,13.059732545804472,28
2900,cerebellum,3065.333008,12.979452868608611,28
2900,cerebellum,3066.117188,13.623092135723931,28
2900,cerebellum,3066.900391,12.8965377597584,28
2900,cerebellum,3067.683594,11.927410201400418,28
2900,cerebellum,3068.466797,12.38300914941954,28
2900,cerebellum,3069.249023,13.295990234959445,28
2900,cerebellum,3070.032227,13.558125695652954,28
2900,cerebellum,3070.814453,12.16273131007477,28
2900,cerebellum,3071.597656,11.981542992353829,28
2900,cerebellum,3072.379883,11.91324822758609,28
2900,cerebellum,3073.162109,11.128392774451067,28
2900,cerebellum,3073.944336,10.452080576483745,28
2900,cerebellum,3074.725586,10.677066866528122,28
2900,cerebellum,3075.507813,10.285203530343134,28
2900,cerebellum,3076.289063,9.56246582946673,28
2900,cerebellum,3077.071289,9.41937639445523,28
2900,cerebellum,3077.852539,7.995254926548098,28
2900,cerebellum,3078.633789,5.312941161046382,28
2900,cerebellum,3079.414063,4.570002062420563,28
2900,cerebellum,3080.195313,3.7142148993794355,28
2900,cerebellum,3080.976563,3.490843980749648,28
2900,cerebellum,3081.756836,4.383900270445455,28
2900,cerebellum,3082.537109,5.237379874812321,28
2900,cerebellum,3083.317383,5.454123821751448,28
2900,cerebellum,3084.097656,5.934832684476669,28
2900,cerebellum,3084.87793,5.841146564307424,28
2900,cerebellum,3085.658203,3.908314489593103,28
2900,cerebellum,3086.4375,2.023850054440879,28
2900,cerebellum,3087.217773,1.0190195693044315,28
2900,cerebellum,3087.99707,0.7784414371118628,28
2900,cerebellum,3088.776367,1.926769941101894,28
2900,cerebellum,3089.555664,1.4881676302992193,28
2900,cerebellum,3090.334961,1.7487306392597066,28
2900,cerebellum,3091.114258,2.4273044705637044,28
2900,cerebellum,3091.892578,1.7685797245780146,28
2900,cerebellum,3092.670898,0.7138543532442815,28
2900,cerebellum,3093.450195,0.12276235323302166,28
2900,cerebellum,3094.228516,0.09850617483732119,28
2900,cerebellum,3095.006836,0.75831494659919,28
2900,cerebellum,3095.78418,1.1065466859366329,28
2900,cerebellum,3096.5625,0.8163962860616285,28
2900,cerebellum,3097.34082,0.6628077836759515,28
2900,cerebellum,3098.118164,2.4028443256664938,28
2900,cerebellum,3098.895508,4.167551373227768,28
2900,cerebellum,3099.672852,2.711047301692517,28
2900,cerebellum,3100.450195,1.541957657085921,28
2900,cerebellum,3101.227539,0.49442936578652164,28
2900,cerebellum,3102.004883,0.007138154744176107,28
2900,cerebellum,3102.78125,0.8630840604386223,28
2900,cerebellum,3103.557617,0.8327416703266012,28
2900,cerebellum,3104.334961,0.5143855191617573,28
2900,cerebellum,3105.111328,1.1450553719544438,28
2900,cerebellum,3105.887695,3.0358641995795783,28
2900,cerebellum,3106.663086,3.177851715083456,28
2900,cerebellum,3107.439453,0.9002392257185909,28
2900,cerebellum,3108.214844,0.7634289867821601,28
2900,cerebellum,3108.991211,2.6327350862412024,28
2900,cerebellum,3109.766602,5.338442101845084,28
2900,cerebellum,3110.541992,5.641852910708329,28
2900,cerebellum,3111.317383,5.109378374891504,28
2900,cerebellum,3112.092773,3.4937632549032864,28
2900,cerebellum,3112.867188,1.7931659005295895,28
2900,cerebellum,3113.642578,1.3120244525283489,28
2900,cerebellum,3114.416992,1.736828649232904,28
2900,cerebellum,3115.191406,2.1858770972750037,28
2900,cerebellum,3115.96582,3.359108258464871,28
2900,cerebellum,3116.740234,2.905779935706606,28
2900,cerebellum,3117.514648,1.9315409233170593,28
2900,cerebellum,3118.289063,1.324321330985668,28
2900,cerebellum,3119.0625,0.3446767471930944,28
2900,cerebellum,3119.835938,0.06747013257292937,28
2900,cerebellum,3120.610352,0.3513926773210765,28
2900,cerebellum,3121.383789,0.20193184824006283,28
2900,cerebellum,3122.15625,0.5279716248475229,28
2900,cerebellum,3122.929688,1.0311144112222543,28
2900,cerebellum,3123.703125,1.1767674216570367,28
2900,cerebellum,3124.475586,2.2981600863945517,28
2900,cerebellum,3125.249023,2.615797799237922,28
2900,cerebellum,3126.021484,3.514220895823421,28
2900,cerebellum,3126.793945,3.266555566563729,28
2900,cerebellum,3127.566406,2.405197492257011,28
2900,cerebellum,3128.337891,1.9601490080142603,28
2900,cerebellum,3129.110352,1.6391070767053997,28
2900,cerebellum,3129.882813,2.1518313736931427,28
2900,cerebellum,3130.654297,2.1439601700730795,28
2900,cerebellum,3131.425781,2.5870700235274513,28
2900,cerebellum,3132.197266,2.7310816285452004,28
2900,cerebellum,3132.96875,3.09855465252304,28
2900,cerebellum,3133.740234,4.173939743249251,28
2900,cerebellum,3134.510742,5.116003747135869,28
2900,cerebellum,3135.282227,6.190600771887835,28
2900,cerebellum,3136.052734,5.540469535567247,28
2900,cerebellum,3136.823242,5.099641398461963,28
2900,cerebellum,3137.59375,5.003451947839424,28
2900,cerebellum,3138.364258,4.844205295774333,28
2900,cerebellum,3139.134766,3.7503698992486183,28
2900,cerebellum,3139.905273,3.065535558313227,28
2900,cerebellum,3140.674805,0.9232367771203999,28
2900,cerebellum,3141.444336,0.4815091740851164,28
2900,cerebellum,3142.213867,1.0283452367082262,28
2900,cerebellum,3142.984375,2.2923013211794268,28
2900,cerebellum,3143.75293,0.8329433260585987,28
2900,cerebellum,3144.522461,0.519601308964063,28
2900,cerebellum,3145.291992,1.0443475414152725,28
2900,cerebellum,3146.060547,1.0218072182219828,28
2900,cerebellum,3146.830078,1.8219809774330005,28
2900,cerebellum,3147.598633,1.4639610135903574,28
2900,cerebellum,3148.367188,1.7281318578640612,28
2900,cerebellum,3149.135742,1.7612981607463258,28
2900,cerebellum,3149.90332,2.026510235274938,28
2900,cerebellum,3150.671875,0.46488109805213446,28
2900,cerebellum,3151.439453,0.014280072583601677,28
2900,cerebellum,3152.208008,1.4821895943314154,28
2900,cerebellum,3152.975586,2.690698249342165,28
2900,cerebellum,3153.743164,4.555941554106065,28
2900,cerebellum,3154.510742,4.403834451435876,28
2900,cerebellum,3155.27832,5.177806883927025,28
2900,cerebellum,3156.044922,1.2513309801393728,28
2900,cerebellum,3156.8125,0.7720259847348996,28
2900,cerebellum,3157.579102,0.8295277894341244,28
2900,cerebellum,3158.345703,1.3676189134687002,28
2900,cerebellum,3159.112305,3.8310946100066454,28
2900,cerebellum,3159.878906,5.321359653538185,28
2900,cerebellum,3160.645508,13.727020501126466,28
2900,cerebellum,3161.412109,13.336893289555157,28
2900,cerebellum,3162.177734,14.737261461912562,28
2900,cerebellum,3162.943359,12.94333892717739,28
2900,cerebellum,3163.709961,11.830720722913377,28
2900,cerebellum,3164.475586,11.270178222107603,28
2900,cerebellum,3165.241211,10.026118960323542,28
2900,cerebellum,3166.005859,8.464354706307038,28
2900,cerebellum,3166.771484,6.880632444215952,28
2900,cerebellum,3167.537109,3.5086613797825765,28
2900,cerebellum,3168.301758,2.012988427398201,28
2900,cerebellum,3169.066406,3.230926299360487,28
2900,cerebellum,3169.831055,4.271411084536677,28
2900,cerebellum,3170.595703,5.87040305691419,28
2900,cerebellum,3171.360352,8.229245039306278,28
2900,cerebellum,3172.125,9.535266221473798,28
2900,cerebellum,3172.888672,9.827933111644027,28
2900,cerebellum,3173.652344,10.198447838347457,28
2900,cerebellum,3174.416992,9.767122470625091,28
2900,cerebellum,3175.180664,8.192032888520925,28
2900,cerebellum,3175.944336,9.141984344986017,28
2900,cerebellum,3176.707031,8.579943019779876,28
2900,cerebellum,3177.470703,7.166402218646956,28
2900,cerebellum,3178.234375,6.437971021385418,28
2900,cerebellum,3178.99707,7.077668105847586,28
2900,cerebellum,3179.759766,6.25789273876944,28
2900,cerebellum,3180.522461,8.43938612395837,28
2900,cerebellum,3181.285156,8.995392301428392,28
2900,cerebellum,3182.047852,11.545741913030188,28
2900,cerebellum,3182.810547,12.198832890863157,28
2900,cerebellum,3183.572266,12.315734605434686,28
2900,cerebellum,3184.334961,11.93070893222783,28
2900,cerebellum,3185.09668,12.180079315193293,28
2900,cerebellum,3185.858398,12.652064867359108,28
2900,cerebellum,3186.620117,11.715725084047811,28
2900,cerebellum,3187.381836,12.177778866044752,28
2900,cerebellum,3188.142578,10.848128152089956,28
2900,cerebellum,3188.904297,10.327614584046627,28
2900,cerebellum,3189.665039,10.692254370578539,28
2900,cerebellum,3190.425781,10.387899752061184,28
2900,cerebellum,3191.1875,9.678320347534157,28
2900,cerebellum,3191.948242,10.135583602537245,28
2900,cerebellum,3192.708008,10.369314980287848,28
2900,cerebellum,3193.46875,10.85556725731911,28
2900,cerebellum,3194.229492,10.043427195524295,28
2900,cerebellum,3194.989258,9.786609072354434,28
2900,cerebellum,3195.749023,8.953307269240517,28
2900,cerebellum,3196.508789,8.614321814109816,28
2900,cerebellum,3197.268555,9.09253132700535,28
2900,cerebellum,3198.02832,8.35226980694058,28
2900,cerebellum,3198.788086,9.314126188993164,28
2900,cerebellum,3199.546875,9.765047430743676,28
2900,cerebellum,3200.306641,11.575533765538674,28
2900,cerebellum,3201.06543,11.341174805996618,28
2900,cerebellum,3201.824219,11.332042416950761,28
2900,cerebellum,3202.583008,10.20010871505597,28
2900,cerebellum,3203.341797,9.683629679874413,28
2900,cerebellum,3204.100586,9.23524356607671,28
2900,cerebellum,3204.858398,10.357709057038088,28
2900,cerebellum,3205.617188,9.91802769378458,28
2900,cerebellum,3206.375,9.267709088142453,28
2900,cerebellum,3207.132813,8.182430989925962,28
2900,cerebellum,3207.890625,8.062522793109657,28
2900,cerebellum,3208.648438,8.30528994853031,28
2900,cerebellum,3209.40625,8.565258509994546,28
2900,cerebellum,3210.164063,9.707833196547726,28
2900,cerebellum,3210.920898,9.774620879960493,28
2900,cerebellum,3211.677734,8.783084789860606,28
2900,cerebellum,3212.43457,8.925589362661192,28
2900,cerebellum,3213.191406,9.664587380249538,28
2900,cerebellum,3213.948242,9.652930109938657,28
2900,cerebellum,3214.705078,10.117294809412437,28
2900,cerebellum,3215.461914,10.352837035334357,28
2900,cerebellum,3216.217773,11.04821071024873,28
2900,cerebellum,3216.973633,11.118005264356544,28
2900,cerebellum,3217.730469,10.738022810143425,28
2900,cerebellum,3218.486328,10.1981853199432,28
2900,cerebellum,3219.242188,8.897768179484263,28
2900,cerebellum,3219.99707,8.57441625177672,28
2900,cerebellum,3220.75293,8.154361551833583,28
2900,cerebellum,3221.507813,7.900435593454598,28
2900,cerebellum,3222.263672,7.177648161897771,28
2900,cerebellum,3223.018555,7.100748589026453,28
2900,cerebellum,3223.773438,7.137729025356623,28
2900,cerebellum,3224.52832,7.549278283882113,28
2900,cerebellum,3225.283203,7.627086127874321,28
2900,cerebellum,3226.037109,8.541535644174608,28
2900,cerebellum,3226.791992,8.019943699674247,28
2900,cerebellum,3227.545898,7.867704804399733,28
2900,cerebellum,3228.299805,8.009318098284655,28
2900,cerebellum,3229.053711,7.394206938268117,28
2900,cerebellum,3229.807617,7.479492307073379,28
2900,cerebellum,3230.561523,7.951985385922015,28
2900,cerebellum,3231.31543,8.675800212390845,28
2900,cerebellum,3232.068359,8.459882499731977,28
2900,cerebellum,3232.822266,9.044297849095058,28
2900,cerebellum,3233.575195,9.273901693819122,28
2900,cerebellum,3234.328125,10.028266285035048,28
2900,cerebellum,3235.081055,9.94585758927794,28
2900,cerebellum,3235.833984,9.995190122871257,28
2900,cerebellum,3236.585938,10.96084350956085,28
2900,cerebellum,3237.338867,9.976854781048244,28
2900,cerebellum,3238.09082,8.646375350130215,28
2900,cerebellum,3238.84375,7.821133659898856,28
2900,cerebellum,3239.595703,6.725814547575614,28
2900,cerebellum,3240.347656,6.074199214909805,28
2900,cerebellum,3241.099609,6.205387637041383,28
2900,cerebellum,3241.850586,5.948861114532675,28
2900,cerebellum,3242.602539,6.480550467186169,28
2900,cerebellum,3243.353516,6.57034269413623,28
2900,cerebellum,3244.104492,9.151305032806984,28
2900,cerebellum,3244.856445,8.12830461474915,28
2900,cerebellum,3245.607422,9.110618342737935,28
2900,cerebellum,3246.357422,8.68997305103581,28
2900,cerebellum,3247.108398,8.57735910468873,28
2900,cerebellum,3247.859375,8.758099420794618,28
2900,cerebellum,3248.609375,9.113126108310949,28
2900,cerebellum,3249.359375,9.157936683180894,28
2900,cerebellum,3250.109375,9.032744970537577,28
2900,cerebellum,3250.859375,7.719651947065392,28
2900,cerebellum,3251.609375,7.975662214672091,28
2900,cerebellum,3252.359375,9.589753543601978,28
2900,cerebellum,3253.109375,10.906510595401668,28
2900,cerebellum,3253.858398,10.155973005810495,28
2900,cerebellum,3254.607422,7.684880638828759,28
2900,cerebellum,3255.357422,6.877325424526219,28
2900,cerebellum,3256.106445,4.918468165199547,28
2900,cerebellum,3256.854492,4.995569326657979,28
2900,cerebellum,3257.603516,2.6347175228018593,28
2900,cerebellum,3258.352539,1.6397110563118797,28
2900,cerebellum,3259.100586,0.8868842999522969,28
2900,cerebellum,3259.849609,1.226720480364682,28
2900,cerebellum,3260.597656,1.5534397931204083,28
2900,cerebellum,3261.345703,0.7747905689284106,28
2900,cerebellum,3262.09375,0.7771064254564471,28
2900,cerebellum,3262.84082,0.5208955352268967,28
2900,cerebellum,3263.588867,1.0922360299844667,28
2900,cerebellum,3264.335938,1.591803030828442,28
2900,cerebellum,3265.083984,2.065259597683272,28
2900,cerebellum,3265.831055,2.9943173089323736,28
2900,cerebellum,3266.578125,1.9013747280915025,28
2900,cerebellum,3267.325195,1.2663792703428975,28
2900,cerebellum,3268.072266,0.4646449052665256,28
2900,cerebellum,3268.818359,0.36767436121702857,28
2900,cerebellum,3269.56543,0.8648265884918335,28
2900,cerebellum,3270.311523,3.4284731403348725,28
2900,cerebellum,3271.057617,4.415915424544929,28
2900,cerebellum,3271.803711,5.629936088347514,28
2900,cerebellum,3272.549805,7.752045772473971,28
2900,cerebellum,3273.295898,7.844504013129299,28
2900,cerebellum,3274.041992,9.283663864552532,28
2900,cerebellum,3274.787109,7.637965780356988,28
2900,cerebellum,3275.533203,7.417876799262127,28
2900,cerebellum,3276.27832,6.180794141111734,28
2900,cerebellum,3277.023438,6.2122465809298895,28
2900,cerebellum,3277.768555,5.75252752235576,28
2900,cerebellum,3278.513672,5.538953018164444,28
2900,cerebellum,3279.257813,6.590238309542089,28
2900,cerebellum,3280.00293,9.402238286521532,28
2900,cerebellum,3280.74707,9.988402852663025,28
2900,cerebellum,3281.491211,12.11817406032777,28
2900,cerebellum,3282.236328,13.28267571967184,28
2900,cerebellum,3282.980469,13.478314580836818,28
2900,cerebellum,3283.723633,11.887008210853306,28
2900,cerebellum,3284.467773,8.066410596929288,28
2900,cortex,2460.719727,12.721592902991697,54
2900,cortex,2461.619141,11.0170158292141,54
2900,cortex,2462.519531,9.99879199354814,54
2900,cortex,2463.418945,9.69853382019224,54
2900,cortex,2464.318359,9.785269600015491,54
2900,cortex,2465.217773,9.809225756283865,54
2900,cortex,2466.117188,8.937273502163203,54
2900,cortex,2467.016602,9.544722747538957,54
2900,cortex,2467.915039,8.30306930928463,54
2900,cortex,2468.814453,7.758171187734427,54
2900,cortex,2469.712891,7.132464864590035,54
2900,cortex,2470.611328,5.67576196187464,54
2900,cortex,2471.508789,3.662090322145262,54
2900,cortex,2472.407227,2.009291036874351,54
2900,cortex,2473.304688,2.8706953155438537,54
2900,cortex,2474.203125,3.0509043616981946,54
2900,cortex,2475.100586,2.3059548753532035,54
2900,cortex,2475.99707,3.2190266700545416,54
2900,cortex,2476.894531,2.2581269325806974,54
2900,cortex,2477.791992,1.9945160683716288,54
2900,cortex,2478.688477,2.2210279240096393,54
2900,cortex,2479.584961,2.7630492694107467,54
2900,cortex,2480.481445,3.6095798247475837,54
2900,cortex,2481.37793,4.037206346231387,54
2900,cortex,2482.273438,3.4488387627793307,54
2900,cortex,2483.169922,3.7891171389489458,54
2900,cortex,2484.06543,2.999862721834575,54
2900,cortex,2484.960938,2.5096559276104005,54
2900,cortex,2485.856445,2.865194599652486,54
2900,cortex,2486.751953,3.2648110856846437,54
2900,cortex,2487.646484,2.405029936688326,54
2900,cortex,2488.541016,2.3985635312957236,54
2900,cortex,2489.436523,6.062867393678763,54
2900,cortex,2490.331055,9.866788871208078,54
2900,cortex,2491.224609,11.92283993121813,54
2900,cortex,2492.119141,14.205562730995936,54
2900,cortex,2493.013672,15.488789242530716,54
2900,cortex,2493.907227,15.199515734160016,54
2900,cortex,2494.800781,15.690123575482243,54
2900,cortex,2495.694336,15.533853928048885,54
2900,cortex,2496.587891,15.274434875638967,54
2900,cortex,2497.480469,14.902813302910834,54
2900,cortex,2498.374023,13.788965477013432,54
2900,cortex,2499.266602,14.241353371899727,54
2900,cortex,2500.15918,14.272087917334694,54
2900,cortex,2501.051758,14.597373638841345,54
2900,cortex,2501.943359,15.053083773277306,54
2900,cortex,2502.835938,15.006499890070181,54
2900,cortex,2503.727539,16.55633861969183,54
2900,cortex,2504.619141,17.527078701798203,54
2900,cortex,2505.510742,17.551789082566106,54
2900,cortex,2506.402344,17.49572137142547,54
2900,cortex,2507.292969,16.627898923818073,54
2900,cortex,2508.18457,17.84523822065592,54
2900,cortex,2509.075195,17.4498766690721,54
2900,cortex,2509.96582,17.26438635776744,54
2900,cortex,2510.856445,17.372418061159056,54
2900,cortex,2511.74707,16.203768683254882,54
2900,cortex,2512.636719,17.198687874659527,54
2900,cortex,2513.527344,16.71948364695423,54
2900,cortex,2514.416992,16.28984591183977,54
2900,cortex,2515.306641,16.718801388079324,54
2900,cortex,2516.196289,16.105041624233976,54
2900,cortex,2517.084961,17.599373047312127,54
2900,cortex,2517.974609,16.007255263323255,54
2900,cortex,2518.863281,16.430673487713186,54
2900,cortex,2519.751953,16.668848276323665,54
2900,cortex,2520.640625,15.403110275346446,54
2900,cortex,2521.529297,16.148890670004807,54
2900,cortex,2522.416992,15.14011720939705,54
2900,cortex,2523.305664,15.686358033381783,54
2900,cortex,2524.193359,15.675466997405445,54
2900,cortex,2525.081055,15.151711263572185,54
2900,cortex,2525.96875,16.412269742338896,54
2900,cortex,2526.855469,14.907887682225752,54
2900,cortex,2527.743164,15.954425313710333,54
2900,cortex,2528.629883,16.310078534533893,54
2900,cortex,2529.516602,16.205952757815492,54
2900,cortex,2530.40332,17.82873972661563,54
2900,cortex,2531.290039,17.498911794820096,54
2900,cortex,2532.176758,18.902658775261337,54
2900,cortex,2533.0625,19.635280878412832,54
2900,cortex,2533.948242,20.08781707812287,54
2900,cortex,2534.833984,21.779463415378586,54
2900,cortex,2535.719727,19.89756967749748,54
2900,cortex,2536.605469,20.484547750459303,54
2900,cortex,2537.490234,20.573196183657945,54
2900,cortex,2538.375977,18.920954939007984,54
2900,cortex,2539.260742,19.561100692892047,54
2900,cortex,2540.145508,18.246976200322855,54
2900,cortex,2541.030273,19.012381148640785,54
2900,cortex,2541.914063,19.618382041459466,54
2900,cortex,2542.798828,19.31857291637369,54
2900,cortex,2543.682617,20.57725985156521,54
2900,cortex,2544.566406,19.727116424904725,54
2900,cortex,2545.450195,21.272264285807985,54
2900,cortex,2546.333984,20.834733035003083,54
2900,cortex,2547.216797,20.200639766094667,54
2900,cortex,2548.100586,21.941675413122233,54
2900,cortex,2548.983398,21.121951800714147,54
2900,cortex,2549.866211,22.713743478664465,54
2900,cortex,2550.749023,18.764471677994077,54
2900,cortex,2551.630859,18.162357860542098,54
2900,cortex,2552.513672,15.62230054066959,54
2900,cortex,2553.395508,18.55124340136745,54
2900,cortex,2554.277344,19.956638583760608,54
2900,cortex,2555.15918,21.430426546931,54
2900,cortex,2556.041016,23.371335910805247,54
2900,cortex,2556.922852,23.73381681675644,54
2900,cortex,2557.803711,21.789222127421485,54
2900,cortex,2558.68457,25.985863134057738,54
2900,cortex,2559.56543,23.362218303332618,54
2900,cortex,2560.446289,23.89536915657705,54
2900,cortex,2561.327148,20.429468078883882,54
2900,cortex,2562.207031,19.683136961297944,54
2900,cortex,2563.087891,17.945686647334387,54
2900,cortex,2563.967773,15.671105190169138,54
2900,cortex,2564.847656,14.600887434894714,54
2900,cortex,2565.727539,8.334593207171919,54
2900,cortex,2566.606445,6.142045138579495,54
2900,cortex,2567.486328,1.7741114765317503,54
2900,cortex,2568.365234,1.1897173447373828,54
2900,cortex,2569.244141,1.233568215950359,54
2900,cortex,2570.123047,1.0155638927285193,54
2900,cortex,2571.001953,1.1486681022512653,54
2900,cortex,2571.879883,1.9252908941575273,54
2900,cortex,2572.758789,2.5575842838661673,54
2900,cortex,2573.636719,2.7212326554469253,54
2900,cortex,2574.514648,2.645394850501837,54
2900,cortex,2575.392578,2.691790665738355,54
2900,cortex,2576.270508,2.777242397484847,54
2900,cortex,2577.147461,2.726709064660877,54
2900,cortex,2578.024414,4.169016686287804,54
2900,cortex,2578.902344,5.524055269149836,54
2900,cortex,2579.779297,7.135950467859743,54
2900,cortex,2580.655273,8.305967725456238,54
2900,cortex,2581.532227,8.76054600741908,54
2900,cortex,2582.408203,8.29242578134042,54
2900,cortex,2583.285156,8.14000794371547,54
2900,cortex,2584.161133,6.77496023287221,54
2900,cortex,2585.037109,5.6576566286786045,54
2900,cortex,2585.912109,4.593924191556998,54
2900,cortex,2586.788086,4.078189052508127,54
2900,cortex,2587.663086,3.801172027794992,54
2900,cortex,2588.538086,3.8052959936535466,54
2900,cortex,2589.413086,3.5177336423591896,54
2900,cortex,2590.288086,3.1297209583019048,54
2900,cortex,2591.163086,2.415986530776276,54
2900,cortex,2592.037109,2.002022548252325,54
2900,cortex,2592.912109,2.140015590759761,54
2900,cortex,2593.786133,2.179846578318365,54
2900,cortex,2594.660156,3.017473258351257,54
2900,cortex,2595.53418,3.732027078185835,54
2900,cortex,2596.407227,4.468036798041791,54
2900,cortex,2597.28125,5.491301547347879,54
2900,cortex,2598.154297,7.067708803156453,54
2900,cortex,2599.027344,8.248572585279513,54
2900,cortex,2599.900391,8.247145977812702,54
2900,cortex,2600.772461,8.665913789019221,54
2900,cortex,2601.645508,7.469292002416694,54
2900,cortex,2602.517578,7.576422971033443,54
2900,cortex,2603.389648,6.939146017556033,54
2900,cortex,2604.261719,5.847890526674503,54
2900,cortex,2605.133789,5.0949561283616545,54
2900,cortex,2606.005859,4.446094021013526,54
2900,cortex,2606.876953,4.309891851941043,54
2900,cortex,2607.749023,4.21754286801412,54
2900,cortex,2608.620117,3.339976607678981,54
2900,cortex,2609.491211,2.476854338466261,54
2900,cortex,2610.361328,1.4327805054142586,54
2900,cortex,2611.232422,1.6864140191173338,54
2900,cortex,2612.102539,2.5745068132716673,54
2900,cortex,2612.973633,1.8071857521501555,54
2900,cortex,2613.84375,1.5441200206081813,54
2900,cortex,2614.713867,1.851688212256976,54
2900,cortex,2615.583008,2.106753853042072,54
2900,cortex,2616.453125,2.7310932365062053,54
2900,cortex,2617.322266,2.5773777464532492,54
2900,cortex,2618.191406,2.404190311736221,54
2900,cortex,2619.060547,1.7983228276587926,54
2900,cortex,2619.929688,1.6750302574241445,54
2900,cortex,2620.798828,2.256593522114977,54
2900,cortex,2621.666992,3.0325494365943735,54
2900,cortex,2622.536133,3.0352976888770993,54
2900,cortex,2623.404297,3.051573441104044,54
2900,cortex,2624.272461,3.5100756221538334,54
2900,cortex,2625.139648,3.6789250076864524,54
2900,cortex,2626.007813,4.684364663295297,54
2900,cortex,2626.875,7.3574203777001115,54
2900,cortex,2627.743164,4.504833328069187,54
2900,cortex,2628.610352,7.508866300532625,54
2900,cortex,2629.476563,7.614972156964411,54
2900,cortex,2630.34375,9.366794223618077,54
2900,cortex,2631.210938,8.83142008698468,54
2900,cortex,2632.077148,6.696495513626911,54
2900,cortex,2632.943359,3.7967257992478487,54
2900,cortex,2633.80957,3.5441655227079454,54
2900,cortex,2634.675781,5.317823852210844,54
2900,cortex,2635.541992,11.750475715569847,54
2900,cortex,2636.407227,10.812348653737866,54
2900,cortex,2637.272461,17.869412856946944,54
2900,cortex,2638.138672,20.41588050456586,54
2900,cortex,2639.00293,22.810465382047948,54
2900,cortex,2639.868164,28.617991869353457,54
2900,cortex,2640.733398,26.119985008813494,54
2900,cortex,2641.597656,21.2017928139508,54
2900,cortex,2642.461914,19.5758245704506,54
2900,cortex,2643.327148,15.17517649222524,54
2900,cortex,2644.19043,17.684582922256023,54
2900,cortex,2645.054688,15.441857613639622,54
2900,cortex,2645.918945,16.854428478420136,54
2900,cortex,2646.782227,18.47413485541215,54
2900,cortex,2647.645508,17.6352497983951,54
2900,cortex,2648.508789,19.615174056148174,54
2900,cortex,2649.37207,18.42402620493563,54
2900,cortex,2650.235352,19.886665879087435,54
2900,cortex,2651.097656,21.405319267849695,54
2900,cortex,2651.960938,19.516126557812477,54
2900,cortex,2652.823242,21.018559944414825,54
2900,cortex,2653.685547,20.030058815705555,54
2900,cortex,2654.546875,22.469369212885297,54
2900,cortex,2655.40918,22.517966322734342,54
2900,cortex,2656.270508,19.315844664984777,54
2900,cortex,2657.132813,20.519314186640102,54
2900,cortex,2657.994141,18.368105956898393,54
2900,cortex,2658.855469,20.28208525732351,54
2900,cortex,2659.71582,18.62118342994246,54
2900,cortex,2660.577148,17.679410316960226,54
2900,cortex,2661.4375,18.28599768626043,54
2900,cortex,2662.298828,17.0777294710724,54
2900,cortex,2663.15918,19.52182948944266,54
2900,cortex,2664.019531,18.538859078182256,54
2900,cortex,2664.878906,19.030930619430915,54
2900,cortex,2665.739258,20.053070101794923,54
2900,cortex,2666.598633,17.90846578974103,54
2900,cortex,2667.458008,19.968261288303648,54
2900,cortex,2668.317383,16.998792167675546,54
2900,cortex,2669.176758,17.86603091587603,54
2900,cortex,2670.036133,16.930163989358643,54
2900,cortex,2670.894531,17.33690757692187,54
2900,cortex,2671.75293,19.01723153606916,54
2900,cortex,2672.612305,16.721686884369944,54
2900,cortex,2673.470703,18.38398145145253,54
2900,cortex,2674.328125,15.356535484449118,54
2900,cortex,2675.186523,14.222430055757004,54
2900,cortex,2676.043945,13.080610558456522,54
2900,cortex,2676.902344,13.096963905765524,54
2900,cortex,2677.759766,17.05132531995578,54
2900,cortex,2678.617188,17.217385176645017,54
2900,cortex,2679.473633,19.866897816913482,54
2900,cortex,2680.331055,19.88679784940511,54
2900,cortex,2681.1875,18.111617223292594,54
2900,cortex,2682.043945,18.825961147548718,54
2900,cortex,2682.901367,14.520864871505445,54
2900,cortex,2683.756836,14.891849183228592,54
2900,cortex,2684.613281,10.93826650532437,54
2900,cortex,2685.469727,10.349204402652934,54
2900,cortex,2686.325195,9.891462499451576,54
2900,cortex,2687.180664,8.52659777975202,54
2900,cortex,2688.036133,9.8213068741,54
2900,cortex,2688.891602,7.420529576385211,54
2900,cortex,2689.74707,8.738612411084562,54
2900,cortex,2690.601563,7.3414562076589505,54
2900,cortex,2691.456055,8.978540707839553,54
2900,cortex,2692.310547,5.788680719221016,54
2900,cortex,2693.165039,4.823967833015769,54
2900,cortex,2694.019531,4.714608462925399,54
2900,cortex,2694.874023,3.595913761393524,54
2900,cortex,2695.727539,4.871504150674128,54
2900,cortex,2696.582031,5.772526965327319,54
2900,cortex,2697.435547,7.242456216131394,54
2900,cortex,2698.289063,6.521933999043536,54
2900,cortex,2699.141602,6.205199433776971,54
2900,cortex,2699.995117,9.643549630678848,54
2900,cortex,2700.847656,9.735695934349621,54
2900,cortex,2701.701172,11.56902769484647,54
2900,cortex,2702.553711,14.04447962660922,54
2900,cortex,2703.40625,14.380789462243225,54
2900,cortex,2704.257813,18.386327403747,54
2900,cortex,2705.110352,15.662055501656809,54
2900,cortex,2705.961914,10.76782291015147,54
2900,cortex,2706.813477,3.8724532374058414,54
2900,cortex,2707.665039,3.9309232589689778,54
2900,cortex,2708.516602,3.713159769782994,54
2900,cortex,2709.368164,3.8678132638736917,54
2900,cortex,2710.21875,5.035773736998739,54
2900,cortex,2711.070313,5.685921266826328,54
2900,cortex,2711.920898,7.287343584330621,54
2900,cortex,2712.771484,11.143395479059377,54
2900,cortex,2713.62207,11.322611969390174,54
2900,cortex,2714.47168,8.234026594561692,54
2900,cortex,2715.322266,5.930109461497925,54
2900,cortex,2716.171875,7.994278106861809,54
2900,cortex,2717.021484,6.968335076267116,54
2900,cortex,2717.871094,10.18361401760417,54
2900,cortex,2718.720703,12.848614072724317,54
2900,cortex,2719.570313,13.700802791177093,54
2900,cortex,2720.418945,18.071658353531028,54
2900,cortex,2721.267578,18.350821535012372,54
2900,cortex,2722.117188,18.448281160770478,54
2900,cortex,2722.96582,15.549344873036697,54
2900,cortex,2723.813477,13.885668436337069,54
2900,cortex,2724.662109,12.806379465506664,54
2900,cortex,2725.509766,10.64885413171238,54
2900,cortex,2726.358398,10.429963355893122,54
2900,cortex,2727.206055,5.958739578562933,54
2900,cortex,2728.053711,4.4160343158051365,54
2900,cortex,2728.900391,5.482246415388969,54
2900,cortex,2729.748047,2.6107517046019284,54
2900,cortex,2730.594727,2.334677690236242,54
2900,cortex,2731.442383,0.8254924882702358,54
2900,cortex,2732.289063,0.47423453371131913,54
2900,cortex,2733.134766,0.7894587298035629,54
2900,cortex,2733.981445,1.0139571197665225,54
2900,cortex,2734.828125,0.8153132995874265,54
2900,cortex,2735.673828,3.301822941675513,54
2900,cortex,2736.519531,1.267385198087126,54
2900,cortex,2737.365234,1.0797537472167833,54
2900,cortex,2738.210938,1.8055204482963239,54
2900,cortex,2739.056641,5.224195311721607,54
2900,cortex,2739.902344,5.785683034306259,54
2900,cortex,2740.74707,7.041329703651378,54
2900,cortex,2741.591797,5.23867970129502,54
2900,cortex,2742.436523,4.223995053555534,54
2900,cortex,2743.28125,1.6183237717774757,54
2900,cortex,2744.125977,4.017568072385606,54
2900,cortex,2744.969727,5.4898145460978,54
2900,cortex,2745.813477,5.955304884812572,54
2900,cortex,2746.658203,3.6977460519869547,54
2900,cortex,2747.501953,1.5181628863061243,54
2900,cortex,2748.344727,0.9695058978840287,54
2900,cortex,2749.188477,2.337050832523527,54
2900,cortex,2750.032227,5.380853969895409,54
2900,cortex,2750.875,7.512229269446833,54
2900,cortex,2751.717773,8.345371475854868,54
2900,cortex,2752.560547,8.999971500635827,54
2900,cortex,2753.40332,10.285686907713677,54
2900,cortex,2754.246094,10.73717215959545,54
2900,cortex,2755.087891,12.337363837535781,54
2900,cortex,2755.929688,11.321736961821399,54
2900,cortex,2756.772461,11.04004115655423,54
2900,cortex,2757.614258,10.440398352462092,54
2900,cortex,2758.455078,10.10355924892065,54
2900,cortex,2759.296875,10.295903147708069,54
2900,cortex,2760.137695,8.94136215920819,54
2900,cortex,2760.979492,9.3597118438717,54
2900,cortex,2761.820313,7.413774970700196,54
2900,cortex,2762.661133,7.587908977194868,54
2900,cortex,2763.501953,9.152574830551133,54
2900,cortex,2764.341797,7.27556311629298,54
2900,cortex,2765.182617,7.61548983470687,54
2900,cortex,2766.022461,4.617580057555718,54
2900,cortex,2766.862305,4.931133680208846,54
2900,cortex,2767.702148,4.41761132267404,54
2900,cortex,2768.541992,6.428942269699091,54
2900,cortex,2769.380859,7.6370986820736455,54
2900,cortex,2770.220703,9.281523431408116,54
2900,cortex,2771.05957,15.250949745616483,54
2900,cortex,2771.898438,13.82828990562261,54
2900,cortex,2772.737305,13.453406488850222,54
2900,cortex,2773.576172,11.719276551180858,54
2900,cortex,2774.415039,8.967504564084363,54
2900,cortex,2775.25293,12.029855584411418,54
2900,cortex,2776.09082,13.116923455441857,54
2900,cortex,2776.929688,16.55622105720044,54
2900,cortex,2777.766602,14.826051022020616,54
2900,cortex,2778.604492,16.289861386660387,54
2900,cortex,2779.442383,16.782822540735157,54
2900,cortex,2780.279297,15.88830863894823,54
2900,cortex,2781.117188,19.016703336348627,54
2900,cortex,2781.954102,15.22451175371311,54
2900,cortex,2782.791016,13.502910389070209,54
2900,cortex,2783.626953,12.10301848810641,54
2900,cortex,2784.463867,11.919144580888025,54
2900,cortex,2785.299805,11.363979593228065,54
2900,cortex,2786.136719,11.615073775766417,54
2900,cortex,2786.972656,15.347408729455276,54
2900,cortex,2787.808594,14.667811382572934,54
2900,cortex,2788.644531,18.471788361458838,54
2900,cortex,2789.479492,18.721574341615195,54
2900,cortex,2790.31543,18.26814780903855,54
2900,cortex,2791.150391,18.557895111569927,54
2900,cortex,2791.985352,16.6983384337351,54
2900,cortex,2792.820313,17.487408385604976,54
2900,cortex,2793.655273,15.946598803656302,54
2900,cortex,2794.489258,17.236036440963137,54
2900,cortex,2795.324219,17.7295677619191,54
2900,cortex,2796.158203,17.52894662317591,54
2900,cortex,2796.992188,19.647293996620895,54
2900,cortex,2797.826172,17.96754690225291,54
2900,cortex,2798.660156,19.302119345710842,54
2900,cortex,2799.493164,15.342128706097688,54
2900,cortex,2800.327148,15.475969986236803,54
2900,cortex,2801.160156,15.687348946975478,54
2900,cortex,2801.993164,17.80724691908193,54
2900,cortex,2802.826172,20.34289744166334,54
2900,cortex,2803.65918,19.250029214443256,54
2900,cortex,2804.492188,21.306453291171387,54
2900,cortex,2805.324219,18.58987003436032,54
2900,cortex,2806.15625,18.76378848247603,54
2900,cortex,2806.989258,18.618177922676686,54
2900,cortex,2807.821289,18.955456201818016,54
2900,cortex,2808.652344,20.926019272128784,54
2900,cortex,2809.484375,20.566582501959342,54
2900,cortex,2810.31543,22.24723401585773,54
2900,cortex,2811.147461,19.796812430557434,54
2900,cortex,2811.978516,20.103083553721714,54
2900,cortex,2812.80957,20.39377533832253,54
2900,cortex,2813.640625,21.281497188199886,54
2900,cortex,2814.470703,26.609691950432655,54
2900,cortex,2815.301758,28.54240726150343,54
2900,cortex,2816.131836,31.757522785842678,54
2900,cortex,2816.961914,27.39540344636927,54
2900,cortex,2817.791992,24.12486177775089,54
2900,cortex,2818.62207,21.230623863217073,54
2900,cortex,2819.452148,19.36984905576248,54
2900,cortex,2820.28125,20.571050758145024,54
2900,cortex,2821.111328,19.4901637998106,54
2900,cortex,2821.94043,18.958692538459996,54
2900,cortex,2822.769531,15.554895702793637,54
2900,cortex,2823.598633,14.101766357697842,54
2900,cortex,2824.426758,8.56284045594381,54
2900,cortex,2825.255859,6.406631594021507,54
2900,cortex,2826.083984,3.591423317445747,54
2900,cortex,2826.912109,4.008680043650522,54
2900,cortex,2827.740234,4.550045847953817,54
2900,cortex,2828.568359,3.7061209248716387,54
2900,cortex,2829.396484,4.645924895965142,54
2900,cortex,2830.223633,4.120344378466185,54
2900,cortex,2831.051758,4.933325283681548,54
2900,cortex,2831.878906,2.80094730117231,54
2900,cortex,2832.706055,2.1649653112188942,54
2900,cortex,2833.533203,1.5250635737488267,54
2900,cortex,2834.359375,1.6137960833000617,54
2900,cortex,2835.186523,2.2939387972940732,54
2900,cortex,2836.012695,2.145258817773147,54
2900,cortex,2836.839844,3.3781118415078772,54
2900,cortex,2837.666016,2.786998820227128,54
2900,cortex,2838.492188,1.667688558514247,54
2900,cortex,2839.317383,2.7941408047939054,54
2900,cortex,2840.143555,6.12794476922576,54
2900,cortex,2840.96875,10.044654780892687,54
2900,cortex,2841.794922,13.168194199068614,54
2900,cortex,2842.620117,18.196305778818434,54
2900,cortex,2843.445313,22.181616753595286,54
2900,cortex,2844.269531,22.962243929114067,54
2900,cortex,2845.094727,15.450999030539226,54
2900,cortex,2845.918945,18.410005296072452,54
2900,cortex,2846.744141,20.757272220781147,54
2900,cortex,2847.568359,20.231473173959177,54
2900,cortex,2848.392578,19.405889739049897,54
2900,cortex,2849.21582,16.387085651208825,54
2900,cortex,2850.040039,13.409740694859897,54
2900,cortex,2850.864258,10.687642712207417,54
2900,cortex,2851.6875,8.564491622285589,54
2900,cortex,2852.510742,6.989067917652379,54
2900,cortex,2853.333984,5.216353480161843,54
2900,cortex,2854.157227,5.4024242634757424,54
2900,cortex,2854.979492,5.56361851499272,54
2900,cortex,2855.802734,6.687946241929628,54
2900,cortex,2856.625,7.429498749383324,54
2900,cortex,2857.447266,7.195166960598291,54
2900,cortex,2858.269531,5.791929310835456,54
2900,cortex,2859.091797,4.229962976475577,54
2900,cortex,2859.914063,2.417836067970197,54
2900,cortex,2860.736328,0.8493470985530021,54
2900,cortex,2861.557617,0.38930580920681573,54
2900,cortex,2862.378906,0.058137166832161566,54
2900,cortex,2863.200195,0.27383445272563606,54
2900,cortex,2864.021484,1.2489704520310436,54
2900,cortex,2864.842773,2.3231024275005585,54
2900,cortex,2865.663086,2.990938664377531,54
2900,cortex,2866.484375,3.773142209858004,54
2900,cortex,2867.304688,4.615998852353104,54
2900,cortex,2868.125,5.765455314328212,54
2900,cortex,2868.945313,5.978473620109922,54
2900,cortex,2869.765625,5.341314419290247,54
2900,cortex,2870.584961,5.140871523978242,54
2900,cortex,2871.405273,4.606935948004253,54
2900,cortex,2872.224609,3.3239704492980486,54
2900,cortex,2873.043945,4.583159213210248,54
2900,cortex,2873.863281,10.307317250381374,54
2900,cortex,2874.682617,2.3915639368072172,54
2900,cortex,2875.501953,0.09644163846464361,54
2900,cortex,2876.320313,0.23952547256043197,54
2900,cortex,2877.138672,0.9938786339041905,54
2900,cortex,2877.958008,2.500667681403532,54
2900,cortex,2878.776367,3.444150757231341,54
2900,cortex,2879.59375,5.963720184782049,54
2900,cortex,2880.412109,10.331721970349472,54
2900,cortex,2881.230469,7.737490668861305,54
2900,cortex,2882.047852,3.476596455881591,54
2900,cortex,2882.865234,2.7509550875655093,54
2900,cortex,2883.682617,1.0183091911157245,54
2900,cortex,2884.5,0.11759261305561618,54
2900,cortex,2885.317383,1.3139810300870234,54
2900,cortex,2886.133789,7.238236851705977,54
2900,cortex,2886.951172,26.802013075423016,54
2900,cortex,2887.767578,37.41081518701931,54
2900,cortex,2888.583984,21.87698979564765,54
2900,cortex,2889.400391,15.624412649607713,54
2900,cortex,2890.216797,18.748037572515198,54
2900,cortex,2891.032227,20.867456752688344,54
2900,cortex,2891.848633,21.09207636923458,54
2900,cortex,2892.664063,21.801985768192473,54
2900,cortex,2893.479492,23.008086489456062,54
2900,cortex,2894.294922,22.355100764039115,54
2900,cortex,2895.110352,23.240352930838853,54
2900,cortex,2895.925781,21.2871376753957,54
2900,cortex,2896.740234,21.660188967856637,54
2900,cortex,2897.555664,19.891718147593362,54
2900,cortex,2898.370117,20.177566652382975,54
2900,cortex,2899.18457,19.32144882635037,54
2900,cortex,2899.999023,16.83998782354496,54
2900,cortex,2900.8125,16.10741578393406,54
2900,cortex,2901.626953,15.139123211929872,54
2900,cortex,2902.44043,15.455312981841839,54
2900,cortex,2903.254883,13.7077521257845,54
2900,cortex,2904.068359,13.553990896244352,54
2900,cortex,2904.881836,14.929917242662553,54
2900,cortex,2905.694336,14.685872438848527,54
2900,cortex,2906.507813,15.358550261805973,54
2900,cortex,2907.320313,17.074747186104208,54
2900,cortex,2908.133789,17.85641996926548,54
2900,cortex,2908.946289,17.670639566367498,54
2900,cortex,2909.758789,20.12198021509594,54
2900,cortex,2910.571289,20.975081290606045,54
2900,cortex,2911.382813,20.59811971808764,54
2900,cortex,2912.195313,21.9345090770991,54
2900,cortex,2913.006836,21.900778047876187,54
2900,cortex,2913.818359,21.691562628121826,54
2900,cortex,2914.630859,19.650960631914053,54
2900,cortex,2915.441406,19.362461549069803,54
2900,cortex,2916.25293,15.827961328410737,54
2900,cortex,2917.064453,13.482490630284541,54
2900,cortex,2917.875,12.44805649144181,54
2900,cortex,2918.685547,11.904229882262289,54
2900,cortex,2919.496094,12.378684691389306,54
2900,cortex,2920.306641,11.96853504417148,54
2900,cortex,2921.117188,12.619214549496672,54
2900,cortex,2921.927734,12.584869849377938,54
2900,cortex,2922.737305,12.990133671846086,54
2900,cortex,2923.547852,12.087849121216573,54
2900,cortex,2924.357422,11.73316721373906,54
2900,cortex,2925.166992,11.455743138652194,54
2900,cortex,2925.976563,10.826561972919382,54
2900,cortex,2926.785156,11.502305135593355,54
2900,cortex,2927.594727,12.221004889030795,54
2900,cortex,2928.40332,12.95655086850005,54
2900,cortex,2929.211914,13.832171063792806,54
2900,cortex,2930.021484,14.491815880763111,54
2900,cortex,2930.829102,15.062690576488095,54
2900,cortex,2931.637695,13.803248509316308,54
2900,cortex,2932.446289,14.264728064454872,54
2900,cortex,2933.253906,12.174742290926915,54
2900,cortex,2934.0625,10.867416209997963,54
2900,cortex,2934.870117,9.465440855759892,54
2900,cortex,2935.677734,8.97896828208945,54
2900,cortex,2936.485352,8.705349012552,54
2900,cortex,2937.291992,7.968160019683183,54
2900,cortex,2938.099609,7.63010961446878,54
2900,cortex,2938.90625,7.071401373084348,54
2900,cortex,2939.712891,6.8578921202894625,54
2900,cortex,2940.519531,6.836527223618977,54
2900,cortex,2941.326172,7.027359514998165,54
2900,cortex,2942.132813,6.98758155211123,54
2900,cortex,2942.939453,6.471217325041588,54
2900,cortex,2943.745117,6.718604765624658,54
2900,cortex,2944.550781,7.031629011953156,54
2900,cortex,2945.356445,6.835497406685024,54
2900,cortex,2946.162109,6.300370781399791,54
2900,cortex,2946.967773,6.598634974326343,54
2900,cortex,2947.773438,6.236010669865461,54
2900,cortex,2948.578125,6.1979820302082285,54
2900,cortex,2949.383789,6.741915196640236,54
2900,cortex,2950.188477,6.290511022980168,54
2900,cortex,2950.993164,5.740287680998496,54
2900,cortex,2951.797852,5.452462431846096,54
2900,cortex,2952.602539,5.754772507144265,54
2900,cortex,2953.40625,5.293843044447018,54
2900,cortex,2954.210938,4.998955600335131,54
2900,cortex,2955.014648,5.032625380307953,54
2900,cortex,2955.818359,4.809268254178846,54
2900,cortex,2956.62207,4.831325837202658,54
2900,cortex,2957.425781,5.206239697862135,54
2900,cortex,2958.229492,5.783913756628546,54
2900,cortex,2959.032227,5.71243868862178,54
2900,cortex,2959.834961,6.2575524504457345,54
2900,cortex,2960.638672,6.983989649879401,54
2900,cortex,2961.441406,6.600578786967572,54
2900,cortex,2962.244141,6.175680574472097,54
2900,cortex,2963.045898,5.538036885535821,54
2900,cortex,2963.848633,5.068048877541429,54
2900,cortex,2964.650391,4.121560265103384,54
2900,cortex,2965.453125,4.065551649197041,54
2900,cortex,2966.254883,4.033739786894855,54
2900,cortex,2967.056641,4.022415709327473,54
2900,cortex,2967.858398,4.324738860271966,54
2900,cortex,2968.65918,4.87265528990265,54
2900,cortex,2969.460938,4.922202482277013,54
2900,cortex,2970.261719,4.853182244524417,54
2900,cortex,2971.0625,5.196263901395243,54
2900,cortex,2971.863281,5.214776650973217,54
2900,cortex,2972.664063,5.1941593700143365,54
2900,cortex,2973.464844,5.504052401286113,54
2900,cortex,2974.265625,5.709180805577911,54
2900,cortex,2975.06543,5.100893021529611,54
2900,cortex,2975.865234,5.269821870047922,54
2900,cortex,2976.666016,5.953612835534775,54
2900,cortex,2977.46582,5.991494941370926,54
2900,cortex,2978.264648,6.485934353383245,54
2900,cortex,2979.064453,7.219258971998828,54
2900,cortex,2979.864258,7.773888577198823,54
2900,cortex,2980.663086,7.439700873465056,54
2900,cortex,2981.461914,7.739836357222623,54
2900,cortex,2982.260742,7.523710257839853,54
2900,cortex,2983.05957,6.5698422945158645,54
2900,cortex,2983.858398,5.380265285813615,54
2900,cortex,2984.657227,5.820608808807369,54
2900,cortex,2985.455078,5.066522578459882,54
2900,cortex,2986.253906,6.026547319651408,54
2900,cortex,2987.051758,6.301198098762293,54
2900,cortex,2987.849609,8.118354790087395,54
2900,cortex,2988.647461,8.880234457630827,54
2900,cortex,2989.444336,11.357950829737735,54
2900,cortex,2990.242188,12.993056974911305,54
2900,cortex,2991.039063,12.431773268421393,54
2900,cortex,2991.836914,12.235657027757068,54
2900,cortex,2992.633789,12.480770946648173,54
2900,cortex,2993.430664,10.281226588809064,54
2900,cortex,2994.227539,7.851681749184674,54
2900,cortex,2995.023438,4.872057186339049,54
2900,cortex,2995.820313,2.5355464726581136,54
2900,cortex,2996.616211,2.535223987773143,54
2900,cortex,2997.412109,3.439346994076641,54
2900,cortex,2998.208008,4.89009732538524,54
2900,cortex,2999.003906,8.89983930976496,54
2900,cortex,2999.799805,10.526010471947592,54
2900,cortex,3000.595703,16.13512138696288,54
2900,cortex,3001.390625,14.358257799120992,54
2900,cortex,3002.185547,14.610885220806349,54
2900,cortex,3002.981445,12.803555725955006,54
2900,cortex,3003.776367,12.001486336499456,54
2900,cortex,3004.571289,11.116454940687708,54
2900,cortex,3005.365234,4.238405491235073,54
2900,cortex,3006.160156,4.145497116352132,54
2900,cortex,3006.954102,3.6132510085366962,54
2900,cortex,3007.748047,3.113971250151052,54
2900,cortex,3008.542969,3.1157277058087676,54
2900,cortex,3009.336914,4.280972163645115,54
2900,cortex,3010.129883,4.241150148075202,54
2900,cortex,3010.923828,4.724978563726775,54
2900,cortex,3011.717773,5.111737326536252,54
2900,cortex,3012.510742,4.601066656875646,54
2900,cortex,3013.303711,4.447139961017928,54
2900,cortex,3014.09668,4.632188629930891,54
2900,cortex,3014.889648,5.553130186548675,54
2900,cortex,3015.682617,6.388308044715684,54
2900,cortex,3016.474609,9.335295538596691,54
2900,cortex,3017.267578,8.700514007129001,54
2900,cortex,3018.05957,8.130611835271106,54
2900,cortex,3018.851563,7.428032718105315,54
2900,cortex,3019.643555,6.351441891448052,54
2900,cortex,3020.435547,5.680950236978205,54
2900,cortex,3021.227539,5.930823539472714,54
2900,cortex,3022.019531,6.879275617758798,54
2900,cortex,3022.810547,6.759477080598834,54
2900,cortex,3023.601563,6.822090702520135,54
2900,cortex,3024.392578,6.897882902231328,54
2900,cortex,3025.183594,6.8366575593150545,54
2900,cortex,3025.974609,6.349138650787691,54
2900,cortex,3026.765625,6.442483452631463,54
2900,cortex,3027.555664,6.3932171002606575,54
2900,cortex,3028.34668,6.571827392537606,54
2900,cortex,3029.136719,6.825096868569655,54
2900,cortex,3029.926758,7.2921627108822085,54
2900,cortex,3030.716797,7.505000657166559,54
2900,cortex,3031.506836,7.311622558312485,54
2900,cortex,3032.296875,7.140688932025845,54
2900,cortex,3033.085938,6.944757561021318,54
2900,cortex,3033.875,6.531371364029377,54
2900,cortex,3034.665039,6.165609699221956,54
2900,cortex,3035.454102,6.122249079469391,54
2900,cortex,3036.243164,5.888215994282211,54
2900,cortex,3037.03125,5.801266693397154,54
2900,cortex,3037.820313,6.252344546099099,54
2900,cortex,3038.608398,6.235809287559319,54
2900,cortex,3039.397461,6.176996389168125,54
2900,cortex,3040.185547,6.767262530604311,54
2900,cortex,3040.973633,7.575952379595084,54
2900,cortex,3041.761719,7.6968362280247895,54
2900,cortex,3042.548828,8.067651817060298,54
2900,cortex,3043.336914,8.410540660776132,54
2900,cortex,3044.124023,8.309741077535017,54
2900,cortex,3044.912109,8.803444333890708,54
2900,cortex,3045.699219,8.80044141231584,54
2900,cortex,3046.486328,8.561422328797994,54
2900,cortex,3047.273438,8.569900161833681,54
2900,cortex,3048.05957,8.8105932212516,54
2900,cortex,3048.84668,8.200345814533037,54
2900,cortex,3049.632813,7.243181097804875,54
2900,cortex,3050.418945,6.755038597747992,54
2900,cortex,3051.206055,5.8249766590697165,54
2900,cortex,3051.992188,6.062777052201343,54
2900,cortex,3052.777344,6.8705450381107775,54
2900,cortex,3053.563477,7.295819078708999,54
2900,cortex,3054.348633,7.681892463791545,54
2900,cortex,3055.134766,9.079911876577697,54
2900,cortex,3055.919922,9.581728661596351,54
2900,cortex,3056.705078,9.304844201718454,54
2900,cortex,3057.490234,9.309549858989133,54
2900,cortex,3058.275391,9.235395201152194,54
2900,cortex,3059.05957,9.28592178816728,54
2900,cortex,3059.844727,9.897279995257325,54
2900,cortex,3060.628906,10.396934338384122,54
2900,cortex,3061.413086,10.584170366331152,54
2900,cortex,3062.198242,10.840387727337232,54
2900,cortex,3062.981445,11.377679020565122,54
2900,cortex,3063.765625,10.986960227818384,54
2900,cortex,3064.549805,10.360776134237758,54
2900,cortex,3065.333008,9.801603033758333,54
2900,cortex,3066.117188,9.11383651529704,54
2900,cortex,3066.900391,8.613411766432858,54
2900,cortex,3067.683594,8.107869986671744,54
2900,cortex,3068.466797,7.696955877887277,54
2900,cortex,3069.249023,7.170073793695121,54
2900,cortex,3070.032227,7.317334675326179,54
2900,cortex,3070.814453,7.383126634556652,54
2900,cortex,3071.597656,7.015590070796279,54
2900,cortex,3072.379883,7.116775128989147,54
2900,cortex,3073.162109,7.195070603210499,54
2900,cortex,3073.944336,7.081762683527349,54
2900,cortex,3074.725586,7.501536964025297,54
2900,cortex,3075.507813,8.007674254771958,54
2900,cortex,3076.289063,7.423842032360437,54
2900,cortex,3077.071289,6.690203259589605,54
2900,cortex,3077.852539,6.045939631460978,54
2900,cortex,3078.633789,4.700052519322695,54
2900,cortex,3079.414063,3.6211489553040366,54
2900,cortex,3080.195313,3.248517525128249,54
2900,cortex,3080.976563,3.6684855550953723,54
2900,cortex,3081.756836,3.6901748433139665,54
2900,cortex,3082.537109,4.496246088326579,54
2900,cortex,3083.317383,5.95989925673109,54
2900,cortex,3084.097656,6.1610998953112714,54
2900,cortex,3084.87793,6.509555633921035,54
2900,cortex,3085.658203,7.513334653371174,54
2900,cortex,3086.4375,6.613263315236095,54
2900,cortex,3087.217773,5.025926824945347,54
2900,cortex,3087.99707,5.5156705852467045,54
2900,cortex,3088.776367,4.998507770305832,54
2900,cortex,3089.555664,5.3621447569960905,54
2900,cortex,3090.334961,8.340962799095447,54
2900,cortex,3091.114258,10.410679473384915,54
2900,cortex,3091.892578,9.487401292780683,54
2900,cortex,3092.670898,12.836797805941558,54
2900,cortex,3093.450195,16.308039297492265,54
2900,cortex,3094.228516,10.756322800483211,54
2900,cortex,3095.006836,7.719844355561038,54
2900,cortex,3095.78418,5.817202330544413,54
2900,cortex,3096.5625,4.4281534281309005,54
2900,cortex,3097.34082,6.110306604632565,54
2900,cortex,3098.118164,8.361548211657453,54
2900,cortex,3098.895508,8.803563533452937,54
2900,cortex,3099.672852,8.910074426266851,54
2900,cortex,3100.450195,7.738005259775845,54
2900,cortex,3101.227539,6.2600739793884035,54
2900,cortex,3102.004883,4.7669400546231095,54
2900,cortex,3102.78125,4.880492405783788,54
2900,cortex,3103.557617,4.6876321670523895,54
2900,cortex,3104.334961,6.418498988713247,54
2900,cortex,3105.111328,8.767396526623175,54
2900,cortex,3105.887695,8.985310922177131,54
2900,cortex,3106.663086,9.991123114495693,54
2900,cortex,3107.439453,12.350936325184058,54
2900,cortex,3108.214844,11.651676168402442,54
2900,cortex,3108.991211,12.39236280491173,54
2900,cortex,3109.766602,14.303497361616914,54
2900,cortex,3110.541992,14.98552964591277,54
2900,cortex,3111.317383,14.906114633386617,54
2900,cortex,3112.092773,20.41913666964574,54
2900,cortex,3112.867188,24.720241770725806,54
2900,cortex,3113.642578,30.197341741281495,54
2900,cortex,3114.416992,34.7075797850043,54
2900,cortex,3115.191406,33.66400133953552,54
2900,cortex,3115.96582,33.59250831306295,54
2900,cortex,3116.740234,28.81302646530844,54
2900,cortex,3117.514648,25.960278842387073,54
2900,cortex,3118.289063,18.906759749345284,54
2900,cortex,3119.0625,13.400517676956468,54
2900,cortex,3119.835938,13.785896913660453,54
2900,cortex,3120.610352,13.541144080298979,54
2900,cortex,3121.383789,18.161465812500612,54
2900,cortex,3122.15625,18.59185252440858,54
2900,cortex,3122.929688,15.967469938974226,54
2900,cortex,3123.703125,14.682581440631395,54
2900,cortex,3124.475586,19.72332307860918,54
2900,cortex,3125.249023,20.417831794214642,54
2900,cortex,3126.021484,27.66376476243518,54
2900,cortex,3126.793945,28.586461146557745,54
2900,cortex,3127.566406,27.60335630387054,54
2900,cortex,3128.337891,25.24269066998544,54
2900,cortex,3129.110352,22.307429846781208,54
2900,cortex,3129.882813,19.856535977283347,54
2900,cortex,3130.654297,19.31750966007092,54
2900,cortex,3131.425781,20.2587540316883,54
2900,cortex,3132.197266,23.251298038070725,54
2900,cortex,3132.96875,24.17950412011452,54
2900,cortex,3133.740234,22.441886389030984,54
2900,cortex,3134.510742,21.840218973125474,54
2900,cortex,3135.282227,20.145754938130377,54
2900,cortex,3136.052734,19.640020234728745,54
2900,cortex,3136.823242,19.450341920207173,54
2900,cortex,3137.59375,19.40265376924153,54
2900,cortex,3138.364258,18.796655187106225,54
2900,cortex,3139.134766,22.128527887290733,54
2900,cortex,3139.905273,21.743140537570174,54
2900,cortex,3140.674805,19.03409725473189,54
2900,cortex,3141.444336,15.476684775957496,54
2900,cortex,3142.213867,14.541356351197356,54
2900,cortex,3142.984375,20.12824829901258,54
2900,cortex,3143.75293,20.183791533834697,54
2900,cortex,3144.522461,21.222754149713037,54
2900,cortex,3145.291992,22.51656269956192,54
2900,cortex,3146.060547,21.760661868029896,54
2900,cortex,3146.830078,23.594341348726616,54
2900,cortex,3147.598633,23.363916782867076,54
2900,cortex,3148.367188,22.141755013930815,54
2900,cortex,3149.135742,23.919523130915962,54
2900,cortex,3149.90332,22.269890920034314,54
2900,cortex,3150.671875,18.23498874586242,54
2900,cortex,3151.439453,7.58375580943159,54
2900,cortex,3152.208008,3.459153999261458,54
2900,cortex,3152.975586,1.7561904938645294,54
2900,cortex,3153.743164,2.1515413612531455,54
2900,cortex,3154.510742,4.181348457569588,54
2900,cortex,3155.27832,9.121374303498648,54
2900,cortex,3156.044922,19.062632135382284,54
2900,cortex,3156.8125,22.857036224884542,54
2900,cortex,3157.579102,25.590112526333513,54
2900,cortex,3158.345703,26.98904544051953,54
2900,cortex,3159.112305,25.412088956599323,54
2900,cortex,3159.878906,16.950616501281385,54
2900,cortex,3160.645508,2.9514402252216336,54
2900,cortex,3161.412109,0.9617508894593951,54
2900,cortex,3162.177734,4.54075925746648,54
2900,cortex,3162.943359,5.5133616143032675,54
2900,cortex,3163.709961,5.401670143881821,54
2900,cortex,3164.475586,5.265052978740307,54
2900,cortex,3165.241211,3.4334258022034034,54
2900,cortex,3166.005859,1.3383295759867797,54
2900,cortex,3166.771484,1.2227293093089773,54
2900,cortex,3167.537109,4.704643927286901,54
2900,cortex,3168.301758,12.243276958543722,54
2900,cortex,3169.066406,14.82742204154663,54
2900,cortex,3169.831055,7.2291573484017455,54
2900,cortex,3170.595703,4.628710100530544,54
2900,cortex,3171.360352,1.1369266521818195,54
2900,cortex,3172.125,0.7478127632302004,54
2900,cortex,3172.888672,1.2603141248124803,54
2900,cortex,3173.652344,1.5974030077798764,54
2900,cortex,3174.416992,1.137325641616001,54
2900,cortex,3175.180664,0.7377556640920346,54
2900,cortex,3175.944336,0.3835164788163387,54
2900,cortex,3176.707031,0.06976588560394512,54
2900,cortex,3177.470703,0.2116845511698581,54
2900,cortex,3178.234375,0.05472295989136056,54
2900,cortex,3178.99707,0.1773213117740152,54
2900,cortex,3179.759766,0.6839727253599119,54
2900,cortex,3180.522461,0.1528996265406111,54
2900,cortex,3181.285156,0.42008668512179037,54
2900,cortex,3182.047852,1.1424750829903616,54
2900,cortex,3182.810547,3.5982099950071778,54
2900,cortex,3183.572266,5.577155506088471,54
2900,cortex,3184.334961,6.223600352065243,54
2900,cortex,3185.09668,5.126969963192475,54
2900,cortex,3185.858398,3.890390381569713,54
2900,cortex,3186.620117,3.516771054239635,54
2900,cortex,3187.381836,3.238017393108143,54
2900,cortex,3188.142578,3.1897228993897695,54
2900,cortex,3188.904297,3.471431803863288,54
2900,cortex,3189.665039,3.043561511676354,54
2900,cortex,3190.425781,3.3303089046305248,54
2900,cortex,3191.1875,3.7301065283723633,54
2900,cortex,3191.948242,3.589631306361908,54
2900,cortex,3192.708008,3.4002426770537166,54
2900,cortex,3193.46875,3.771634543465513,54
2900,cortex,3194.229492,4.384205718369562,54
2900,cortex,3194.989258,4.207959614600326,54
2900,cortex,3195.749023,4.982180239201998,54
2900,cortex,3196.508789,5.708697018855743,54
2900,cortex,3197.268555,5.618304338919716,54
2900,cortex,3198.02832,5.3432759385723285,54
2900,cortex,3198.788086,5.717775914814182,54
2900,cortex,3199.546875,6.166331224877703,54
2900,cortex,3200.306641,6.492124850718011,54
2900,cortex,3201.06543,7.478989799070111,54
2900,cortex,3201.824219,7.256000977681479,54
2900,cortex,3202.583008,7.702459474920781,54
2900,cortex,3203.341797,7.740632120110132,54
2900,cortex,3204.100586,7.710821932754093,54
2900,cortex,3204.858398,7.198574338078294,54
2900,cortex,3205.617188,6.850729390319805,54
2900,cortex,3206.375,7.063283883568639,54
2900,cortex,3207.132813,6.7518305319638126,54
2900,cortex,3207.890625,6.957987564920624,54
2900,cortex,3208.648438,7.210961091169627,54
2900,cortex,3209.40625,7.124078555872152,54
2900,cortex,3210.164063,7.38346187355168,54
2900,cortex,3210.920898,7.109736549217169,54
2900,cortex,3211.677734,6.920889375611108,54
2900,cortex,3212.43457,6.9012124500906475,54
2900,cortex,3213.191406,7.120732874926088,54
2900,cortex,3213.948242,7.659574090485686,54
2900,cortex,3214.705078,7.822885800091178,54
2900,cortex,3215.461914,8.361596946351307,54
2900,cortex,3216.217773,8.962055416025201,54
2900,cortex,3216.973633,8.947753374346718,54
2900,cortex,3217.730469,9.527120175069763,54
2900,cortex,3218.486328,9.40249789339645,54
2900,cortex,3219.242188,9.479771830757524,54
2900,cortex,3219.99707,9.136089324772401,54
2900,cortex,3220.75293,8.853682142569394,54
2900,cortex,3221.507813,8.545637878407192,54
2900,cortex,3222.263672,7.857472379363229,54
2900,cortex,3223.018555,6.913675526619783,54
2900,cortex,3223.773438,6.906770506129529,54
2900,cortex,3224.52832,6.458332820160184,54
2900,cortex,3225.283203,7.091655052274035,54
2900,cortex,3226.037109,7.600479984703806,54
2900,cortex,3226.791992,8.513636744363454,54
2900,cortex,3227.545898,9.241167099091243,54
2900,cortex,3228.299805,9.301515862569302,54
2900,cortex,3229.053711,9.40856177368308,54
2900,cortex,3229.807617,8.582532248799497,54
2900,cortex,3230.561523,8.084385010246347,54
2900,cortex,3231.31543,7.54567867944579,54
2900,cortex,3232.068359,6.469547118390635,54
2900,cortex,3232.822266,5.054444450160976,54
2900,cortex,3233.575195,4.3440033243907505,54
2900,cortex,3234.328125,4.44157505430819,54
2900,cortex,3235.081055,5.501547073380173,54
2900,cortex,3235.833984,5.990294653016759,54
2900,cortex,3236.585938,7.20014327222399,54
2900,cortex,3237.338867,7.778137627109816,54
2900,cortex,3238.09082,8.838634656221055,54
2900,cortex,3238.84375,9.03230766481282,54
2900,cortex,3239.595703,8.801180985731243,54
2900,cortex,3240.347656,8.65416198374533,54
2900,cortex,3241.099609,7.814881496567682,54
2900,cortex,3241.850586,7.918128106385916,54
2900,cortex,3242.602539,6.850474110339169,54
2900,cortex,3243.353516,6.672174118830379,54
2900,cortex,3244.104492,5.645921039791867,54
2900,cortex,3244.856445,5.192815414307029,54
2900,cortex,3245.607422,5.36794513678312,54
2900,cortex,3246.357422,5.6517633921539145,54
2900,cortex,3247.108398,6.494524461572426,54
2900,cortex,3247.859375,6.924503939056131,54
2900,cortex,3248.609375,7.579044781806207,54
2900,cortex,3249.359375,8.450480419156852,54
2900,cortex,3250.109375,7.9407015951175985,54
2900,cortex,3250.859375,8.162191735695393,54
2900,cortex,3251.609375,6.53250641708141,54
2900,cortex,3252.359375,5.969894138162325,54
2900,cortex,3253.109375,5.138460883596514,54
2900,cortex,3253.858398,4.759467079529468,54
2900,cortex,3254.607422,5.499830084045221,54
2900,cortex,3255.357422,5.753534586120577,54
2900,cortex,3256.106445,7.839428644186887,54
2900,cortex,3256.854492,7.675207886107888,54
2900,cortex,3257.603516,5.431045131265545,54
2900,cortex,3258.352539,4.590746157598215,54
2900,cortex,3259.100586,1.6770674555365466,54
2900,cortex,3259.849609,1.36868787436726,54
2900,cortex,3260.597656,0.7266528361354618,54
2900,cortex,3261.345703,2.024399674766539,54
2900,cortex,3262.09375,2.7887405317259617,54
2900,cortex,3262.84082,6.29432439686459,54
2900,cortex,3263.588867,7.753102677480006,54
2900,cortex,3264.335938,18.751641899679186,54
2900,cortex,3265.083984,23.911659662058238,54
2900,cortex,3265.831055,19.572476282054588,54
2900,cortex,3266.578125,15.726331887747676,54
2900,cortex,3267.325195,5.618076084447158,54
2900,cortex,3268.072266,1.3046100177767879,54
2900,cortex,3268.818359,1.0102422981684298,54
2900,cortex,3269.56543,4.162610482598841,54
2900,cortex,3270.311523,11.532526956274607,54
2900,cortex,3271.057617,17.088999808441404,54
2900,cortex,3271.803711,20.699718781116232,54
2900,cortex,3272.549805,18.199627703523028,54
2900,cortex,3273.295898,20.188282044224664,54
2900,cortex,3274.041992,17.721485009995263,54
2900,cortex,3274.787109,20.27488338014334,54
2900,cortex,3275.533203,20.242982859552995,54
2900,cortex,3276.27832,20.692365741858037,54
2900,cortex,3277.023438,19.82712227129604,54
2900,cortex,3277.768555,19.711073304873988,54
2900,cortex,3278.513672,18.748137391962373,54
2900,cortex,3279.257813,17.31704260632392,54
2900,cortex,3280.00293,16.992281539173337,54
2900,cortex,3280.74707,18.29216156678661,54
2900,cortex,3281.491211,18.43210560937492,54
2900,cortex,3282.236328,17.980155341869985,54
2900,cortex,3282.980469,17.376458242210134,54
2900,cortex,3283.723633,16.632665298807478,54
2900,cortex,3284.467773,15.386987161391097,54
2900,striatum,2460.719727,1.2023671605383495,36
2900,striatum,2461.619141,1.2287863887454695,36
2900,striatum,2462.519531,1.290432115324057,36
2900,striatum,2463.418945,1.4089723426063088,36
2900,striatum,2464.318359,1.5949961126227552,36
2900,striatum,2465.217773,1.8549598731045998,36
2900,striatum,2466.117188,2.133419441453396,36
2900,striatum,2467.016602,2.5343038289607023,36
2900,striatum,2467.915039,1.5133048170656032,36
2900,striatum,2468.814453,0.7555089448891835,36
2900,striatum,2469.712891,1.0367135430817511,36
2900,striatum,2470.611328,0.5431806788456993,36
2900,striatum,2471.508789,0.15551654883355517,36
2900,striatum,2472.407227,0.07009075154159687,36
2900,striatum,2473.304688,0.14253054138602908,36
2900,striatum,2474.203125,0.10900597724900117,36
2900,striatum,2475.100586,0.0599885633405164,36
2900,striatum,2475.99707,0.18963665319328712,36
2900,striatum,2476.894531,0.012381475470887674,36
2900,striatum,2477.791992,0.002698563882369945,36
2900,striatum,2478.688477,0.043160091032938885,36
2900,striatum,2479.584961,0.3359731661433918,36
2900,striatum,2480.481445,0.6442476700721811,36
2900,striatum,2481.37793,0.686761023030619,36
2900,striatum,2482.273438,0.27077757074440906,36
2900,striatum,2483.169922,0.4411483727223927,36
2900,striatum,2484.06543,0.0017449090932196087,36
2900,striatum,2484.960938,0.12915271749352558,36
2900,striatum,2485.856445,0.037694130594167756,36
2900,striatum,2486.751953,0.18894975706940764,36
2900,striatum,2487.646484,0.04069346687282764,36
2900,striatum,2488.541016,0.8531101838119275,36
2900,striatum,2489.436523,1.6056547208204157,36
2900,striatum,2490.331055,2.304578386425287,36
2900,striatum,2491.224609,2.6136256475079387,36
2900,striatum,2492.119141,2.6221120528969197,36
2900,striatum,2493.013672,2.8183641681010916,36
2900,striatum,2493.907227,2.4212647353788412,36
2900,striatum,2494.800781,2.571265451400231,36
2900,striatum,2495.694336,2.2447708220763753,36
2900,striatum,2496.587891,1.9917698520091205,36
2900,striatum,2497.480469,2.323707897500932,36
2900,striatum,2498.374023,2.141667166281921,36
2900,striatum,2499.266602,2.30923401557009,36
2900,striatum,2500.15918,2.1693946576477896,36
2900,striatum,2501.051758,1.9797016616837775,36
2900,striatum,2501.943359,1.738956647913305,36
2900,striatum,2502.835938,1.2807550609339464,36
2900,striatum,2503.727539,1.8370648370841072,36
2900,striatum,2504.619141,1.9496131880159275,36
2900,striatum,2505.510742,1.8909638981393087,36
2900,striatum,2506.402344,2.160380772085794,36
2900,striatum,2507.292969,2.1255436270243453,36
2900,striatum,2508.18457,2.0714489520266532,36
2900,striatum,2509.075195,1.9063020275074687,36
2900,striatum,2509.96582,1.5794682788036174,36
2900,striatum,2510.856445,1.0445586491262202,36
2900,striatum,2511.74707,0.7705104246172826,36
2900,striatum,2512.636719,1.2030042483562,36
2900,striatum,2513.527344,1.3080653598758145,36
2900,striatum,2514.416992,1.6332049069508925,36
2900,striatum,2515.306641,2.5129560357517757,36
2900,striatum,2516.196289,2.94254800185381,36
2900,striatum,2517.084961,3.918189215521622,36
2900,striatum,2517.974609,3.292188343750213,36
2900,striatum,2518.863281,3.387416603694487,36
2900,striatum,2519.751953,3.0236900045845947,36
2900,striatum,2520.640625,2.114358017376878,36
2900,striatum,2521.529297,1.7108607147270007,36
2900,striatum,2522.416992,1.2167483848176688,36
2900,striatum,2523.305664,0.9948630001327998,36
2900,striatum,2524.193359,1.3773861100482836,36
2900,striatum,2525.081055,1.2412104449572852,36
2900,striatum,2525.96875,1.6969525992801067,36
2900,striatum,2526.855469,1.393974387873433,36
2900,striatum,2527.743164,1.9250355449726013,36
2900,striatum,2528.629883,2.054251901285157,36
2900,striatum,2529.516602,1.7482241620163739,36
2900,striatum,2530.40332,1.624602755188966,36
2900,striatum,2531.290039,1.8173521234150334,36
2900,striatum,2532.176758,2.134267986159332,36
2900,striatum,2533.0625,2.5806337217487267,36
2900,striatum,2533.948242,2.008408522095878,36
2900,striatum,2534.833984,2.365300160178056,36
2900,striatum,2535.719727,2.2369577261651425,36
2900,striatum,2536.605469,3.0366410680141414,36
2900,striatum,2537.490234,3.1346936392401936,36
2900,striatum,2538.375977,2.3929779833310185,36
2900,striatum,2539.260742,2.238140318171638,36
2900,striatum,2540.145508,3.09542715697054,36
2900,striatum,2541.030273,3.329564350164389,36
2900,striatum,2541.914063,3.1108611328499887,36
2900,striatum,2542.798828,2.2759733493065735,36
2900,striatum,2543.682617,3.1031737222215106,36
2900,striatum,2544.566406,2.7729078472582196,36
2900,striatum,2545.450195,3.2862641919128333,36
2900,striatum,2546.333984,3.0195484312355814,36
2900,striatum,2547.216797,2.287994290799586,36
2900,striatum,2548.100586,2.8537502137181283,36
2900,striatum,2548.983398,2.9873856814948843,36
2900,striatum,2549.866211,2.7357522904745335,36
2900,striatum,2550.749023,1.940220713445823,36
2900,striatum,2551.630859,1.5607745485392392,36
2900,striatum,2552.513672,1.8537282158565431,36
2900,striatum,2553.395508,1.0208924994792095,36
2900,striatum,2554.277344,0.9205848225674178,36
2900,striatum,2555.15918,0.7064794750692576,36
2900,striatum,2556.041016,0.6316427475955892,36
2900,striatum,2556.922852,1.4825992210330483,36
2900,striatum,2557.803711,1.3485955240574055,36
2900,striatum,2558.68457,1.7192525778862073,36
2900,striatum,2559.56543,1.2470575089837164,36
2900,striatum,2560.446289,1.7848309519195842,36
2900,striatum,2561.327148,2.1904702248021612,36
2900,striatum,2562.207031,2.033901276086734,36
2900,striatum,2563.087891,3.239846134666142,36
2900,striatum,2563.967773,2.0289949572520682,36
2900,striatum,2564.847656,4.629039942236696,36
2900,striatum,2565.727539,5.638535110671647,36
2900,striatum,2566.606445,3.659111955372042,36
2900,striatum,2567.486328,2.6576738748244066,36
2900,striatum,2568.365234,3.1815902197225485,36
2900,striatum,2569.244141,2.467186089315114,36
2900,striatum,2570.123047,3.2079170599010047,36
2900,striatum,2571.001953,2.0354300319869214,36
2900,striatum,2571.879883,2.838566690799112,36
2900,striatum,2572.758789,3.469370484685712,36
2900,striatum,2573.636719,2.07605325986983,36
2900,striatum,2574.514648,0.8168364359042323,36
2900,striatum,2575.392578,0.4170250372768144,36
2900,striatum,2576.270508,0.1311407795424312,36
2900,striatum,2577.147461,0.23828677045041002,36
2900,striatum,2578.024414,0.22292795348723093,36
2900,striatum,2578.902344,0.3323353744664544,36
2900,striatum,2579.779297,0.8277024701545543,36
2900,striatum,2580.655273,1.5110646240009418,36
2900,striatum,2581.532227,2.5289012041136365,36
2900,striatum,2582.408203,2.9905078742117137,36
2900,striatum,2583.285156,3.315534586082003,36
2900,striatum,2584.161133,2.790668302265679,36
2900,striatum,2585.037109,2.117995779774688,36
2900,striatum,2585.912109,2.2260421619963933,36
2900,striatum,2586.788086,1.6513010598096336,36
2900,striatum,2587.663086,3.015080197046019,36
2900,striatum,2588.538086,1.6838302978711155,36
2900,striatum,2589.413086,0.9198944711068027,36
2900,striatum,2590.288086,0.3970553170623156,36
2900,striatum,2591.163086,0.15446502472487172,36
2900,striatum,2592.037109,0.10179474236628636,36
2900,striatum,2592.912109,0.051619712426027906,36
2900,striatum,2593.786133,0.6376455336638728,36
2900,striatum,2594.660156,1.8161343667383927,36
2900,striatum,2595.53418,2.0802530792171683,36
2900,striatum,2596.407227,3.062529007678988,36
2900,striatum,2597.28125,2.415011914276494,36
2900,striatum,2598.154297,2.528938249972206,36
2900,striatum,2599.027344,2.3749609771621234,36
2900,striatum,2599.900391,1.5633735544321814,36
2900,striatum,2600.772461,1.6488029487710898,36
2900,striatum,2601.645508,1.2913887339389678,36
2900,striatum,2602.517578,1.087115855347165,36
2900,striatum,2603.389648,0.9687358749659971,36
2900,striatum,2604.261719,0.7419870492725466,36
2900,striatum,2605.133789,0.816005977784271,36
2900,striatum,2606.005859,0.9297329149579678,36
2900,striatum,2606.876953,1.0481504348434394,36
2900,striatum,2607.749023,0.6331781098035758,36
2900,striatum,2608.620117,0.22295044250970977,36
2900,striatum,2609.491211,0.05179711242896544,36
2900,striatum,2610.361328,0.028280823920621992,36
2900,striatum,2611.232422,0.20792418676342556,36
2900,striatum,2612.102539,0.2857954348706358,36
2900,striatum,2612.973633,0.09578571624006535,36
2900,striatum,2613.84375,0.1287695839198051,36
2900,striatum,2614.713867,0.6032733537771899,36
2900,striatum,2615.583008,0.506034293155911,36
2900,striatum,2616.453125,0.1302193349750288,36
2900,striatum,2617.322266,0.10269679338051933,36
2900,striatum,2618.191406,0.04268973675859521,36
2900,striatum,2619.060547,0.2718535020935687,36
2900,striatum,2619.929688,0.5085068556258451,36
2900,striatum,2620.798828,0.5402020874894233,36
2900,striatum,2621.666992,0.3072065278076449,36
2900,striatum,2622.536133,0.02338736644385723,36
2900,striatum,2623.404297,0.05758669729999672,36
2900,striatum,2624.272461,0.13473448115095565,36
2900,striatum,2625.139648,0.09423961214843891,36
2900,striatum,2626.007813,0.07579301308379979,36
2900,striatum,2626.875,0.00035031332951887924,36
2900,striatum,2627.743164,0.04985087993409438,36
2900,striatum,2628.610352,0.05628651367788993,36
2900,striatum,2629.476563,0.27775086265699767,36
2900,striatum,2630.34375,0.29642238074696114,36
2900,striatum,2631.210938,0.5234170225265091,36
2900,striatum,2632.077148,0.5605374592805054,36
2900,striatum,2632.943359,0.08406079866396084,36
2900,striatum,2633.80957,0.008756854666960448,36
2900,striatum,2634.675781,0.042147625695862445,36
2900,striatum,2635.541992,0.3854211767264218,36
2900,striatum,2636.407227,0.4470832927783386,36
2900,striatum,2637.272461,1.5235267453894865,36
2900,striatum,2638.138672,2.604884698747342,36
2900,striatum,2639.00293,2.7440397884320276,36
2900,striatum,2639.868164,4.747063591236321,36
2900,striatum,2640.733398,3.2759041215049685,36
2900,striatum,2641.597656,2.184164829501974,36
2900,striatum,2642.461914,2.16475748630199,36
2900,striatum,2643.327148,1.5397312350603956,36
2900,striatum,2644.19043,2.0620981129389566,36
2900,striatum,2645.054688,1.460956245106454,36
2900,striatum,2645.918945,2.04728607380533,36
2900,striatum,2646.782227,3.4850631706730737,36
2900,striatum,2647.645508,3.442446193941796,36
2900,striatum,2648.508789,4.215914912260252,36
2900,striatum,2649.37207,3.525131403963491,36
2900,striatum,2650.235352,3.8963992392789044,36
2900,striatum,2651.097656,4.001634244657464,36
2900,striatum,2651.960938,3.222364006987111,36
2900,striatum,2652.823242,3.201747754183598,36
2900,striatum,2653.685547,2.584607745928595,36
2900,striatum,2654.546875,2.946637174379094,36
2900,striatum,2655.40918,3.1051344290145018,36
2900,striatum,2656.270508,4.178362946581193,36
2900,striatum,2657.132813,5.557924707947713,36
2900,striatum,2657.994141,4.419161340753709,36
2900,striatum,2658.855469,4.237701789886618,36
2900,striatum,2659.71582,4.163034596213528,36
2900,striatum,2660.577148,4.7724562629824865,36
2900,striatum,2661.4375,5.7566626410042545,36
2900,striatum,2662.298828,5.200048961217113,36
2900,striatum,2663.15918,5.193958597444611,36
2900,striatum,2664.019531,3.694901028093383,36
2900,striatum,2664.878906,3.409540504517657,36
2900,striatum,2665.739258,2.8393631449812133,36
2900,striatum,2666.598633,1.9765078003107297,36
2900,striatum,2667.458008,3.457536541211568,36
2900,striatum,2668.317383,2.572053896899274,36
2900,striatum,2669.176758,3.707573269687826,36
2900,striatum,2670.036133,2.9337243608265857,36
2900,striatum,2670.894531,2.643214042047842,36
2900,striatum,2671.75293,3.4847572527634374,36
2900,striatum,2672.612305,2.8976320789994703,36
2900,striatum,2673.470703,4.663348783105285,36
2900,striatum,2674.328125,3.9048124791025653,36
2900,striatum,2675.186523,4.396583191576861,36
2900,striatum,2676.043945,3.7929863553259,36
2900,striatum,2676.902344,2.9997033922381346,36
2900,striatum,2677.759766,3.920245594537233,36
2900,striatum,2678.617188,2.4674785470513676,36
2900,striatum,2679.473633,2.1130374586831793,36
2900,striatum,2680.331055,1.692659213277101,36
2900,striatum,2681.1875,1.1773117471699432,36
2900,striatum,2682.043945,2.552489377051753,36
2900,striatum,2682.901367,2.0292886854120527,36
2900,striatum,2683.756836,2.818446551557693,36
2900,striatum,2684.613281,1.9987610072521036,36
2900,striatum,2685.469727,2.27901987487646,36
2900,striatum,2686.325195,3.2095129703604424,36
2900,striatum,2687.180664,1.9961988174509617,36
2900,striatum,2688.036133,1.4650852006714297,36
2900,striatum,2688.891602,0.9818059470476248,36
2900,striatum,2689.74707,2.010867607350379,36
2900,striatum,2690.601563,1.947144054556113,36
2900,striatum,2691.456055,2.9640712556535895,36
2900,striatum,2692.310547,0.8874523894345023,36
2900,striatum,2693.165039,0.4428312600269981,36
2900,striatum,2694.019531,0.2571621488418276,36
2900,striatum,2694.874023,0.12432315824689516,36
2900,striatum,2695.727539,0.5392870699264348,36
2900,striatum,2696.582031,0.3631077348757601,36
2900,striatum,2697.435547,0.5021516657961547,36
2900,striatum,2698.289063,0.7799077985256955,36
2900,striatum,2699.141602,0.7461114898152027,36
2900,striatum,2699.995117,1.177561826833411,36
2900,striatum,2700.847656,1.0352392029554658,36
2900,striatum,2701.701172,1.258283323433217,36
2900,striatum,2702.553711,3.7795095152801568,36
2900,striatum,2703.40625,3.008499782981887,36
2900,striatum,2704.257813,4.1177787333978975,36
2900,striatum,2705.110352,2.4695370860732986,36
2900,striatum,2705.961914,0.49753120631281506,36
2900,striatum,2706.813477,0.525054835373102,36
2900,striatum,2707.665039,0.42806916421313584,36
2900,striatum,2708.516602,0.4363936009770472,36
2900,striatum,2709.368164,0.2910888349655271,36
2900,striatum,2710.21875,0.42623141326034214,36
2900,striatum,2711.070313,0.5756078214427295,36
2900,striatum,2711.920898,0.88757287278181,36
2900,striatum,2712.771484,1.843625902252631,36
2900,striatum,2713.62207,1.9297791229658505,36
2900,striatum,2714.47168,0.7097797284938979,36
2900,striatum,2715.322266,0.8317249768898428,36
2900,striatum,2716.171875,1.1269387765830543,36
2900,striatum,2717.021484,2.4423424038663453,36
2900,striatum,2717.871094,3.386058214875031,36
2900,striatum,2718.720703,6.389627369916719,36
2900,striatum,2719.570313,6.448680754690426,36
2900,striatum,2720.418945,7.397183899999311,36
2900,striatum,2721.267578,7.12043674771394,36
2900,striatum,2722.117188,6.7381905380773075,36
2900,striatum,2722.96582,9.034585907400382,36
2900,striatum,2723.813477,5.71656275118526,36
2900,striatum,2724.662109,3.7408992220269175,36
2900,striatum,2725.509766,3.4895276158642927,36
2900,striatum,2726.358398,2.2769655643271656,36
2900,striatum,2727.206055,3.359942501801464,36
2900,striatum,2728.053711,2.5093629337509293,36
2900,striatum,2728.900391,3.32100659131971,36
2900,striatum,2729.748047,2.927146873796257,36
2900,striatum,2730.594727,2.687223154603883,36
2900,striatum,2731.442383,3.8357151227448574,36
2900,striatum,2732.289063,0.08802365139119347,36
2900,striatum,2733.134766,2.1020806660604423,36
2900,striatum,2733.981445,1.1484611045952058,36
2900,striatum,2734.828125,1.2552487461553523,36
2900,striatum,2735.673828,0.8250378664006315,36
2900,striatum,2736.519531,0.8573884387814739,36
2900,striatum,2737.365234,1.1661956338400628,36
2900,striatum,2738.210938,1.1740057406757398,36
2900,striatum,2739.056641,2.527355851819854,36
2900,striatum,2739.902344,2.7771348239434266,36
2900,striatum,2740.74707,1.2473515031676596,36
2900,striatum,2741.591797,1.1368789665502632,36
2900,striatum,2742.436523,0.4373798953160977,36
2900,striatum,2743.28125,0.5893020833423699,36
2900,striatum,2744.125977,1.4665754420801307,36
2900,striatum,2744.969727,1.0477255455817525,36
2900,striatum,2745.813477,1.5868783032704499,36
2900,striatum,2746.658203,0.26629681342044853,36
2900,striatum,2747.501953,1.0081750603822925,36
2900,striatum,2748.344727,1.1464755002527556,36
2900,striatum,2749.188477,3.657471649994414,36
2900,striatum,2750.032227,3.98959621915821,36
2900,striatum,2750.875,4.341885839382889,36
2900,striatum,2751.717773,3.073757812482358,36
2900,striatum,2752.560547,2.119090315723689,36
2900,striatum,2753.40332,3.045754823142169,36
2900,striatum,2754.246094,2.120136825536899,36
2900,striatum,2755.087891,2.78188382976404,36
2900,striatum,2755.929688,2.3284950560397877,36
2900,striatum,2756.772461,2.3119974720279965,36
2900,striatum,2757.614258,2.4809907280959824,36
2900,striatum,2758.455078,1.4935381573536395,36
2900,striatum,2759.296875,1.902605617078834,36
2900,striatum,2760.137695,1.5020726091889023,36
2900,striatum,2760.979492,3.1090670551856356,36
2900,striatum,2761.820313,3.665313733029523,36
2900,striatum,2762.661133,2.5326894374074667,36
2900,striatum,2763.501953,2.129101954347247,36
2900,striatum,2764.341797,1.7191177554543424,36
2900,striatum,2765.182617,3.887758717797395,36
2900,striatum,2766.022461,1.1441976277438128,36
2900,striatum,2766.862305,2.1602626851309896,36
2900,striatum,2767.702148,1.4071679439068023,36
2900,striatum,2768.541992,2.0192249012826364,36
2900,striatum,2769.380859,2.638020886711977,36
2900,striatum,2770.220703,2.752008323978194,36
2900,striatum,2771.05957,4.554257531797044,36
2900,striatum,2771.898438,2.0090702849616107,36
2900,striatum,2772.737305,3.2812486684561777,36
2900,striatum,2773.576172,3.048047260405616,36
2900,striatum,2774.415039,0.9966363655196043,36
2900,striatum,2775.25293,1.3378782840999799,36
2900,striatum,2776.09082,0.7819407557864161,36
2900,striatum,2776.929688,0.6531226134492863,36
2900,striatum,2777.766602,0.6763570728096777,36
2900,striatum,2778.604492,0.7155820082000344,36
2900,striatum,2779.442383,1.1891779204301784,36
2900,striatum,2780.279297,0.9193009610571533,36
2900,striatum,2781.117188,1.3955381163564402,36
2900,striatum,2781.954102,0.7072072137308147,36
2900,striatum,2782.791016,2.2594354258735456,36
2900,striatum,2783.626953,1.2029035455549733,36
2900,striatum,2784.463867,1.3584398954710961,36
2900,striatum,2785.299805,1.5686578974158392,36
2900,striatum,2786.136719,2.420426891007392,36
2900,striatum,2786.972656,3.747098356367474,36
2900,striatum,2787.808594,2.064293271730947,36
2900,striatum,2788.644531,1.2726931749881691,36
2900,striatum,2789.479492,0.8410866159634457,36
2900,striatum,2790.31543,0.6774075965813435,36
2900,striatum,2791.150391,1.5904169014331937,36
2900,striatum,2791.985352,1.5089075188062753,36
2900,striatum,2792.820313,1.5736357396479916,36
2900,striatum,2793.655273,1.5064757075175423,36
2900,striatum,2794.489258,1.6394969148663407,36
2900,striatum,2795.324219,1.3620495149424718,36
2900,striatum,2796.158203,0.8914212427112606,36
2900,striatum,2796.992188,1.089680443004645,36
2900,striatum,2797.826172,1.1294164157203792,36
2900,striatum,2798.660156,1.2401774198287165,36
2900,striatum,2799.493164,1.0699054474067724,36
2900,striatum,2800.327148,0.9036117300827041,36
2900,striatum,2801.160156,1.6419671568483885,36
2900,striatum,2801.993164,1.851950264106049,36
2900,striatum,2802.826172,1.9430839093643444,36
2900,striatum,2803.65918,1.5127784308677383,36
2900,striatum,2804.492188,1.6672287813134632,36
2900,striatum,2805.324219,1.3869342810991985,36
2900,striatum,2806.15625,1.2527135885412148,36
2900,striatum,2806.989258,1.249583353108617,36
2900,striatum,2807.821289,0.9163805427679764,36
2900,striatum,2808.652344,0.8526848306228123,36
2900,striatum,2809.484375,0.8075545616664174,36
2900,striatum,2810.31543,1.1399160282960978,36
2900,striatum,2811.147461,0.848889064745804,36
2900,striatum,2811.978516,0.8010486037011735,36
2900,striatum,2812.80957,1.003941084166871,36
2900,striatum,2813.640625,0.8560514598118016,36
2900,striatum,2814.470703,1.1323089216416682,36
2900,striatum,2815.301758,1.3035444257564195,36
2900,striatum,2816.131836,2.6763475233166387,36
2900,striatum,2816.961914,2.2370545511343636,36
2900,striatum,2817.791992,2.4273649861970688,36
2900,striatum,2818.62207,2.8351399433100375,36
2900,striatum,2819.452148,2.0205698582850293,36
2900,striatum,2820.28125,1.1800034011399296,36
2900,striatum,2821.111328,0.5531791635261748,36
2900,striatum,2821.94043,0.5361500519209103,36
2900,striatum,2822.769531,0.7339717557164566,36
2900,striatum,2823.598633,0.35582095978071265,36
2900,striatum,2824.426758,0.3455902111860571,36
2900,striatum,2825.255859,0.1798295813913794,36
2900,striatum,2826.083984,0.3135289485289403,36
2900,striatum,2826.912109,0.44792220366318447,36
2900,striatum,2827.740234,0.31225754381469506,36
2900,striatum,2828.568359,0.27158395858377576,36
2900,striatum,2829.396484,0.24669890621464963,36
2900,striatum,2830.223633,0.19375228970550634,36
2900,striatum,2831.051758,0.21327373774972969,36
2900,striatum,2831.878906,0.30221790326945175,36
2900,striatum,2832.706055,0.3403603863305542,36
2900,striatum,2833.533203,0.48586288755623497,36
2900,striatum,2834.359375,0.5667661463645085,36
2900,striatum,2835.186523,0.566027450776607,36
2900,striatum,2836.012695,0.31950888270889466,36
2900,striatum,2836.839844,0.12773531461073442,36
2900,striatum,2837.666016,0.11189448965664384,36
2900,striatum,2838.492188,0.22459712342553095,36
2900,striatum,2839.317383,0.3595432154826773,36
2900,striatum,2840.143555,0.6164958155882883,36
2900,striatum,2840.96875,1.1117104088119683,36
2900,striatum,2841.794922,1.613007007493877,36
2900,striatum,2842.620117,1.9566138004466918,36
2900,striatum,2843.445313,2.3795286861269194,36
2900,striatum,2844.269531,2.4851372133173615,36
2900,striatum,2845.094727,4.175212485129292,36
2900,striatum,2845.918945,5.7481744869350075,36
2900,striatum,2846.744141,5.826217133123805,36
2900,striatum,2847.568359,6.08391873026593,36
2900,striatum,2848.392578,5.790672392658948,36
2900,striatum,2849.21582,5.3057919666987665,36
2900,striatum,2850.040039,5.04817652137374,36
2900,striatum,2850.864258,5.1133762441689585,36
2900,striatum,2851.6875,5.421411041522774,36
2900,striatum,2852.510742,5.049517250518398,36
2900,striatum,2853.333984,4.732017497996705,36
2900,striatum,2854.157227,4.985648010012301,36
2900,striatum,2854.979492,5.001393042052356,36
2900,striatum,2855.802734,4.238240899081156,36
2900,striatum,2856.625,3.9593555445028494,36
2900,striatum,2857.447266,4.222559302482062,36
2900,striatum,2858.269531,4.112878343702749,36
2900,striatum,2859.091797,3.733790843817201,36
2900,striatum,2859.914063,3.68772969921844,36
2900,striatum,2860.736328,3.6312739127247204,36
2900,striatum,2861.557617,3.472238425254314,36
2900,striatum,2862.378906,3.216621531560008,36
2900,striatum,2863.200195,2.3975209140073077,36
2900,striatum,2864.021484,1.8604961391343657,36
2900,striatum,2864.842773,1.7721472440958241,36
2900,striatum,2865.663086,2.159721101061455,36
2900,striatum,2866.484375,2.3277969829358707,36
2900,striatum,2867.304688,2.5822669896559516,36
2900,striatum,2868.125,2.3724937564065582,36
2900,striatum,2868.945313,3.21115260584261,36
2900,striatum,2869.765625,3.2850551252109734,36
2900,striatum,2870.584961,2.1245264187218136,36
2900,striatum,2871.405273,1.9060745955799547,36
2900,striatum,2872.224609,1.783265488569516,36
2900,striatum,2873.043945,0.1753343779576304,36
2900,striatum,2873.863281,0.09539195015567334,36
2900,striatum,2874.682617,4.705598593995238,36
2900,striatum,2875.501953,5.613075633048394,36
2900,striatum,2876.320313,4.65936047473681,36
2900,striatum,2877.138672,3.8818091827002523,36
2900,striatum,2877.958008,3.7021834970511707,36
2900,striatum,2878.776367,2.4227049896826136,36
2900,striatum,2879.59375,0.37328328071558964,36
2900,striatum,2880.412109,1.1811872636271894,36
2900,striatum,2881.230469,6.415593028922786,36
2900,striatum,2882.047852,6.252793645150107,36
2900,striatum,2882.865234,3.143778370509942,36
2900,striatum,2883.682617,3.482920456420586,36
2900,striatum,2884.5,2.9668185331857115,36
2900,striatum,2885.317383,2.319730988561103,36
2900,striatum,2886.133789,1.5878475611982372,36
2900,striatum,2886.951172,3.528395606314904,36
2900,striatum,2887.767578,6.981092292770725,36
2900,striatum,2888.583984,7.181712507627262,36
2900,striatum,2889.400391,7.499954206578904,36
2900,striatum,2890.216797,6.418287699290485,36
2900,striatum,2891.032227,5.7046255286189025,36
2900,striatum,2891.848633,5.7623335147099395,36
2900,striatum,2892.664063,6.035731313950741,36
2900,striatum,2893.479492,6.3853237728929715,36
2900,striatum,2894.294922,6.006513176418367,36
2900,striatum,2895.110352,5.735842680907876,36
2900,striatum,2895.925781,5.778275727922527,36
2900,striatum,2896.740234,5.150973762575459,36
2900,striatum,2897.555664,5.078042261406659,36
2900,striatum,2898.370117,4.734685384278257,36
2900,striatum,2899.18457,4.3924209026958465,36
2900,striatum,2899.999023,4.798097852246937,36
2900,striatum,2900.8125,4.739552354791956,36
2900,striatum,2901.626953,4.471310422515113,36
2900,striatum,2902.44043,4.090818123017511,36
2900,striatum,2903.254883,3.6878979083955077,36
2900,striatum,2904.068359,3.1471112662302714,36
2900,striatum,2904.881836,2.615715540817196,36
2900,striatum,2905.694336,2.3945308981415168,36
2900,striatum,2906.507813,2.0955803145506953,36
2900,striatum,2907.320313,1.9584381042033194,36
2900,striatum,2908.133789,1.9521961242817076,36
2900,striatum,2908.946289,2.0837896293409592,36
2900,striatum,2909.758789,2.1243382324421165,36
2900,striatum,2910.571289,2.093587945248192,36
2900,striatum,2911.382813,2.496560782084652,36
2900,striatum,2912.195313,2.5810419143649757,36
2900,striatum,2913.006836,2.6189437667403848,36
2900,striatum,2913.818359,2.7529136329943387,36
2900,striatum,2914.630859,2.7823648307629605,36
2900,striatum,2915.441406,2.488406998583909,36
2900,striatum,2916.25293,2.395407642810324,36
2900,striatum,2917.064453,2.7388349359626005,36
2900,striatum,2917.875,2.9592956045630334,36
2900,striatum,2918.685547,3.1346558450293682,36
2900,striatum,2919.496094,3.1449545897170577,36
2900,striatum,2920.306641,3.23272729056906,36
2900,striatum,2921.117188,3.0918853269339346,36
2900,striatum,2921.927734,3.2868305473420176,36
2900,striatum,2922.737305,3.7575405853248767,36
2900,striatum,2923.547852,4.1194208131304855,36
2900,striatum,2924.357422,4.230160897903194,36
2900,striatum,2925.166992,4.284699220354643,36
2900,striatum,2925.976563,4.567939950099417,36
2900,striatum,2926.785156,4.449715686421871,36
2900,striatum,2927.594727,4.470454521617729,36
2900,striatum,2928.40332,4.375300698054051,36
2900,striatum,2929.211914,4.389855589516572,36
2900,striatum,2930.021484,4.26713790371291,36
2900,striatum,2930.829102,4.174494121886736,36
2900,striatum,2931.637695,4.105296910112876,36
2900,striatum,2932.446289,3.700394056589046,36
2900,striatum,2933.253906,3.5378752993605316,36
2900,striatum,2934.0625,3.412809646339048,36
2900,striatum,2934.870117,3.102050253129809,36
2900,striatum,2935.677734,2.727463399009108,36
2900,striatum,2936.485352,2.3913380301621054,36
2900,striatum,2937.291992,2.31635276267927,36
2900,striatum,2938.099609,2.165861728605876,36
2900,striatum,2938.90625,2.0375212338469755,36
2900,striatum,2939.712891,2.2330820307782,36
2900,striatum,2940.519531,2.391768457988155,36
2900,striatum,2941.326172,2.4542844151233836,36
2900,striatum,2942.132813,2.661493216815479,36
2900,striatum,2942.939453,3.0310197574368396,36
2900,striatum,2943.745117,2.8360983368271677,36
2900,striatum,2944.550781,2.7425243095976874,36
2900,striatum,2945.356445,3.316606306162896,36
2900,striatum,2946.162109,3.6196825384323685,36
2900,striatum,2946.967773,4.176164808504651,36
2900,striatum,2947.773438,4.83551092296424,36
2900,striatum,2948.578125,4.878980295877573,36
2900,striatum,2949.383789,5.483175113085563,36
2900,striatum,2950.188477,6.067059863784466,36
2900,striatum,2950.993164,6.427455154044459,36
2900,striatum,2951.797852,5.7335141456951115,36
2900,striatum,2952.602539,5.566672598074147,36
2900,striatum,2953.40625,5.009249370873395,36
2900,striatum,2954.210938,4.497352091032101,36
2900,striatum,2955.014648,3.7244511169886403,36
2900,striatum,2955.818359,3.244036076046893,36
2900,striatum,2956.62207,2.6645742657543554,36
2900,striatum,2957.425781,3.2448584461403644,36
2900,striatum,2958.229492,3.4708627861935444,36
2900,striatum,2959.032227,3.506683677409423,36
2900,striatum,2959.834961,3.4476161711153295,36
2900,striatum,2960.638672,3.539020789407941,36
2900,striatum,2961.441406,3.6842106942652584,36
2900,striatum,2962.244141,3.6849857092874396,36
2900,striatum,2963.045898,3.9217175429485818,36
2900,striatum,2963.848633,4.3693595549744115,36
2900,striatum,2964.650391,3.963946623575139,36
2900,striatum,2965.453125,3.614755869883634,36
2900,striatum,2966.254883,3.172999678656612,36
2900,striatum,2967.056641,3.3361391256018713,36
2900,striatum,2967.858398,3.5786663730025334,36
2900,striatum,2968.65918,3.5844965059943017,36
2900,striatum,2969.460938,3.7297299092748832,36
2900,striatum,2970.261719,3.769459172965514,36
2900,striatum,2971.0625,4.041922261918318,36
2900,striatum,2971.863281,3.0936331263002375,36
2900,striatum,2972.664063,2.2298971006215274,36
2900,striatum,2973.464844,2.399216473734235,36
2900,striatum,2974.265625,3.0659463189246043,36
2900,striatum,2975.06543,3.5585054210984666,36
2900,striatum,2975.865234,5.366253401685823,36
2900,striatum,2976.666016,6.121809207179653,36
2900,striatum,2977.46582,6.7693688961391745,36
2900,striatum,2978.264648,6.625717324837069,36
2900,striatum,2979.064453,7.055123813461388,36
2900,striatum,2979.864258,6.403555510592671,36
2900,striatum,2980.663086,5.04747765162839,36
2900,striatum,2981.461914,6.818874388562059,36
2900,striatum,2982.260742,6.447907417622533,36
2900,striatum,2983.05957,5.318658772242773,36
2900,striatum,2983.858398,5.844877507596085,36
2900,striatum,2984.657227,5.1618853530410265,36
2900,striatum,2985.455078,3.936165390914735,36
2900,striatum,2986.253906,3.143544760506739,36
2900,striatum,2987.051758,5.298510798822715,36
2900,striatum,2987.849609,5.115120225545738,36
2900,striatum,2988.647461,5.64108575109538,36
2900,striatum,2989.444336,6.574831439881378,36
2900,striatum,2990.242188,6.280164759167965,36
2900,striatum,2991.039063,5.499692881639683,36
2900,striatum,2991.836914,4.986746464249463,36
2900,striatum,2992.633789,3.0508076025524336,36
2900,striatum,2993.430664,1.5070008176360532,36
2900,striatum,2994.227539,1.2314763080412483,36
2900,striatum,2995.023438,1.1384725389370465,36
2900,striatum,2995.820313,0.6420697215272041,36
2900,striatum,2996.616211,1.293355326925312,36
2900,striatum,2997.412109,2.098334208773142,36
2900,striatum,2998.208008,2.359375730219595,36
2900,striatum,2999.003906,3.7953249031138365,36
2900,striatum,2999.799805,3.8233315527287215,36
2900,striatum,3000.595703,1.9930280717864095,36
2900,striatum,3001.390625,1.7873998867749457,36
2900,striatum,3002.185547,1.6620144899861145,36
2900,striatum,3002.981445,1.4517147253217837,36
2900,striatum,3003.776367,1.2519970847450366,36
2900,striatum,3004.571289,1.4825306135571699,36
2900,striatum,3005.365234,1.7361361895597738,36
2900,striatum,3006.160156,1.8945706068920323,36
2900,striatum,3006.954102,3.527645815543848,36
2900,striatum,3007.748047,3.083137933834183,36
2900,striatum,3008.542969,3.855183617931111,36
2900,striatum,3009.336914,5.621054121334548,36
2900,striatum,3010.129883,3.837347024769865,36
2900,striatum,3010.923828,3.3522495641184777,36
2900,striatum,3011.717773,4.078282266757371,36
2900,striatum,3012.510742,4.2297101577939875,36
2900,striatum,3013.303711,4.828116095829497,36
2900,striatum,3014.09668,6.528514479967388,36
2900,striatum,3014.889648,6.2574297391031894,36
2900,striatum,3015.682617,5.120222487831582,36
2900,striatum,3016.474609,5.207555045787636,36
2900,striatum,3017.267578,4.32788127517824,36
2900,striatum,3018.05957,3.020640952981139,36
2900,striatum,3018.851563,4.62201671094887,36
2900,striatum,3019.643555,8.440114877946952,36
2900,striatum,3020.435547,3.95974210803993,36
2900,striatum,3021.227539,3.0484315503541493,36
2900,striatum,3022.019531,2.4630298414682583,36
2900,striatum,3022.810547,2.444607500348594,36
2900,striatum,3023.601563,3.174193919811828,36
2900,striatum,3024.392578,4.090130733010809,36
2900,striatum,3025.183594,4.742559694724644,36
2900,striatum,3025.974609,5.003501516609159,36
2900,striatum,3026.765625,5.437153219831907,36
2900,striatum,3027.555664,5.421902891606085,36
2900,striatum,3028.34668,4.29702877927547,36
2900,striatum,3029.136719,4.396989508021121,36
2900,striatum,3029.926758,3.4128820105902755,36
2900,striatum,3030.716797,3.062163968519335,36
2900,striatum,3031.506836,2.7595087986609306,36
2900,striatum,3032.296875,3.5165664714769287,36
2900,striatum,3033.085938,2.865989770815851,36
2900,striatum,3033.875,2.533352985220352,36
2900,striatum,3034.665039,2.545338042313986,36
2900,striatum,3035.454102,2.5911996924734613,36
2900,striatum,3036.243164,2.7180979152002993,36
2900,striatum,3037.03125,2.5216152998793997,36
2900,striatum,3037.820313,1.8467700679630081,36
2900,striatum,3038.608398,1.9177071043760856,36
2900,striatum,3039.397461,2.5303718785375047,36
2900,striatum,3040.185547,3.0827350016745663,36
2900,striatum,3040.973633,2.7181687607785774,36
2900,striatum,3041.761719,3.0019136797384114,36
2900,striatum,3042.548828,3.855162181945611,36
2900,striatum,3043.336914,4.392168331590719,36
2900,striatum,3044.124023,4.235997238551864,36
2900,striatum,3044.912109,4.169532475945138,36
2900,striatum,3045.699219,3.873941780792021,36
2900,striatum,3046.486328,4.262438934565093,36
2900,striatum,3047.273438,4.192014992715122,36
2900,striatum,3048.05957,3.7768039624255185,36
2900,striatum,3048.84668,3.3933441624658607,36
2900,striatum,3049.632813,2.815507427048692,36
2900,striatum,3050.418945,2.905168027131225,36
2900,striatum,3051.206055,1.6406102045670552,36
2900,striatum,3051.992188,1.0433655103880946,36
2900,striatum,3052.777344,1.0670426171058387,36
2900,striatum,3053.563477,1.189753032969823,36
2900,striatum,3054.348633,1.9018342832772932,36
2900,striatum,3055.134766,2.238008973927214,36
2900,striatum,3055.919922,2.4414497530239396,36
2900,striatum,3056.705078,2.567003353962074,36
2900,striatum,3057.490234,2.509995718014081,36
2900,striatum,3058.275391,2.536937140183293,36
2900,striatum,3059.05957,1.8555391591192314,36
2900,striatum,3059.844727,1.9142359652805343,36
2900,striatum,3060.628906,2.131012798212577,36
2900,striatum,3061.413086,2.090668043727804,36
2900,striatum,3062.198242,2.472113106153886,36
2900,striatum,3062.981445,2.9520809475393217,36
2900,striatum,3063.765625,2.983972436423809,36
2900,striatum,3064.549805,2.94496495572801,36
2900,striatum,3065.333008,2.6409688802554028,36
2900,striatum,3066.117188,2.6197234646225276,36
2900,striatum,3066.900391,2.776413454867917,36
2900,striatum,3067.683594,2.8239586053855974,36
2900,striatum,3068.466797,1.8698639983872203,36
2900,striatum,3069.249023,1.5828959875380808,36
2900,striatum,3070.032227,1.957181685666686,36
2900,striatum,3070.814453,2.189522313403206,36
2900,striatum,3071.597656,2.2612969273693815,36
2900,striatum,3072.379883,2.7393102148021558,36
2900,striatum,3073.162109,3.1473433651913294,36
2900,striatum,3073.944336,4.250976992838281,36
2900,striatum,3074.725586,5.426188341002132,36
2900,striatum,3075.507813,4.562218948188748,36
2900,striatum,3076.289063,3.792345502840864,36
2900,striatum,3077.071289,4.050448999337206,36
2900,striatum,3077.852539,4.162444628250022,36
2900,striatum,3078.633789,3.800582090580546,36
2900,striatum,3079.414063,4.066130462038573,36
2900,striatum,3080.195313,4.774542807094319,36
2900,striatum,3080.976563,5.87288065937601,36
2900,striatum,3081.756836,6.261479523963496,36
2900,striatum,3082.537109,6.445351900200377,36
2900,striatum,3083.317383,7.261603012418442,36
2900,striatum,3084.097656,4.957182226460702,36
2900,striatum,3084.87793,3.871861058899696,36
2900,striatum,3085.658203,3.2008393551947854,36
2900,striatum,3086.4375,2.9926093534790255,36
2900,striatum,3087.217773,2.9030208127111172,36
2900,striatum,3087.99707,1.7339001677373918,36
2900,striatum,3088.776367,1.4240820834822296,36
2900,striatum,3089.555664,1.2980344806023973,36
2900,striatum,3090.334961,1.2073119326221349,36
2900,striatum,3091.114258,1.9728847296352545,36
2900,striatum,3091.892578,5.260866073917668,36
2900,striatum,3092.670898,7.420658926675591,36
2900,striatum,3093.450195,5.757135271486445,36
2900,striatum,3094.228516,3.4719432531796643,36
2900,striatum,3095.006836,2.9394556850341904,36
2900,striatum,3095.78418,3.9771587941510047,36
2900,striatum,3096.5625,2.3777079084505943,36
2900,striatum,3097.34082,1.1558409907044254,36
2900,striatum,3098.118164,0.6658193472468634,36
2900,striatum,3098.895508,1.4234701054869818,36
2900,striatum,3099.672852,3.6517665955421754,36
2900,striatum,3100.450195,2.1938538710071174,36
2900,striatum,3101.227539,1.8404341040602046,36
2900,striatum,3102.004883,1.3170453837552287,36
2900,striatum,3102.78125,0.2536739363566945,36
2900,striatum,3103.557617,0.6279791593395446,36
2900,striatum,3104.334961,1.2680107831053626,36
2900,striatum,3105.111328,3.11092418168493,36
2900,striatum,3105.887695,6.0213560791755825,36
2900,striatum,3106.663086,5.251628293660118,36
2900,striatum,3107.439453,1.837982849620536,36
2900,striatum,3108.214844,1.483761680812946,36
2900,striatum,3108.991211,1.1916854816894444,36
2900,striatum,3109.766602,1.295725846305177,36
2900,striatum,3110.541992,3.711901640186626,36
2900,striatum,3111.317383,2.856272742976901,36
2900,striatum,3112.092773,3.0517525399538745,36
2900,striatum,3112.867188,2.8879453369468138,36
2900,striatum,3113.642578,2.1473096633600974,36
2900,striatum,3114.416992,1.2790391552742328,36
2900,striatum,3115.191406,0.7434379573303119,36
2900,striatum,3115.96582,1.010087127431905,36
2900,striatum,3116.740234,1.0127943210602999,36
2900,striatum,3117.514648,2.7163502352030857,36
2900,striatum,3118.289063,4.1973249711735265,36
2900,striatum,3119.0625,4.384093634825925,36
2900,striatum,3119.835938,4.565680786124277,36
2900,striatum,3120.610352,4.495672113485478,36
2900,striatum,3121.383789,2.639481198426784,36
2900,striatum,3122.15625,2.114087779939388,36
2900,striatum,3122.929688,1.9820364813727365,36
2900,striatum,3123.703125,1.4618350555985882,36
2900,striatum,3124.475586,1.597274660775085,36
2900,striatum,3125.249023,2.133894568403569,36
2900,striatum,3126.021484,2.6640035226264427,36
2900,striatum,3126.793945,3.923506779693868,36
2900,striatum,3127.566406,3.7151124006567646,36
2900,striatum,3128.337891,2.6838795730233143,36
2900,striatum,3129.110352,2.0591635192411655,36
2900,striatum,3129.882813,1.9992834567049287,36
2900,striatum,3130.654297,1.2068468039783757,36
2900,striatum,3131.425781,1.0723506534927538,36
2900,striatum,3132.197266,1.5471282890413323,36
2900,striatum,3132.96875,1.434725870159894,36
2900,striatum,3133.740234,1.6368855394180981,36
2900,striatum,3134.510742,2.0985902279615924,36
2900,striatum,3135.282227,2.0149820389560125,36
2900,striatum,3136.052734,2.0938408579322427,36
2900,striatum,3136.823242,2.3264483688474495,36
2900,striatum,3137.59375,2.277156531118418,36
2900,striatum,3138.364258,1.7599888260670766,36
2900,striatum,3139.134766,1.6043798061161727,36
2900,striatum,3139.905273,1.038875447311061,36
2900,striatum,3140.674805,0.44112269023300527,36
2900,striatum,3141.444336,0.377898722395481,36
2900,striatum,3142.213867,0.30655650724924793,36
2900,striatum,3142.984375,0.8974530553807268,36
2900,striatum,3143.75293,2.4779423425454605,36
2900,striatum,3144.522461,4.409735216942361,36
2900,striatum,3145.291992,3.921415720669923,36
2900,striatum,3146.060547,3.9040765754330167,36
2900,striatum,3146.830078,2.5203909096358754,36
2900,striatum,3147.598633,2.037729979265386,36
2900,striatum,3148.367188,2.1059716912238113,36
2900,striatum,3149.135742,2.1001417379302576,36
2900,striatum,3149.90332,1.6132677719864557,36
2900,striatum,3150.671875,1.6129381580439888,36
2900,striatum,3151.439453,1.0312031660699017,36
2900,striatum,3152.208008,0.32846695320106806,36
2900,striatum,3152.975586,0.7777736065873081,36
2900,striatum,3153.743164,1.928255120206136,36
2900,striatum,3154.510742,2.1336767475258824,36
2900,striatum,3155.27832,1.0398007598451318,36
2900,striatum,3156.044922,1.0957748142647163,36
2900,striatum,3156.8125,0.620967143592382,36
2900,striatum,3157.579102,0.8321790094866174,36
2900,striatum,3158.345703,0.822861393418235,36
2900,striatum,3159.112305,0.7016892721866576,36
2900,striatum,3159.878906,0.5912849843482806,36
2900,striatum,3160.645508,0.06573132425953199,36
2900,striatum,3161.412109,1.6019970379991955,36
2900,striatum,3162.177734,2.898345285289044,36
2900,striatum,3162.943359,2.3305565235228745,36
2900,striatum,3163.709961,2.192333175428436,36
2900,striatum,3164.475586,2.1478973269132218,36
2900,striatum,3165.241211,1.3974073774809705,36
2900,striatum,3166.005859,1.4902057210112145,36
2900,striatum,3166.771484,0.7327440360971241,36
2900,striatum,3167.537109,0.09547225908502657,36
2900,striatum,3168.301758,0.29795660456596235,36
2900,striatum,3169.066406,0.3294037860623757,36
2900,striatum,3169.831055,0.18343695365798338,36
2900,striatum,3170.595703,0.051406023588041264,36
2900,striatum,3171.360352,0.041007586971398766,36
2900,striatum,3172.125,0.23796444588293464,36
2900,striatum,3172.888672,0.42355778849409814,36
2900,striatum,3173.652344,0.4304670918521898,36
2900,striatum,3174.416992,0.5924926367450865,36
2900,striatum,3175.180664,1.4351178356172827,36
2900,striatum,3175.944336,2.580690875978241,36
2900,striatum,3176.707031,3.479949784545769,36
2900,striatum,3177.470703,2.421808822790128,36
2900,striatum,3178.234375,1.5495623720636618,36
2900,striatum,3178.99707,0.6647607264567824,36
2900,striatum,3179.759766,0.6815659669049015,36
2900,striatum,3180.522461,1.1234501444135483,36
2900,striatum,3181.285156,1.7497041246482063,36
2900,striatum,3182.047852,2.8483622859590594,36
2900,striatum,3182.810547,3.8817255662340253,36
2900,striatum,3183.572266,4.607371984089863,36
2900,striatum,3184.334961,4.878038293641209,36
2900,striatum,3185.09668,4.450939141324695,36
2900,striatum,3185.858398,3.514523240753775,36
2900,striatum,3186.620117,3.2366925068276178,36
2900,striatum,3187.381836,2.7723797451371635,36
2900,striatum,3188.142578,2.581989641046283,36
2900,striatum,3188.904297,1.9368856637326974,36
2900,striatum,3189.665039,2.0531277197431916,36
2900,striatum,3190.425781,1.9246145440240356,36
2900,striatum,3191.1875,2.0421486989561846,36
2900,striatum,3191.948242,2.49192939531948,36
2900,striatum,3192.708008,2.5482432392230523,36
2900,striatum,3193.46875,3.6500077980479877,36
2900,striatum,3194.229492,3.643573813222754,36
2900,striatum,3194.989258,3.7620546403821886,36
2900,striatum,3195.749023,3.316129331901768,36
2900,striatum,3196.508789,3.8067501804769637,36
2900,striatum,3197.268555,3.6184379374280793,36
2900,striatum,3198.02832,3.672315216170476,36
2900,striatum,3198.788086,3.2794444084649763,36
2900,striatum,3199.546875,3.299744647735399,36
2900,striatum,3200.306641,3.6527868883051373,36
2900,striatum,3201.06543,3.7605039470634467,36
2900,striatum,3201.824219,3.6138281086673567,36
2900,striatum,3202.583008,3.668927652596141,36
2900,striatum,3203.341797,3.5918288638307327,36
2900,striatum,3204.100586,3.5720625086335493,36
2900,striatum,3204.858398,3.4722005024145384,36
2900,striatum,3205.617188,2.787410108774657,36
2900,striatum,3206.375,2.4865551095905216,36
2900,striatum,3207.132813,2.1431046165348397,36
2900,striatum,3207.890625,2.36764846074412,36
2900,striatum,3208.648438,2.419578020046677,36
2900,striatum,3209.40625,2.3577524193669768,36
2900,striatum,3210.164063,2.9920230203874896,36
2900,striatum,3210.920898,3.5860194024871874,36
2900,striatum,3211.677734,4.206057430011688,36
2900,striatum,3212.43457,4.104790389653807,36
2900,striatum,3213.191406,3.703776778276836,36
2900,striatum,3213.948242,3.3536890986160293,36
2900,striatum,3214.705078,2.8583945149949033,36
2900,striatum,3215.461914,2.1515398033075828,36
2900,striatum,3216.217773,1.9019981945729603,36
2900,striatum,3216.973633,1.6424491630510252,36
2900,striatum,3217.730469,1.910667179894955,36
2900,striatum,3218.486328,2.183756258058942,36
2900,striatum,3219.242188,2.8085916423865838,36
2900,striatum,3219.99707,3.0723989708785,36
2900,striatum,3220.75293,2.8986564071924774,36
2900,striatum,3221.507813,3.015336851709214,36
2900,striatum,3222.263672,2.4071911788310523,36
2900,striatum,3223.018555,1.778026576861238,36
2900,striatum,3223.773438,1.7403588377070116,36
2900,striatum,3224.52832,1.427230953000718,36
2900,striatum,3225.283203,1.4269913925223077,36
2900,striatum,3226.037109,1.7825314248800503,36
2900,striatum,3226.791992,2.3223027727339414,36
2900,striatum,3227.545898,2.7045949786794456,36
2900,striatum,3228.299805,2.9748075611340714,36
2900,striatum,3229.053711,3.5583907291559727,36
2900,striatum,3229.807617,3.2932762807954314,36
2900,striatum,3230.561523,3.5014532767592,36
2900,striatum,3231.31543,4.299420906442134,36
2900,striatum,3232.068359,3.6050229043678903,36
2900,striatum,3232.822266,3.1238522392575154,36
2900,striatum,3233.575195,2.997082078051869,36
2900,striatum,3234.328125,2.800903020935712,36
2900,striatum,3235.081055,1.9327024504104513,36
2900,striatum,3235.833984,2.4546675622840937,36
2900,striatum,3236.585938,3.127411337629612,36
2900,striatum,3237.338867,3.918142862336997,36
2900,striatum,3238.09082,4.257267088486677,36
2900,striatum,3238.84375,5.092489829992645,36
2900,striatum,3239.595703,4.076257781949858,36
2900,striatum,3240.347656,3.818157467452714,36
2900,striatum,3241.099609,2.99097178716358,36
2900,striatum,3241.850586,2.231535387909874,36
2900,striatum,3242.602539,1.6085348579636087,36
2900,striatum,3243.353516,1.698867726312527,36
2900,striatum,3244.104492,1.5505570607416252,36
2900,striatum,3244.856445,1.459619343977822,36
2900,striatum,3245.607422,1.9258515671243035,36
2900,striatum,3246.357422,2.901691178361539,36
2900,striatum,3247.108398,2.382442908684341,36
2900,striatum,3247.859375,2.473445090099255,36
2900,striatum,3248.609375,2.199299108743582,36
2900,striatum,3249.359375,1.5922960431847935,36
2900,striatum,3250.109375,1.3853524274713442,36
2900,striatum,3250.859375,1.266922868403682,36
2900,striatum,3251.609375,1.5087272057508219,36
2900,striatum,3252.359375,2.389910725218935,36
2900,striatum,3253.109375,3.1535913249111234,36
2900,striatum,3253.858398,3.5076133346640748,36
2900,striatum,3254.607422,2.8036058822168726,36
2900,striatum,3255.357422,1.8616231943848212,36
2900,striatum,3256.106445,0.7857604762406126,36
2900,striatum,3256.854492,0.34203197634492777,36
2900,striatum,3257.603516,0.12026476106721755,36
2900,striatum,3258.352539,0.05300317960460628,36
2900,striatum,3259.100586,0.010614540936070697,36
2900,striatum,3259.849609,0.3165707131823028,36
2900,striatum,3260.597656,3.805209432917781,36
2900,striatum,3261.345703,1.0919257641099391,36
2900,striatum,3262.09375,1.1430083085546525,36
2900,striatum,3262.84082,3.4820047332948234,36
2900,striatum,3263.588867,3.068533729628455,36
2900,striatum,3264.335938,1.2776351709078335,36
2900,striatum,3265.083984,0.9664823005198933,36
2900,striatum,3265.831055,1.2382899824782008,36
2900,striatum,3266.578125,0.7619226894424987,36
2900,striatum,3267.325195,1.1067594781632195,36
2900,striatum,3268.072266,2.0801206175697478,36
2900,striatum,3268.818359,2.1369480063091526,36
2900,striatum,3269.56543,1.871370704550554,36
2900,striatum,3270.311523,1.5781519719720807,36
2900,striatum,3271.057617,1.5778636866418807,36
2900,striatum,3271.803711,1.5662390435815035,36
2900,striatum,3272.549805,1.5819953798199418,36
2900,striatum,3273.295898,1.9412206823971072,36
2900,striatum,3274.041992,1.2475316147746625,36
2900,striatum,3274.787109,1.3902953012796417,36
2900,striatum,3275.533203,1.6958823549373838,36
2900,striatum,3276.27832,1.7134342750382126,36
2900,striatum,3277.023438,1.4341187781132165,36
2900,striatum,3277.768555,1.4271850842059401,36
2900,striatum,3278.513672,2.264634165572908,36
2900,striatum,3279.257813,1.889571207686997,36
2900,striatum,3280.00293,1.8604593874375737,36
2900,striatum,3280.74707,2.182952165634731,36
2900,striatum,3281.491211,2.206526974143709,36
2900,striatum,3282.236328,2.1669608739836947,36
2900,striatum,3282.980469,2.129028503609597,36
2900,striatum,3283.723633,2.085453076269853,36
2900,striatum,3284.467773,1.9742590378743008,36
