run_id,experiment_name,center,model_family,split,region,n_samples,n_unique_classes_true,macro_f1,balanced_accuracy,accuracy
20260306_151746_v1_smoke_center1500_fast,v1_smoke_center1500_fast,1500,None,all,cortex,54,3,0.47904940587867423,0.48148148148148145,0.48148148148148145
20260306_151746_v1_smoke_center1500_fast,v1_smoke_center1500_fast,1500,None,all,striatum,36,3,0.48148148148148145,0.5,0.5
20260306_151746_v1_smoke_center1500_fast,v1_smoke_center1500_fast,1500,None,all,cerebellum,28,3,0.1111111111111111,0.1111111111111111,0.14285714285714285
20260306_153720_v1_smoke_center1500_fast,v1_smoke_center1500_fast,1500,None,cv,cortex,54,3,0.47904940587867423,0.48148148148148145,0.48148148148148145
20260306_153720_v1_smoke_center1500_fast,v1_smoke_center1500_fast,1500,None,cv,striatum,36,3,0.48148148148148145,0.5,0.5
20260306_153720_v1_smoke_center1500_fast,v1_smoke_center1500_fast,1500,None,cv,cerebellum,28,3,0.1111111111111111,0.1111111111111111,0.14285714285714285
20260306_153720_v1_smoke_center1500_fast,v1_smoke_center1500_fast,1500,None,all,cortex,54,3,0.47904940587867423,0.48148148148148145,0.48148148148148145
20260306_153720_v1_smoke_center1500_fast,v1_smoke_center1500_fast,1500,None,all,striatum,36,3,0.48148148148148145,0.5,0.5
20260306_153720_v1_smoke_center1500_fast,v1_smoke_center1500_fast,1500,None,all,cerebellum,28,3,0.1111111111111111,0.1111111111111111,0.14285714285714285
20260306_154334_s1_1500_file_mean_airpls_msc,s1_1500_file_mean_airpls_msc,1500,None,cv,cortex,54,3,0.4946409911927154,0.5185185185185185,0.5185185185185185
20260306_154334_s1_1500_file_mean_airpls_msc,s1_1500_file_mean_airpls_msc,1500,None,cv,striatum,36,3,0.40536398467432955,0.4166666666666667,0.4166666666666667
20260306_154334_s1_1500_file_mean_airpls_msc,s1_1500_file_mean_airpls_msc,1500,None,cv,cerebellum,28,3,0.12599681020733652,0.13888888888888887,0.14285714285714285
20260306_154334_s1_1500_file_mean_airpls_msc,s1_1500_file_mean_airpls_msc,1500,None,all,cortex,54,3,0.4946409911927154,0.5185185185185185,0.5185185185185185
20260306_154334_s1_1500_file_mean_airpls_msc,s1_1500_file_mean_airpls_msc,1500,None,all,striatum,36,3,0.40536398467432955,0.4166666666666667,0.4166666666666667
20260306_154334_s1_1500_file_mean_airpls_msc,s1_1500_file_mean_airpls_msc,1500,None,all,cerebellum,28,3,0.12599681020733652,0.13888888888888887,0.14285714285714285
20260306_154455_s1_1500_file_mean_airpls_snv,s1_1500_file_mean_airpls_snv,1500,None,cv,cortex,54,3,0.5779651540565452,0.6111111111111112,0.6111111111111112
20260306_154455_s1_1500_file_mean_airpls_snv,s1_1500_file_mean_airpls_snv,1500,None,cv,striatum,36,3,0.4501906941266209,0.47222222222222227,0.4722222222222222
20260306_154455_s1_1500_file_mean_airpls_snv,s1_1500_file_mean_airpls_snv,1500,None,cv,cerebellum,28,3,0.1693121693121693,0.2222222222222222,0.17857142857142858
20260306_154455_s1_1500_file_mean_airpls_snv,s1_1500_file_mean_airpls_snv,1500,None,all,cortex,54,3,0.5779651540565452,0.6111111111111112,0.6111111111111112
20260306_154455_s1_1500_file_mean_airpls_snv,s1_1500_file_mean_airpls_snv,1500,None,all,striatum,36,3,0.4501906941266209,0.47222222222222227,0.4722222222222222
20260306_154455_s1_1500_file_mean_airpls_snv,s1_1500_file_mean_airpls_snv,1500,None,all,cerebellum,28,3,0.1693121693121693,0.2222222222222222,0.17857142857142858
20260306_154617_s1_1500_file_mean_arpls_msc,s1_1500_file_mean_arpls_msc,1500,None,cv,cortex,54,3,0.5515262515262515,0.5925925925925926,0.5925925925925926
20260306_154617_s1_1500_file_mean_arpls_msc,s1_1500_file_mean_arpls_msc,1500,None,cv,striatum,36,3,0.5292397660818713,0.5555555555555555,0.5555555555555556
20260306_154617_s1_1500_file_mean_arpls_msc,s1_1500_file_mean_arpls_msc,1500,None,cv,cerebellum,28,3,0.17777777777777778,0.19444444444444445,0.21428571428571427
20260306_154617_s1_1500_file_mean_arpls_msc,s1_1500_file_mean_arpls_msc,1500,None,all,cortex,54,3,0.5515262515262515,0.5925925925925926,0.5925925925925926
20260306_154617_s1_1500_file_mean_arpls_msc,s1_1500_file_mean_arpls_msc,1500,None,all,striatum,36,3,0.5292397660818713,0.5555555555555555,0.5555555555555556
20260306_154617_s1_1500_file_mean_arpls_msc,s1_1500_file_mean_arpls_msc,1500,None,all,cerebellum,28,3,0.17777777777777778,0.19444444444444445,0.21428571428571427
20260306_154745_s1_1500_file_mean_arpls_snv,s1_1500_file_mean_arpls_snv,1500,None,cv,cortex,54,3,0.4592393016953425,0.5185185185185185,0.5185185185185185
20260306_154745_s1_1500_file_mean_arpls_snv,s1_1500_file_mean_arpls_snv,1500,None,cv,striatum,36,3,0.458249729896589,0.5,0.5
20260306_154745_s1_1500_file_mean_arpls_snv,s1_1500_file_mean_arpls_snv,1500,None,cv,cerebellum,28,3,0.24561403508771928,0.3055555555555555,0.25
20260306_154745_s1_1500_file_mean_arpls_snv,s1_1500_file_mean_arpls_snv,1500,None,all,cortex,54,3,0.4592393016953425,0.5185185185185185,0.5185185185185185
20260306_154745_s1_1500_file_mean_arpls_snv,s1_1500_file_mean_arpls_snv,1500,None,all,striatum,36,3,0.458249729896589,0.5,0.5
20260306_154745_s1_1500_file_mean_arpls_snv,s1_1500_file_mean_arpls_snv,1500,None,all,cerebellum,28,3,0.24561403508771928,0.3055555555555555,0.25
20260306_155041_s1_1500_point_airpls_msc,s1_1500_point_airpls_msc,1500,None,cv,cortex,432,3,0.3748782155318315,0.42361111111111116,0.4236111111111111
20260306_155041_s1_1500_point_airpls_msc,s1_1500_point_airpls_msc,1500,None,cv,striatum,288,3,0.3385175983436853,0.40972222222222227,0.4097222222222222
20260306_155041_s1_1500_point_airpls_msc,s1_1500_point_airpls_msc,1500,None,cv,cerebellum,224,3,0.24447590594390453,0.28194444444444444,0.26339285714285715
20260306_155041_s1_1500_point_airpls_msc,s1_1500_point_airpls_msc,1500,None,all,cortex,432,3,0.3748782155318315,0.42361111111111116,0.4236111111111111
20260306_155041_s1_1500_point_airpls_msc,s1_1500_point_airpls_msc,1500,None,all,striatum,288,3,0.3385175983436853,0.40972222222222227,0.4097222222222222
20260306_155041_s1_1500_point_airpls_msc,s1_1500_point_airpls_msc,1500,None,all,cerebellum,224,3,0.24447590594390453,0.28194444444444444,0.26339285714285715
20260306_155246_s1_1500_point_airpls_snv,s1_1500_point_airpls_snv,1500,None,cv,cortex,432,3,0.3863198887875851,0.4259259259259259,0.42592592592592593
20260306_155246_s1_1500_point_airpls_snv,s1_1500_point_airpls_snv,1500,None,cv,striatum,288,3,0.3389850695174165,0.4166666666666667,0.4166666666666667
20260306_155246_s1_1500_point_airpls_snv,s1_1500_point_airpls_snv,1500,None,cv,cerebellum,224,3,0.26120790692296625,0.29930555555555555,0.2767857142857143
20260306_155246_s1_1500_point_airpls_snv,s1_1500_point_airpls_snv,1500,None,all,cortex,432,3,0.3863198887875851,0.4259259259259259,0.42592592592592593
20260306_155246_s1_1500_point_airpls_snv,s1_1500_point_airpls_snv,1500,None,all,striatum,288,3,0.3389850695174165,0.4166666666666667,0.4166666666666667
20260306_155246_s1_1500_point_airpls_snv,s1_1500_point_airpls_snv,1500,None,all,cerebellum,224,3,0.26120790692296625,0.29930555555555555,0.2767857142857143
20260306_155432_s1_1500_point_arpls_msc,s1_1500_point_arpls_msc,1500,None,cv,cortex,432,3,0.40221953343325006,0.4421296296296296,0.44212962962962965
20260306_155432_s1_1500_point_arpls_msc,s1_1500_point_arpls_msc,1500,None,cv,striatum,288,3,0.32523328523328526,0.3958333333333333,0.3958333333333333
20260306_155432_s1_1500_point_arpls_msc,s1_1500_point_arpls_msc,1500,None,cv,cerebellum,224,3,0.23989458590086424,0.28472222222222227,0.26339285714285715
20260306_155432_s1_1500_point_arpls_msc,s1_1500_point_arpls_msc,1500,None,all,cortex,432,3,0.40221953343325006,0.4421296296296296,0.44212962962962965
20260306_155432_s1_1500_point_arpls_msc,s1_1500_point_arpls_msc,1500,None,all,striatum,288,3,0.32523328523328526,0.3958333333333333,0.3958333333333333
20260306_155432_s1_1500_point_arpls_msc,s1_1500_point_arpls_msc,1500,None,all,cerebellum,224,3,0.23989458590086424,0.28472222222222227,0.26339285714285715
20260306_155613_s1_1500_point_arpls_snv,s1_1500_point_arpls_snv,1500,None,cv,cortex,432,3,0.37535095333318685,0.4212962962962963,0.4212962962962963
20260306_155613_s1_1500_point_arpls_snv,s1_1500_point_arpls_snv,1500,None,cv,striatum,288,3,0.3472606049635645,0.4166666666666667,0.4166666666666667
20260306_155613_s1_1500_point_arpls_snv,s1_1500_point_arpls_snv,1500,None,cv,cerebellum,224,3,0.23839049786777597,0.27777777777777773,0.26339285714285715
20260306_155613_s1_1500_point_arpls_snv,s1_1500_point_arpls_snv,1500,None,all,cortex,432,3,0.37535095333318685,0.4212962962962963,0.4212962962962963
20260306_155613_s1_1500_point_arpls_snv,s1_1500_point_arpls_snv,1500,None,all,striatum,288,3,0.3472606049635645,0.4166666666666667,0.4166666666666667
20260306_155613_s1_1500_point_arpls_snv,s1_1500_point_arpls_snv,1500,None,all,cerebellum,224,3,0.23839049786777597,0.27777777777777773,0.26339285714285715
20260306_155750_s1_1500_file_mean_arpls_msc,s1_1500_file_mean_arpls_msc,1500,None,cv,cortex,54,3,0.5515262515262515,0.5925925925925926,0.5925925925925926
20260306_155750_s1_1500_file_mean_arpls_msc,s1_1500_file_mean_arpls_msc,1500,None,cv,striatum,36,3,0.5292397660818713,0.5555555555555555,0.5555555555555556
20260306_155750_s1_1500_file_mean_arpls_msc,s1_1500_file_mean_arpls_msc,1500,None,cv,cerebellum,28,3,0.17777777777777778,0.19444444444444445,0.21428571428571427
20260306_155750_s1_1500_file_mean_arpls_msc,s1_1500_file_mean_arpls_msc,1500,None,all,cortex,54,3,0.5515262515262515,0.5925925925925926,0.5925925925925926
20260306_155750_s1_1500_file_mean_arpls_msc,s1_1500_file_mean_arpls_msc,1500,None,all,striatum,36,3,0.5292397660818713,0.5555555555555555,0.5555555555555556
20260306_155750_s1_1500_file_mean_arpls_msc,s1_1500_file_mean_arpls_msc,1500,None,all,cerebellum,28,3,0.17777777777777778,0.19444444444444445,0.21428571428571427
20260306_155847_s1_2900_file_mean_airpls_msc,s1_2900_file_mean_airpls_msc,2900,None,cv,cortex,54,3,0.40110323089046496,0.4444444444444445,0.4444444444444444
20260306_155847_s1_2900_file_mean_airpls_msc,s1_2900_file_mean_airpls_msc,2900,None,cv,striatum,36,3,0.48930002108370224,0.5,0.5
20260306_155847_s1_2900_file_mean_airpls_msc,s1_2900_file_mean_airpls_msc,2900,None,cv,cerebellum,28,3,0.19528619528619529,0.27777777777777773,0.21428571428571427
20260306_155847_s1_2900_file_mean_airpls_msc,s1_2900_file_mean_airpls_msc,2900,None,all,cortex,54,3,0.40110323089046496,0.4444444444444445,0.4444444444444444
20260306_155847_s1_2900_file_mean_airpls_msc,s1_2900_file_mean_airpls_msc,2900,None,all,striatum,36,3,0.48930002108370224,0.5,0.5
20260306_155847_s1_2900_file_mean_airpls_msc,s1_2900_file_mean_airpls_msc,2900,None,all,cerebellum,28,3,0.19528619528619529,0.27777777777777773,0.21428571428571427
20260306_155938_s1_2900_file_mean_airpls_snv,s1_2900_file_mean_airpls_snv,2900,None,cv,cortex,54,3,0.5476190476190476,0.5555555555555556,0.5555555555555556
20260306_155938_s1_2900_file_mean_airpls_snv,s1_2900_file_mean_airpls_snv,2900,None,cv,striatum,36,3,0.48662407147680636,0.5,0.5
20260306_155938_s1_2900_file_mean_airpls_snv,s1_2900_file_mean_airpls_snv,2900,None,cv,cerebellum,28,3,0.19528619528619529,0.27777777777777773,0.21428571428571427
20260306_155938_s1_2900_file_mean_airpls_snv,s1_2900_file_mean_airpls_snv,2900,None,all,cortex,54,3,0.5476190476190476,0.5555555555555556,0.5555555555555556
20260306_155938_s1_2900_file_mean_airpls_snv,s1_2900_file_mean_airpls_snv,2900,None,all,striatum,36,3,0.48662407147680636,0.5,0.5
20260306_155938_s1_2900_file_mean_airpls_snv,s1_2900_file_mean_airpls_snv,2900,None,all,cerebellum,28,3,0.19528619528619529,0.27777777777777773,0.21428571428571427
20260306_160028_s1_2900_file_mean_arpls_msc,s1_2900_file_mean_arpls_msc,2900,None,cv,cortex,54,3,0.3968253968253968,0.46296296296296297,0.46296296296296297
20260306_160028_s1_2900_file_mean_arpls_msc,s1_2900_file_mean_arpls_msc,2900,None,cv,striatum,36,3,0.5033248081841433,0.5277777777777778,0.5277777777777778
20260306_160028_s1_2900_file_mean_arpls_msc,s1_2900_file_mean_arpls_msc,2900,None,cv,cerebellum,28,3,0.1812865497076023,0.2222222222222222,0.17857142857142858
20260306_160028_s1_2900_file_mean_arpls_msc,s1_2900_file_mean_arpls_msc,2900,None,all,cortex,54,3,0.3968253968253968,0.46296296296296297,0.46296296296296297
20260306_160028_s1_2900_file_mean_arpls_msc,s1_2900_file_mean_arpls_msc,2900,None,all,striatum,36,3,0.5033248081841433,0.5277777777777778,0.5277777777777778
20260306_160028_s1_2900_file_mean_arpls_msc,s1_2900_file_mean_arpls_msc,2900,None,all,cerebellum,28,3,0.1812865497076023,0.2222222222222222,0.17857142857142858
20260306_160117_s1_2900_file_mean_arpls_snv,s1_2900_file_mean_arpls_snv,2900,None,cv,cortex,54,3,0.40151515151515155,0.46296296296296297,0.46296296296296297
20260306_160117_s1_2900_file_mean_arpls_snv,s1_2900_file_mean_arpls_snv,2900,None,cv,striatum,36,3,0.42889879846401585,0.5,0.5
20260306_160117_s1_2900_file_mean_arpls_snv,s1_2900_file_mean_arpls_snv,2900,None,cv,cerebellum,28,3,0.17777777777777778,0.2222222222222222,0.17857142857142858
20260306_160117_s1_2900_file_mean_arpls_snv,s1_2900_file_mean_arpls_snv,2900,None,all,cortex,54,3,0.40151515151515155,0.46296296296296297,0.46296296296296297
20260306_160117_s1_2900_file_mean_arpls_snv,s1_2900_file_mean_arpls_snv,2900,None,all,striatum,36,3,0.42889879846401585,0.5,0.5
20260306_160117_s1_2900_file_mean_arpls_snv,s1_2900_file_mean_arpls_snv,2900,None,all,cerebellum,28,3,0.17777777777777778,0.2222222222222222,0.17857142857142858
20260306_160256_s1_2900_point_airpls_msc,s1_2900_point_airpls_msc,2900,None,cv,cortex,432,3,0.41399182749650176,0.46296296296296297,0.46296296296296297
20260306_160256_s1_2900_point_airpls_msc,s1_2900_point_airpls_msc,2900,None,cv,striatum,288,3,0.3251074955151164,0.37847222222222227,0.3784722222222222
20260306_160256_s1_2900_point_airpls_msc,s1_2900_point_airpls_msc,2900,None,cv,cerebellum,224,3,0.22178166254599374,0.2520833333333333,0.20982142857142858
20260306_160256_s1_2900_point_airpls_msc,s1_2900_point_airpls_msc,2900,None,all,cortex,432,3,0.41399182749650176,0.46296296296296297,0.46296296296296297
20260306_160256_s1_2900_point_airpls_msc,s1_2900_point_airpls_msc,2900,None,all,striatum,288,3,0.3251074955151164,0.37847222222222227,0.3784722222222222
20260306_160256_s1_2900_point_airpls_msc,s1_2900_point_airpls_msc,2900,None,all,cerebellum,224,3,0.22178166254599374,0.2520833333333333,0.20982142857142858
20260306_160444_s1_2900_point_airpls_snv,s1_2900_point_airpls_snv,2900,None,cv,cortex,432,3,0.3801929526739875,0.4236111111111111,0.4236111111111111
20260306_160444_s1_2900_point_airpls_snv,s1_2900_point_airpls_snv,2900,None,cv,striatum,288,3,0.34053840709456124,0.3888888888888889,0.3888888888888889
20260306_160444_s1_2900_point_airpls_snv,s1_2900_point_airpls_snv,2900,None,cv,cerebellum,224,3,0.2049568365357839,0.23611111111111113,0.19642857142857142
20260306_160444_s1_2900_point_airpls_snv,s1_2900_point_airpls_snv,2900,None,all,cortex,432,3,0.3801929526739875,0.4236111111111111,0.4236111111111111
20260306_160444_s1_2900_point_airpls_snv,s1_2900_point_airpls_snv,2900,None,all,striatum,288,3,0.34053840709456124,0.3888888888888889,0.3888888888888889
20260306_160444_s1_2900_point_airpls_snv,s1_2900_point_airpls_snv,2900,None,all,cerebellum,224,3,0.2049568365357839,0.23611111111111113,0.19642857142857142
20260306_160629_s1_2900_point_arpls_msc,s1_2900_point_arpls_msc,2900,None,cv,cortex,432,3,0.38359703000341866,0.4490740740740741,0.44907407407407407
20260306_160629_s1_2900_point_arpls_msc,s1_2900_point_arpls_msc,2900,None,cv,striatum,288,3,0.29179430823515423,0.34375,0.34375
20260306_160629_s1_2900_point_arpls_msc,s1_2900_point_arpls_msc,2900,None,cv,cerebellum,224,3,0.21544141554152332,0.2451388888888889,0.20982142857142858
20260306_160629_s1_2900_point_arpls_msc,s1_2900_point_arpls_msc,2900,None,all,cortex,432,3,0.38359703000341866,0.4490740740740741,0.44907407407407407
20260306_160629_s1_2900_point_arpls_msc,s1_2900_point_arpls_msc,2900,None,all,striatum,288,3,0.29179430823515423,0.34375,0.34375
20260306_160629_s1_2900_point_arpls_msc,s1_2900_point_arpls_msc,2900,None,all,cerebellum,224,3,0.21544141554152332,0.2451388888888889,0.20982142857142858
20260306_160806_s1_2900_point_arpls_snv,s1_2900_point_arpls_snv,2900,None,cv,cortex,432,3,0.3772561179213299,0.4398148148148148,0.4398148148148148
20260306_160806_s1_2900_point_arpls_snv,s1_2900_point_arpls_snv,2900,None,cv,striatum,288,3,0.251591942820013,0.2986111111111111,0.2986111111111111
20260306_160806_s1_2900_point_arpls_snv,s1_2900_point_arpls_snv,2900,None,cv,cerebellum,224,3,0.16823311488237883,0.1951388888888889,0.15625
20260306_160806_s1_2900_point_arpls_snv,s1_2900_point_arpls_snv,2900,None,all,cortex,432,3,0.3772561179213299,0.4398148148148148,0.4398148148148148
20260306_160806_s1_2900_point_arpls_snv,s1_2900_point_arpls_snv,2900,None,all,striatum,288,3,0.251591942820013,0.2986111111111111,0.2986111111111111
20260306_160806_s1_2900_point_arpls_snv,s1_2900_point_arpls_snv,2900,None,all,cerebellum,224,3,0.16823311488237883,0.1951388888888889,0.15625
20260306_163632_w2_1500_file_mean_arpls_msc_logreg,w2_1500_file_mean_arpls_msc_logreg,1500,logreg,cv,cortex,54,3,0.38484320557491286,0.38888888888888884,0.3888888888888889
20260306_163632_w2_1500_file_mean_arpls_msc_logreg,w2_1500_file_mean_arpls_msc_logreg,1500,logreg,cv,striatum,36,3,0.32827586206896553,0.3611111111111111,0.3611111111111111
20260306_163632_w2_1500_file_mean_arpls_msc_logreg,w2_1500_file_mean_arpls_msc_logreg,1500,logreg,cv,cerebellum,28,3,0.08366013071895424,0.061111111111111116,0.07142857142857142
20260306_163632_w2_1500_file_mean_arpls_msc_logreg,w2_1500_file_mean_arpls_msc_logreg,1500,logreg,all,cortex,54,3,0.38484320557491286,0.38888888888888884,0.3888888888888889
20260306_163632_w2_1500_file_mean_arpls_msc_logreg,w2_1500_file_mean_arpls_msc_logreg,1500,logreg,all,striatum,36,3,0.32827586206896553,0.3611111111111111,0.3611111111111111
20260306_163632_w2_1500_file_mean_arpls_msc_logreg,w2_1500_file_mean_arpls_msc_logreg,1500,logreg,all,cerebellum,28,3,0.08366013071895424,0.061111111111111116,0.07142857142857142
20260306_164747_w2_1500_file_mean_arpls_emsc_catboost,w2_1500_file_mean_arpls_emsc_catboost,1500,catboost,cv,cortex,54,3,0.5576023391812865,0.5740740740740741,0.5740740740740741
20260306_164747_w2_1500_file_mean_arpls_emsc_catboost,w2_1500_file_mean_arpls_emsc_catboost,1500,catboost,cv,striatum,36,3,0.457172342621259,0.47222222222222215,0.4722222222222222
20260306_164747_w2_1500_file_mean_arpls_emsc_catboost,w2_1500_file_mean_arpls_emsc_catboost,1500,catboost,cv,cerebellum,28,3,0.1600877192982456,0.11666666666666665,0.14285714285714285
20260306_164747_w2_1500_file_mean_arpls_emsc_catboost,w2_1500_file_mean_arpls_emsc_catboost,1500,catboost,all,cortex,54,3,0.5576023391812865,0.5740740740740741,0.5740740740740741
20260306_164747_w2_1500_file_mean_arpls_emsc_catboost,w2_1500_file_mean_arpls_emsc_catboost,1500,catboost,all,striatum,36,3,0.457172342621259,0.47222222222222215,0.4722222222222222
20260306_164747_w2_1500_file_mean_arpls_emsc_catboost,w2_1500_file_mean_arpls_emsc_catboost,1500,catboost,all,cerebellum,28,3,0.1600877192982456,0.11666666666666665,0.14285714285714285
20260306_164845_w2_1500_file_mean_arpls_emsc_logreg,w2_1500_file_mean_arpls_emsc_logreg,1500,logreg,cv,cortex,54,3,0.38484320557491286,0.38888888888888884,0.3888888888888889
20260306_164845_w2_1500_file_mean_arpls_emsc_logreg,w2_1500_file_mean_arpls_emsc_logreg,1500,logreg,cv,striatum,36,3,0.32827586206896553,0.3611111111111111,0.3611111111111111
20260306_164845_w2_1500_file_mean_arpls_emsc_logreg,w2_1500_file_mean_arpls_emsc_logreg,1500,logreg,cv,cerebellum,28,3,0.08366013071895424,0.061111111111111116,0.07142857142857142
20260306_164845_w2_1500_file_mean_arpls_emsc_logreg,w2_1500_file_mean_arpls_emsc_logreg,1500,logreg,all,cortex,54,3,0.38484320557491286,0.38888888888888884,0.3888888888888889
20260306_164845_w2_1500_file_mean_arpls_emsc_logreg,w2_1500_file_mean_arpls_emsc_logreg,1500,logreg,all,striatum,36,3,0.32827586206896553,0.3611111111111111,0.3611111111111111
20260306_164845_w2_1500_file_mean_arpls_emsc_logreg,w2_1500_file_mean_arpls_emsc_logreg,1500,logreg,all,cerebellum,28,3,0.08366013071895424,0.061111111111111116,0.07142857142857142
20260306_164938_w2_1500_file_mean_arpls_emsc_svm,w2_1500_file_mean_arpls_emsc_svm,1500,svm_rbf,cv,cortex,54,3,0.3989139515455305,0.40740740740740744,0.4074074074074074
20260306_164938_w2_1500_file_mean_arpls_emsc_svm,w2_1500_file_mean_arpls_emsc_svm,1500,svm_rbf,cv,striatum,36,3,0.27355332376853175,0.3888888888888889,0.3888888888888889
20260306_164938_w2_1500_file_mean_arpls_emsc_svm,w2_1500_file_mean_arpls_emsc_svm,1500,svm_rbf,cv,cerebellum,28,3,0.21052631578947367,0.16666666666666666,0.21428571428571427
20260306_164938_w2_1500_file_mean_arpls_emsc_svm,w2_1500_file_mean_arpls_emsc_svm,1500,svm_rbf,all,cortex,54,3,0.3989139515455305,0.40740740740740744,0.4074074074074074
20260306_164938_w2_1500_file_mean_arpls_emsc_svm,w2_1500_file_mean_arpls_emsc_svm,1500,svm_rbf,all,striatum,36,3,0.27355332376853175,0.3888888888888889,0.3888888888888889
20260306_164938_w2_1500_file_mean_arpls_emsc_svm,w2_1500_file_mean_arpls_emsc_svm,1500,svm_rbf,all,cerebellum,28,3,0.21052631578947367,0.16666666666666666,0.21428571428571427
20260306_165135_w2_1500_file_mean_arpls_msc_catboost,w2_1500_file_mean_arpls_msc_catboost,1500,catboost,cv,cortex,54,3,0.5842284592284592,0.5925925925925926,0.5925925925925926
20260306_165135_w2_1500_file_mean_arpls_msc_catboost,w2_1500_file_mean_arpls_msc_catboost,1500,catboost,cv,striatum,36,3,0.3797953964194374,0.4166666666666667,0.4166666666666667
20260306_165135_w2_1500_file_mean_arpls_msc_catboost,w2_1500_file_mean_arpls_msc_catboost,1500,catboost,cv,cerebellum,28,3,0.1851851851851852,0.1388888888888889,0.17857142857142858
20260306_165135_w2_1500_file_mean_arpls_msc_catboost,w2_1500_file_mean_arpls_msc_catboost,1500,catboost,all,cortex,54,3,0.5842284592284592,0.5925925925925926,0.5925925925925926
20260306_165135_w2_1500_file_mean_arpls_msc_catboost,w2_1500_file_mean_arpls_msc_catboost,1500,catboost,all,striatum,36,3,0.3797953964194374,0.4166666666666667,0.4166666666666667
20260306_165135_w2_1500_file_mean_arpls_msc_catboost,w2_1500_file_mean_arpls_msc_catboost,1500,catboost,all,cerebellum,28,3,0.1851851851851852,0.1388888888888889,0.17857142857142858
20260306_165233_w2_1500_file_mean_arpls_msc_logreg,w2_1500_file_mean_arpls_msc_logreg,1500,logreg,cv,cortex,54,3,0.38484320557491286,0.38888888888888884,0.3888888888888889
20260306_165233_w2_1500_file_mean_arpls_msc_logreg,w2_1500_file_mean_arpls_msc_logreg,1500,logreg,cv,striatum,36,3,0.32827586206896553,0.3611111111111111,0.3611111111111111
20260306_165233_w2_1500_file_mean_arpls_msc_logreg,w2_1500_file_mean_arpls_msc_logreg,1500,logreg,cv,cerebellum,28,3,0.08366013071895424,0.061111111111111116,0.07142857142857142
20260306_165233_w2_1500_file_mean_arpls_msc_logreg,w2_1500_file_mean_arpls_msc_logreg,1500,logreg,all,cortex,54,3,0.38484320557491286,0.38888888888888884,0.3888888888888889
20260306_165233_w2_1500_file_mean_arpls_msc_logreg,w2_1500_file_mean_arpls_msc_logreg,1500,logreg,all,striatum,36,3,0.32827586206896553,0.3611111111111111,0.3611111111111111
20260306_165233_w2_1500_file_mean_arpls_msc_logreg,w2_1500_file_mean_arpls_msc_logreg,1500,logreg,all,cerebellum,28,3,0.08366013071895424,0.061111111111111116,0.07142857142857142
20260306_165327_w2_1500_file_mean_arpls_msc_svm,w2_1500_file_mean_arpls_msc_svm,1500,svm_rbf,cv,cortex,54,3,0.3989139515455305,0.40740740740740744,0.4074074074074074
20260306_165327_w2_1500_file_mean_arpls_msc_svm,w2_1500_file_mean_arpls_msc_svm,1500,svm_rbf,cv,striatum,36,3,0.27355332376853175,0.3888888888888889,0.3888888888888889
20260306_165327_w2_1500_file_mean_arpls_msc_svm,w2_1500_file_mean_arpls_msc_svm,1500,svm_rbf,cv,cerebellum,28,3,0.21052631578947367,0.16666666666666666,0.21428571428571427
20260306_165327_w2_1500_file_mean_arpls_msc_svm,w2_1500_file_mean_arpls_msc_svm,1500,svm_rbf,all,cortex,54,3,0.3989139515455305,0.40740740740740744,0.4074074074074074
20260306_165327_w2_1500_file_mean_arpls_msc_svm,w2_1500_file_mean_arpls_msc_svm,1500,svm_rbf,all,striatum,36,3,0.27355332376853175,0.3888888888888889,0.3888888888888889
20260306_165327_w2_1500_file_mean_arpls_msc_svm,w2_1500_file_mean_arpls_msc_svm,1500,svm_rbf,all,cerebellum,28,3,0.21052631578947367,0.16666666666666666,0.21428571428571427
20260306_165524_w2_2900_file_mean_airpls_emsc_catboost,w2_2900_file_mean_airpls_emsc_catboost,2900,catboost,cv,cortex,54,3,0.3853803716608595,0.40740740740740744,0.4074074074074074
20260306_165524_w2_2900_file_mean_airpls_emsc_catboost,w2_2900_file_mean_airpls_emsc_catboost,2900,catboost,cv,striatum,36,3,0.3321449792038027,0.36111111111111116,0.3611111111111111
20260306_165524_w2_2900_file_mean_airpls_emsc_catboost,w2_2900_file_mean_airpls_emsc_catboost,2900,catboost,cv,cerebellum,28,3,0.030303030303030304,0.05555555555555555,0.03571428571428571
20260306_165524_w2_2900_file_mean_airpls_emsc_catboost,w2_2900_file_mean_airpls_emsc_catboost,2900,catboost,all,cortex,54,3,0.3853803716608595,0.40740740740740744,0.4074074074074074
20260306_165524_w2_2900_file_mean_airpls_emsc_catboost,w2_2900_file_mean_airpls_emsc_catboost,2900,catboost,all,striatum,36,3,0.3321449792038027,0.36111111111111116,0.3611111111111111
20260306_165524_w2_2900_file_mean_airpls_emsc_catboost,w2_2900_file_mean_airpls_emsc_catboost,2900,catboost,all,cerebellum,28,3,0.030303030303030304,0.05555555555555555,0.03571428571428571
20260306_165629_w2_2900_file_mean_airpls_emsc_logreg,w2_2900_file_mean_airpls_emsc_logreg,2900,logreg,cv,cortex,54,3,0.3730789613142555,0.3703703703703704,0.37037037037037035
20260306_165629_w2_2900_file_mean_airpls_emsc_logreg,w2_2900_file_mean_airpls_emsc_logreg,2900,logreg,cv,striatum,36,3,0.23885918003565063,0.27777777777777773,0.2777777777777778
20260306_165629_w2_2900_file_mean_airpls_emsc_logreg,w2_2900_file_mean_airpls_emsc_logreg,2900,logreg,cv,cerebellum,28,3,0.08366013071895424,0.061111111111111116,0.07142857142857142
20260306_165629_w2_2900_file_mean_airpls_emsc_logreg,w2_2900_file_mean_airpls_emsc_logreg,2900,logreg,all,cortex,54,3,0.3730789613142555,0.3703703703703704,0.37037037037037035
20260306_165629_w2_2900_file_mean_airpls_emsc_logreg,w2_2900_file_mean_airpls_emsc_logreg,2900,logreg,all,striatum,36,3,0.23885918003565063,0.27777777777777773,0.2777777777777778
20260306_165629_w2_2900_file_mean_airpls_emsc_logreg,w2_2900_file_mean_airpls_emsc_logreg,2900,logreg,all,cerebellum,28,3,0.08366013071895424,0.061111111111111116,0.07142857142857142
20260306_165725_w2_2900_file_mean_airpls_emsc_svm,w2_2900_file_mean_airpls_emsc_svm,2900,svm_rbf,cv,cortex,54,3,0.3972826086956522,0.3888888888888889,0.3888888888888889
20260306_165725_w2_2900_file_mean_airpls_emsc_svm,w2_2900_file_mean_airpls_emsc_svm,2900,svm_rbf,cv,striatum,36,3,0.37350622934146954,0.36111111111111116,0.3611111111111111
20260306_165725_w2_2900_file_mean_airpls_emsc_svm,w2_2900_file_mean_airpls_emsc_svm,2900,svm_rbf,cv,cerebellum,28,3,0.125,0.3333333333333333,0.21428571428571427
20260306_165725_w2_2900_file_mean_airpls_emsc_svm,w2_2900_file_mean_airpls_emsc_svm,2900,svm_rbf,all,cortex,54,3,0.3972826086956522,0.3888888888888889,0.3888888888888889
20260306_165725_w2_2900_file_mean_airpls_emsc_svm,w2_2900_file_mean_airpls_emsc_svm,2900,svm_rbf,all,striatum,36,3,0.37350622934146954,0.36111111111111116,0.3611111111111111
20260306_165725_w2_2900_file_mean_airpls_emsc_svm,w2_2900_file_mean_airpls_emsc_svm,2900,svm_rbf,all,cerebellum,28,3,0.125,0.3333333333333333,0.21428571428571427
20260306_165929_w2_2900_file_mean_airpls_snv_catboost,w2_2900_file_mean_airpls_snv_catboost,2900,catboost,cv,cortex,54,3,0.4462994362563946,0.46296296296296297,0.46296296296296297
20260306_165929_w2_2900_file_mean_airpls_snv_catboost,w2_2900_file_mean_airpls_snv_catboost,2900,catboost,cv,striatum,36,3,0.2913875598086125,0.3055555555555555,0.3055555555555556
20260306_165929_w2_2900_file_mean_airpls_snv_catboost,w2_2900_file_mean_airpls_snv_catboost,2900,catboost,cv,cerebellum,28,3,0.07096171802054155,0.08333333333333333,0.07142857142857142
20260306_165929_w2_2900_file_mean_airpls_snv_catboost,w2_2900_file_mean_airpls_snv_catboost,2900,catboost,all,cortex,54,3,0.4462994362563946,0.46296296296296297,0.46296296296296297
20260306_165929_w2_2900_file_mean_airpls_snv_catboost,w2_2900_file_mean_airpls_snv_catboost,2900,catboost,all,striatum,36,3,0.2913875598086125,0.3055555555555555,0.3055555555555556
20260306_165929_w2_2900_file_mean_airpls_snv_catboost,w2_2900_file_mean_airpls_snv_catboost,2900,catboost,all,cerebellum,28,3,0.07096171802054155,0.08333333333333333,0.07142857142857142
20260306_170025_w2_2900_file_mean_airpls_snv_logreg,w2_2900_file_mean_airpls_snv_logreg,2900,logreg,cv,cortex,54,3,0.5186373221657905,0.5370370370370371,0.5370370370370371
20260306_170025_w2_2900_file_mean_airpls_snv_logreg,w2_2900_file_mean_airpls_snv_logreg,2900,logreg,cv,striatum,36,3,0.3352007469654528,0.36111111111111116,0.3611111111111111
20260306_170025_w2_2900_file_mean_airpls_snv_logreg,w2_2900_file_mean_airpls_snv_logreg,2900,logreg,cv,cerebellum,28,3,0.1027077497665733,0.13888888888888887,0.10714285714285714
20260306_170025_w2_2900_file_mean_airpls_snv_logreg,w2_2900_file_mean_airpls_snv_logreg,2900,logreg,all,cortex,54,3,0.5186373221657905,0.5370370370370371,0.5370370370370371
20260306_170025_w2_2900_file_mean_airpls_snv_logreg,w2_2900_file_mean_airpls_snv_logreg,2900,logreg,all,striatum,36,3,0.3352007469654528,0.36111111111111116,0.3611111111111111
20260306_170025_w2_2900_file_mean_airpls_snv_logreg,w2_2900_file_mean_airpls_snv_logreg,2900,logreg,all,cerebellum,28,3,0.1027077497665733,0.13888888888888887,0.10714285714285714
20260306_170121_w2_2900_file_mean_airpls_snv_svm,w2_2900_file_mean_airpls_snv_svm,2900,svm_rbf,cv,cortex,54,3,0.3538528098394598,0.3703703703703704,0.37037037037037035
20260306_170121_w2_2900_file_mean_airpls_snv_svm,w2_2900_file_mean_airpls_snv_svm,2900,svm_rbf,cv,striatum,36,3,0.4301594722352086,0.4166666666666667,0.4166666666666667
20260306_170121_w2_2900_file_mean_airpls_snv_svm,w2_2900_file_mean_airpls_snv_svm,2900,svm_rbf,cv,cerebellum,28,3,0.125,0.3333333333333333,0.21428571428571427
20260306_170121_w2_2900_file_mean_airpls_snv_svm,w2_2900_file_mean_airpls_snv_svm,2900,svm_rbf,all,cortex,54,3,0.3538528098394598,0.3703703703703704,0.37037037037037035
20260306_170121_w2_2900_file_mean_airpls_snv_svm,w2_2900_file_mean_airpls_snv_svm,2900,svm_rbf,all,striatum,36,3,0.4301594722352086,0.4166666666666667,0.4166666666666667
20260306_170121_w2_2900_file_mean_airpls_snv_svm,w2_2900_file_mean_airpls_snv_svm,2900,svm_rbf,all,cerebellum,28,3,0.125,0.3333333333333333,0.21428571428571427
20260306_172427_p5_1500_file_mean_arpls_msc_catboost,p5_1500_file_mean_arpls_msc_catboost,1500,catboost,cv,cortex,54,3,0.4990640372643768,0.5185185185185185,0.5185185185185185
20260306_172427_p5_1500_file_mean_arpls_msc_catboost,p5_1500_file_mean_arpls_msc_catboost,1500,catboost,cv,striatum,36,3,0.47015250544662307,0.5,0.5
20260306_172427_p5_1500_file_mean_arpls_msc_catboost,p5_1500_file_mean_arpls_msc_catboost,1500,catboost,cv,cerebellum,28,3,0.1851851851851852,0.1388888888888889,0.17857142857142858
20260306_172427_p5_1500_file_mean_arpls_msc_catboost,p5_1500_file_mean_arpls_msc_catboost,1500,catboost,all,cortex,54,3,0.4990640372643768,0.5185185185185185,0.5185185185185185
20260306_172427_p5_1500_file_mean_arpls_msc_catboost,p5_1500_file_mean_arpls_msc_catboost,1500,catboost,all,striatum,36,3,0.47015250544662307,0.5,0.5
20260306_172427_p5_1500_file_mean_arpls_msc_catboost,p5_1500_file_mean_arpls_msc_catboost,1500,catboost,all,cerebellum,28,3,0.1851851851851852,0.1388888888888889,0.17857142857142858
20260306_172604_p5_2900_file_mean_airpls_emsc_catboost,p5_2900_file_mean_airpls_emsc_catboost,2900,catboost,cv,cortex,54,3,0.44038155802861684,0.4444444444444445,0.4444444444444444
20260306_172604_p5_2900_file_mean_airpls_emsc_catboost,p5_2900_file_mean_airpls_emsc_catboost,2900,catboost,cv,striatum,36,3,0.24836601307189543,0.3055555555555556,0.3055555555555556
20260306_172604_p5_2900_file_mean_airpls_emsc_catboost,p5_2900_file_mean_airpls_emsc_catboost,2900,catboost,cv,cerebellum,28,3,0.1087344028520499,0.1111111111111111,0.10714285714285714
20260306_172604_p5_2900_file_mean_airpls_emsc_catboost,p5_2900_file_mean_airpls_emsc_catboost,2900,catboost,all,cortex,54,3,0.44038155802861684,0.4444444444444445,0.4444444444444444
20260306_172604_p5_2900_file_mean_airpls_emsc_catboost,p5_2900_file_mean_airpls_emsc_catboost,2900,catboost,all,striatum,36,3,0.24836601307189543,0.3055555555555556,0.3055555555555556
20260306_172604_p5_2900_file_mean_airpls_emsc_catboost,p5_2900_file_mean_airpls_emsc_catboost,2900,catboost,all,cerebellum,28,3,0.1087344028520499,0.1111111111111111,0.10714285714285714
20260306_172752_p5_2900_file_mean_airpls_snv_catboost,p5_2900_file_mean_airpls_snv_catboost,2900,catboost,cv,cortex,54,3,0.353921568627451,0.3703703703703704,0.37037037037037035
20260306_172752_p5_2900_file_mean_airpls_snv_catboost,p5_2900_file_mean_airpls_snv_catboost,2900,catboost,cv,striatum,36,3,0.38544891640866874,0.4166666666666667,0.4166666666666667
20260306_172752_p5_2900_file_mean_airpls_snv_catboost,p5_2900_file_mean_airpls_snv_catboost,2900,catboost,cv,cerebellum,28,3,0.10192147034252297,0.1111111111111111,0.10714285714285714
20260306_172752_p5_2900_file_mean_airpls_snv_catboost,p5_2900_file_mean_airpls_snv_catboost,2900,catboost,all,cortex,54,3,0.353921568627451,0.3703703703703704,0.37037037037037035
20260306_172752_p5_2900_file_mean_airpls_snv_catboost,p5_2900_file_mean_airpls_snv_catboost,2900,catboost,all,striatum,36,3,0.38544891640866874,0.4166666666666667,0.4166666666666667
20260306_172752_p5_2900_file_mean_airpls_snv_catboost,p5_2900_file_mean_airpls_snv_catboost,2900,catboost,all,cerebellum,28,3,0.10192147034252297,0.1111111111111111,0.10714285714285714
20260306_172915_p5_2900_file_mean_airpls_snv_logreg,p5_2900_file_mean_airpls_snv_logreg,2900,logreg,cv,cortex,54,3,0.5350877192982456,0.5370370370370371,0.5370370370370371
20260306_172915_p5_2900_file_mean_airpls_snv_logreg,p5_2900_file_mean_airpls_snv_logreg,2900,logreg,cv,striatum,36,3,0.3527777777777778,0.38888888888888884,0.3888888888888889
20260306_172915_p5_2900_file_mean_airpls_snv_logreg,p5_2900_file_mean_airpls_snv_logreg,2900,logreg,cv,cerebellum,28,3,0.13468013468013468,0.16666666666666666,0.14285714285714285
20260306_172915_p5_2900_file_mean_airpls_snv_logreg,p5_2900_file_mean_airpls_snv_logreg,2900,logreg,all,cortex,54,3,0.5350877192982456,0.5370370370370371,0.5370370370370371
20260306_172915_p5_2900_file_mean_airpls_snv_logreg,p5_2900_file_mean_airpls_snv_logreg,2900,logreg,all,striatum,36,3,0.3527777777777778,0.38888888888888884,0.3888888888888889
20260306_172915_p5_2900_file_mean_airpls_snv_logreg,p5_2900_file_mean_airpls_snv_logreg,2900,logreg,all,cerebellum,28,3,0.13468013468013468,0.16666666666666666,0.14285714285714285
20260306_173035_p5_2900_file_mean_airpls_snv_svm,p5_2900_file_mean_airpls_snv_svm,2900,svm_rbf,cv,cortex,54,3,0.4276216112851743,0.40740740740740744,0.4074074074074074
20260306_173035_p5_2900_file_mean_airpls_snv_svm,p5_2900_file_mean_airpls_snv_svm,2900,svm_rbf,cv,striatum,36,3,0.3639306599832916,0.36111111111111116,0.3611111111111111
20260306_173035_p5_2900_file_mean_airpls_snv_svm,p5_2900_file_mean_airpls_snv_svm,2900,svm_rbf,cv,cerebellum,28,3,0.12903225806451613,0.3333333333333333,0.21428571428571427
20260306_173035_p5_2900_file_mean_airpls_snv_svm,p5_2900_file_mean_airpls_snv_svm,2900,svm_rbf,all,cortex,54,3,0.4276216112851743,0.40740740740740744,0.4074074074074074
20260306_173035_p5_2900_file_mean_airpls_snv_svm,p5_2900_file_mean_airpls_snv_svm,2900,svm_rbf,all,striatum,36,3,0.3639306599832916,0.36111111111111116,0.3611111111111111
20260306_173035_p5_2900_file_mean_airpls_snv_svm,p5_2900_file_mean_airpls_snv_svm,2900,svm_rbf,all,cerebellum,28,3,0.12903225806451613,0.3333333333333333,0.21428571428571427
20260306_174959_v1_smoke_center1500_fast,v1_smoke_center1500_fast,1500,catboost,cv,cortex,54,3,0.47904940587867423,0.48148148148148145,0.48148148148148145
20260306_174959_v1_smoke_center1500_fast,v1_smoke_center1500_fast,1500,catboost,cv,striatum,36,3,0.48148148148148145,0.5,0.5
20260306_174959_v1_smoke_center1500_fast,v1_smoke_center1500_fast,1500,catboost,cv,cerebellum,28,3,0.1111111111111111,0.1111111111111111,0.14285714285714285
20260306_174959_v1_smoke_center1500_fast,v1_smoke_center1500_fast,1500,catboost,all,cortex,54,3,0.47904940587867423,0.48148148148148145,0.48148148148148145
20260306_174959_v1_smoke_center1500_fast,v1_smoke_center1500_fast,1500,catboost,all,striatum,36,3,0.48148148148148145,0.5,0.5
20260306_174959_v1_smoke_center1500_fast,v1_smoke_center1500_fast,1500,catboost,all,cerebellum,28,3,0.1111111111111111,0.1111111111111111,0.14285714285714285
20260306_180457_s2b_qs_1500_baseline_morph,s2b_qs_1500_baseline_morph,1500,catboost,cv,cortex,54,3,0.4617604617604618,0.46296296296296297,0.46296296296296297
20260306_180457_s2b_qs_1500_baseline_morph,s2b_qs_1500_baseline_morph,1500,catboost,cv,striatum,36,3,0.23249299719887953,0.25,0.25
20260306_180457_s2b_qs_1500_baseline_morph,s2b_qs_1500_baseline_morph,1500,catboost,cv,cerebellum,28,3,0.09523809523809523,0.05555555555555555,0.07142857142857142
20260306_180457_s2b_qs_1500_baseline_morph,s2b_qs_1500_baseline_morph,1500,catboost,all,cortex,54,3,0.4617604617604618,0.46296296296296297,0.46296296296296297
20260306_180457_s2b_qs_1500_baseline_morph,s2b_qs_1500_baseline_morph,1500,catboost,all,striatum,36,3,0.23249299719887953,0.25,0.25
20260306_180457_s2b_qs_1500_baseline_morph,s2b_qs_1500_baseline_morph,1500,catboost,all,cerebellum,28,3,0.09523809523809523,0.05555555555555555,0.07142857142857142
20260306_180620_s2b_qs_1500_baseline_snip,s2b_qs_1500_baseline_snip,1500,catboost,cv,cortex,54,3,0.48161098161098154,0.48148148148148145,0.48148148148148145
20260306_180620_s2b_qs_1500_baseline_snip,s2b_qs_1500_baseline_snip,1500,catboost,cv,striatum,36,3,0.19528619528619529,0.2222222222222222,0.2222222222222222
20260306_180620_s2b_qs_1500_baseline_snip,s2b_qs_1500_baseline_snip,1500,catboost,cv,cerebellum,28,3,0.17543859649122806,0.1388888888888889,0.17857142857142858
20260306_180620_s2b_qs_1500_baseline_snip,s2b_qs_1500_baseline_snip,1500,catboost,all,cortex,54,3,0.48161098161098154,0.48148148148148145,0.48148148148148145
20260306_180620_s2b_qs_1500_baseline_snip,s2b_qs_1500_baseline_snip,1500,catboost,all,striatum,36,3,0.19528619528619529,0.2222222222222222,0.2222222222222222
20260306_180620_s2b_qs_1500_baseline_snip,s2b_qs_1500_baseline_snip,1500,catboost,all,cerebellum,28,3,0.17543859649122806,0.1388888888888889,0.17857142857142858
20260306_180801_s2b_qs_1500_control,s2b_qs_1500_control,1500,catboost,cv,cortex,54,3,0.4990640372643768,0.5185185185185185,0.5185185185185185
20260306_180801_s2b_qs_1500_control,s2b_qs_1500_control,1500,catboost,cv,striatum,36,3,0.47015250544662307,0.5,0.5
20260306_180801_s2b_qs_1500_control,s2b_qs_1500_control,1500,catboost,cv,cerebellum,28,3,0.1851851851851852,0.1388888888888889,0.17857142857142858
20260306_180801_s2b_qs_1500_control,s2b_qs_1500_control,1500,catboost,all,cortex,54,3,0.4990640372643768,0.5185185185185185,0.5185185185185185
20260306_180801_s2b_qs_1500_control,s2b_qs_1500_control,1500,catboost,all,striatum,36,3,0.47015250544662307,0.5,0.5
20260306_180801_s2b_qs_1500_control,s2b_qs_1500_control,1500,catboost,all,cerebellum,28,3,0.1851851851851852,0.1388888888888889,0.17857142857142858
20260306_180934_s2b_qs_1500_derivative_d1,s2b_qs_1500_derivative_d1,1500,catboost,cv,cortex,54,3,0.24775985663082437,0.25925925925925924,0.25925925925925924
20260306_180934_s2b_qs_1500_derivative_d1,s2b_qs_1500_derivative_d1,1500,catboost,cv,striatum,36,3,0.17028985507246377,0.19444444444444442,0.19444444444444445
20260306_180934_s2b_qs_1500_derivative_d1,s2b_qs_1500_derivative_d1,1500,catboost,cv,cerebellum,28,3,0.14814814814814814,0.1111111111111111,0.14285714285714285
20260306_180934_s2b_qs_1500_derivative_d1,s2b_qs_1500_derivative_d1,1500,catboost,all,cortex,54,3,0.24775985663082437,0.25925925925925924,0.25925925925925924
20260306_180934_s2b_qs_1500_derivative_d1,s2b_qs_1500_derivative_d1,1500,catboost,all,striatum,36,3,0.17028985507246377,0.19444444444444442,0.19444444444444445
20260306_180934_s2b_qs_1500_derivative_d1,s2b_qs_1500_derivative_d1,1500,catboost,all,cerebellum,28,3,0.14814814814814814,0.1111111111111111,0.14285714285714285
20260306_181112_s2b_qs_1500_derivative_d2,s2b_qs_1500_derivative_d2,1500,catboost,cv,cortex,54,3,0.23139187574671446,0.24074074074074073,0.24074074074074073
20260306_181112_s2b_qs_1500_derivative_d2,s2b_qs_1500_derivative_d2,1500,catboost,cv,striatum,36,3,0.25098039215686274,0.27777777777777773,0.2777777777777778
20260306_181112_s2b_qs_1500_derivative_d2,s2b_qs_1500_derivative_d2,1500,catboost,cv,cerebellum,28,3,0.047619047619047616,0.027777777777777776,0.03571428571428571
20260306_181112_s2b_qs_1500_derivative_d2,s2b_qs_1500_derivative_d2,1500,catboost,all,cortex,54,3,0.23139187574671446,0.24074074074074073,0.24074074074074073
20260306_181112_s2b_qs_1500_derivative_d2,s2b_qs_1500_derivative_d2,1500,catboost,all,striatum,36,3,0.25098039215686274,0.27777777777777773,0.2777777777777778
20260306_181112_s2b_qs_1500_derivative_d2,s2b_qs_1500_derivative_d2,1500,catboost,all,cerebellum,28,3,0.047619047619047616,0.027777777777777776,0.03571428571428571
20260306_181254_s2b_qs_1500_despike_on,s2b_qs_1500_despike_on,1500,catboost,cv,cortex,54,3,0.5380209477770453,0.5555555555555556,0.5555555555555556
20260306_181254_s2b_qs_1500_despike_on,s2b_qs_1500_despike_on,1500,catboost,cv,striatum,36,3,0.4093314093314093,0.4444444444444445,0.4444444444444444
20260306_181254_s2b_qs_1500_despike_on,s2b_qs_1500_despike_on,1500,catboost,cv,cerebellum,28,3,0.125,0.08333333333333333,0.10714285714285714
20260306_181254_s2b_qs_1500_despike_on,s2b_qs_1500_despike_on,1500,catboost,all,cortex,54,3,0.5380209477770453,0.5555555555555556,0.5555555555555556
20260306_181254_s2b_qs_1500_despike_on,s2b_qs_1500_despike_on,1500,catboost,all,striatum,36,3,0.4093314093314093,0.4444444444444445,0.4444444444444444
20260306_181254_s2b_qs_1500_despike_on,s2b_qs_1500_despike_on,1500,catboost,all,cerebellum,28,3,0.125,0.08333333333333333,0.10714285714285714
20260306_181427_s2b_qs_1500_outlier_mad,s2b_qs_1500_outlier_mad,1500,catboost,cv,cortex,54,3,0.45415750678908573,0.46296296296296297,0.46296296296296297
20260306_181427_s2b_qs_1500_outlier_mad,s2b_qs_1500_outlier_mad,1500,catboost,cv,striatum,36,3,0.3685185185185185,0.3888888888888889,0.3888888888888889
20260306_181427_s2b_qs_1500_outlier_mad,s2b_qs_1500_outlier_mad,1500,catboost,cv,cerebellum,28,3,0.1568627450980392,0.1111111111111111,0.14285714285714285
20260306_181427_s2b_qs_1500_outlier_mad,s2b_qs_1500_outlier_mad,1500,catboost,all,cortex,54,3,0.45415750678908573,0.46296296296296297,0.46296296296296297
20260306_181427_s2b_qs_1500_outlier_mad,s2b_qs_1500_outlier_mad,1500,catboost,all,striatum,36,3,0.3685185185185185,0.3888888888888889,0.3888888888888889
20260306_181427_s2b_qs_1500_outlier_mad,s2b_qs_1500_outlier_mad,1500,catboost,all,cerebellum,28,3,0.1568627450980392,0.1111111111111111,0.14285714285714285
20260306_181529_s2b_qs_2900_baseline_morph,s2b_qs_2900_baseline_morph,2900,logreg,cv,cortex,54,3,0.34603872975966005,0.3703703703703704,0.37037037037037035
20260306_181529_s2b_qs_2900_baseline_morph,s2b_qs_2900_baseline_morph,2900,logreg,cv,striatum,36,3,0.36738906088751283,0.38888888888888884,0.3888888888888889
20260306_181529_s2b_qs_2900_baseline_morph,s2b_qs_2900_baseline_morph,2900,logreg,cv,cerebellum,28,3,0.2673350041771094,0.3333333333333333,0.2857142857142857
20260306_181529_s2b_qs_2900_baseline_morph,s2b_qs_2900_baseline_morph,2900,logreg,all,cortex,54,3,0.34603872975966005,0.3703703703703704,0.37037037037037035
20260306_181529_s2b_qs_2900_baseline_morph,s2b_qs_2900_baseline_morph,2900,logreg,all,striatum,36,3,0.36738906088751283,0.38888888888888884,0.3888888888888889
20260306_181529_s2b_qs_2900_baseline_morph,s2b_qs_2900_baseline_morph,2900,logreg,all,cerebellum,28,3,0.2673350041771094,0.3333333333333333,0.2857142857142857
20260306_181631_s2b_qs_2900_baseline_snip,s2b_qs_2900_baseline_snip,2900,logreg,cv,cortex,54,3,0.4871794871794872,0.5,0.5
20260306_181631_s2b_qs_2900_baseline_snip,s2b_qs_2900_baseline_snip,2900,logreg,cv,striatum,36,3,0.375,0.4166666666666667,0.4166666666666667
20260306_181631_s2b_qs_2900_baseline_snip,s2b_qs_2900_baseline_snip,2900,logreg,cv,cerebellum,28,3,0.10916179337231968,0.1111111111111111,0.10714285714285714
20260306_181631_s2b_qs_2900_baseline_snip,s2b_qs_2900_baseline_snip,2900,logreg,all,cortex,54,3,0.4871794871794872,0.5,0.5
20260306_181631_s2b_qs_2900_baseline_snip,s2b_qs_2900_baseline_snip,2900,logreg,all,striatum,36,3,0.375,0.4166666666666667,0.4166666666666667
20260306_181631_s2b_qs_2900_baseline_snip,s2b_qs_2900_baseline_snip,2900,logreg,all,cerebellum,28,3,0.10916179337231968,0.1111111111111111,0.10714285714285714
20260306_181806_s2b_qs_2900_control,s2b_qs_2900_control,2900,logreg,cv,cortex,54,3,0.5350877192982456,0.5370370370370371,0.5370370370370371
20260306_181806_s2b_qs_2900_control,s2b_qs_2900_control,2900,logreg,cv,striatum,36,3,0.3527777777777778,0.38888888888888884,0.3888888888888889
20260306_181806_s2b_qs_2900_control,s2b_qs_2900_control,2900,logreg,cv,cerebellum,28,3,0.13468013468013468,0.16666666666666666,0.14285714285714285
20260306_181806_s2b_qs_2900_control,s2b_qs_2900_control,2900,logreg,all,cortex,54,3,0.5350877192982456,0.5370370370370371,0.5370370370370371
20260306_181806_s2b_qs_2900_control,s2b_qs_2900_control,2900,logreg,all,striatum,36,3,0.3527777777777778,0.38888888888888884,0.3888888888888889
20260306_181806_s2b_qs_2900_control,s2b_qs_2900_control,2900,logreg,all,cerebellum,28,3,0.13468013468013468,0.16666666666666666,0.14285714285714285
20260306_181952_s2b_qs_2900_derivative_d1,s2b_qs_2900_derivative_d1,2900,logreg,cv,cortex,54,3,0.24713804713804713,0.25925925925925924,0.25925925925925924
20260306_181952_s2b_qs_2900_derivative_d1,s2b_qs_2900_derivative_d1,2900,logreg,cv,striatum,36,3,0.2708333333333333,0.27777777777777773,0.2777777777777778
20260306_181952_s2b_qs_2900_derivative_d1,s2b_qs_2900_derivative_d1,2900,logreg,cv,cerebellum,28,3,0.26399331662489556,0.3055555555555556,0.2857142857142857
20260306_181952_s2b_qs_2900_derivative_d1,s2b_qs_2900_derivative_d1,2900,logreg,all,cortex,54,3,0.24713804713804713,0.25925925925925924,0.25925925925925924
20260306_181952_s2b_qs_2900_derivative_d1,s2b_qs_2900_derivative_d1,2900,logreg,all,striatum,36,3,0.2708333333333333,0.27777777777777773,0.2777777777777778
20260306_181952_s2b_qs_2900_derivative_d1,s2b_qs_2900_derivative_d1,2900,logreg,all,cerebellum,28,3,0.26399331662489556,0.3055555555555556,0.2857142857142857
20260306_182126_s2b_qs_2900_derivative_d2,s2b_qs_2900_derivative_d2,2900,logreg,cv,cortex,54,3,0.18855218855218855,0.20370370370370372,0.2037037037037037
20260306_182126_s2b_qs_2900_derivative_d2,s2b_qs_2900_derivative_d2,2900,logreg,cv,striatum,36,3,0.24543209876543207,0.25,0.25
20260306_182126_s2b_qs_2900_derivative_d2,s2b_qs_2900_derivative_d2,2900,logreg,cv,cerebellum,28,3,0.34848484848484845,0.4444444444444445,0.39285714285714285
20260306_182126_s2b_qs_2900_derivative_d2,s2b_qs_2900_derivative_d2,2900,logreg,all,cortex,54,3,0.18855218855218855,0.20370370370370372,0.2037037037037037
20260306_182126_s2b_qs_2900_derivative_d2,s2b_qs_2900_derivative_d2,2900,logreg,all,striatum,36,3,0.24543209876543207,0.25,0.25
20260306_182126_s2b_qs_2900_derivative_d2,s2b_qs_2900_derivative_d2,2900,logreg,all,cerebellum,28,3,0.34848484848484845,0.4444444444444445,0.39285714285714285
20260306_182250_s2b_qs_2900_despike_on,s2b_qs_2900_despike_on,2900,logreg,cv,cortex,54,3,0.5425882215811405,0.5555555555555555,0.5555555555555556
20260306_182250_s2b_qs_2900_despike_on,s2b_qs_2900_despike_on,2900,logreg,cv,striatum,36,3,0.45284780578898226,0.47222222222222227,0.4722222222222222
20260306_182250_s2b_qs_2900_despike_on,s2b_qs_2900_despike_on,2900,logreg,cv,cerebellum,28,3,0.18097643097643099,0.19999999999999998,0.17857142857142858
20260306_182250_s2b_qs_2900_despike_on,s2b_qs_2900_despike_on,2900,logreg,all,cortex,54,3,0.5425882215811405,0.5555555555555555,0.5555555555555556
20260306_182250_s2b_qs_2900_despike_on,s2b_qs_2900_despike_on,2900,logreg,all,striatum,36,3,0.45284780578898226,0.47222222222222227,0.4722222222222222
20260306_182250_s2b_qs_2900_despike_on,s2b_qs_2900_despike_on,2900,logreg,all,cerebellum,28,3,0.18097643097643099,0.19999999999999998,0.17857142857142858
20260306_182424_s2b_qs_2900_outlier_mad,s2b_qs_2900_outlier_mad,2900,logreg,cv,cortex,54,3,0.4700707338638373,0.48148148148148145,0.48148148148148145
20260306_182424_s2b_qs_2900_outlier_mad,s2b_qs_2900_outlier_mad,2900,logreg,cv,striatum,36,3,0.3786435786435786,0.4166666666666667,0.4166666666666667
20260306_182424_s2b_qs_2900_outlier_mad,s2b_qs_2900_outlier_mad,2900,logreg,cv,cerebellum,28,3,0.1419234360410831,0.16666666666666666,0.14285714285714285
20260306_182424_s2b_qs_2900_outlier_mad,s2b_qs_2900_outlier_mad,2900,logreg,all,cortex,54,3,0.4700707338638373,0.48148148148148145,0.48148148148148145
20260306_182424_s2b_qs_2900_outlier_mad,s2b_qs_2900_outlier_mad,2900,logreg,all,striatum,36,3,0.3786435786435786,0.4166666666666667,0.4166666666666667
20260306_182424_s2b_qs_2900_outlier_mad,s2b_qs_2900_outlier_mad,2900,logreg,all,cerebellum,28,3,0.1419234360410831,0.16666666666666666,0.14285714285714285
20260306_185355_s2b_sel_s2b_qs_1500_control_ss22,s2b_sel_s2b_qs_1500_control_ss22,1500,catboost,cv,cortex,54,3,0.49498746867167914,0.5185185185185185,0.5185185185185185
20260306_185355_s2b_sel_s2b_qs_1500_control_ss22,s2b_sel_s2b_qs_1500_control_ss22,1500,catboost,cv,striatum,36,3,0.4850589225589226,0.5277777777777778,0.5277777777777778
20260306_185355_s2b_sel_s2b_qs_1500_control_ss22,s2b_sel_s2b_qs_1500_control_ss22,1500,catboost,cv,cerebellum,28,3,0.15151515151515152,0.1388888888888889,0.17857142857142858
20260306_185355_s2b_sel_s2b_qs_1500_control_ss22,s2b_sel_s2b_qs_1500_control_ss22,1500,catboost,all,cortex,54,3,0.49498746867167914,0.5185185185185185,0.5185185185185185
20260306_185355_s2b_sel_s2b_qs_1500_control_ss22,s2b_sel_s2b_qs_1500_control_ss22,1500,catboost,all,striatum,36,3,0.4850589225589226,0.5277777777777778,0.5277777777777778
20260306_185355_s2b_sel_s2b_qs_1500_control_ss22,s2b_sel_s2b_qs_1500_control_ss22,1500,catboost,all,cerebellum,28,3,0.15151515151515152,0.1388888888888889,0.17857142857142858
20260306_185359_s2b_sel_s2b_qs_1500_control_ss11,s2b_sel_s2b_qs_1500_control_ss11,1500,catboost,cv,cortex,54,3,0.5415366586098294,0.5555555555555555,0.5555555555555556
20260306_185359_s2b_sel_s2b_qs_1500_control_ss11,s2b_sel_s2b_qs_1500_control_ss11,1500,catboost,cv,striatum,36,3,0.34574915824915825,0.38888888888888884,0.3888888888888889
20260306_185359_s2b_sel_s2b_qs_1500_control_ss11,s2b_sel_s2b_qs_1500_control_ss11,1500,catboost,cv,cerebellum,28,3,0.17543859649122806,0.1388888888888889,0.17857142857142858
20260306_185359_s2b_sel_s2b_qs_1500_control_ss11,s2b_sel_s2b_qs_1500_control_ss11,1500,catboost,all,cortex,54,3,0.5415366586098294,0.5555555555555555,0.5555555555555556
20260306_185359_s2b_sel_s2b_qs_1500_control_ss11,s2b_sel_s2b_qs_1500_control_ss11,1500,catboost,all,striatum,36,3,0.34574915824915825,0.38888888888888884,0.3888888888888889
20260306_185359_s2b_sel_s2b_qs_1500_control_ss11,s2b_sel_s2b_qs_1500_control_ss11,1500,catboost,all,cerebellum,28,3,0.17543859649122806,0.1388888888888889,0.17857142857142858
20260306_185500_s2b_sel_s2b_qs_1500_control_ss33,s2b_sel_s2b_qs_1500_control_ss33,1500,catboost,cv,cortex,54,3,0.5664105542154322,0.5925925925925926,0.5925925925925926
20260306_185500_s2b_sel_s2b_qs_1500_control_ss33,s2b_sel_s2b_qs_1500_control_ss33,1500,catboost,cv,striatum,36,3,0.302020202020202,0.36111111111111116,0.3611111111111111
20260306_185500_s2b_sel_s2b_qs_1500_control_ss33,s2b_sel_s2b_qs_1500_control_ss33,1500,catboost,cv,cerebellum,28,3,0.24626784352184808,0.2333333333333333,0.25
20260306_185500_s2b_sel_s2b_qs_1500_control_ss33,s2b_sel_s2b_qs_1500_control_ss33,1500,catboost,all,cortex,54,3,0.5664105542154322,0.5925925925925926,0.5925925925925926
20260306_185500_s2b_sel_s2b_qs_1500_control_ss33,s2b_sel_s2b_qs_1500_control_ss33,1500,catboost,all,striatum,36,3,0.302020202020202,0.36111111111111116,0.3611111111111111
20260306_185500_s2b_sel_s2b_qs_1500_control_ss33,s2b_sel_s2b_qs_1500_control_ss33,1500,catboost,all,cerebellum,28,3,0.24626784352184808,0.2333333333333333,0.25
20260306_185508_s2b_sel_s2b_qs_1500_despike_on_ss11,s2b_sel_s2b_qs_1500_despike_on_ss11,1500,catboost,cv,cortex,54,3,0.5210192561635686,0.5370370370370371,0.5370370370370371
20260306_185508_s2b_sel_s2b_qs_1500_despike_on_ss11,s2b_sel_s2b_qs_1500_despike_on_ss11,1500,catboost,cv,striatum,36,3,0.29292929292929293,0.36111111111111116,0.3611111111111111
20260306_185508_s2b_sel_s2b_qs_1500_despike_on_ss11,s2b_sel_s2b_qs_1500_despike_on_ss11,1500,catboost,cv,cerebellum,28,3,0.11764705882352942,0.08333333333333333,0.10714285714285714
20260306_185508_s2b_sel_s2b_qs_1500_despike_on_ss11,s2b_sel_s2b_qs_1500_despike_on_ss11,1500,catboost,all,cortex,54,3,0.5210192561635686,0.5370370370370371,0.5370370370370371
20260306_185508_s2b_sel_s2b_qs_1500_despike_on_ss11,s2b_sel_s2b_qs_1500_despike_on_ss11,1500,catboost,all,striatum,36,3,0.29292929292929293,0.36111111111111116,0.3611111111111111
20260306_185508_s2b_sel_s2b_qs_1500_despike_on_ss11,s2b_sel_s2b_qs_1500_despike_on_ss11,1500,catboost,all,cerebellum,28,3,0.11764705882352942,0.08333333333333333,0.10714285714285714
20260306_185559_s2b_sel_s2b_qs_1500_despike_on_ss22,s2b_sel_s2b_qs_1500_despike_on_ss22,1500,catboost,cv,cortex,54,3,0.6029767167698202,0.6296296296296297,0.6296296296296297
20260306_185559_s2b_sel_s2b_qs_1500_despike_on_ss22,s2b_sel_s2b_qs_1500_despike_on_ss22,1500,catboost,cv,striatum,36,3,0.3699914748508099,0.4444444444444445,0.4444444444444444
20260306_185559_s2b_sel_s2b_qs_1500_despike_on_ss22,s2b_sel_s2b_qs_1500_despike_on_ss22,1500,catboost,cv,cerebellum,28,3,0.09999999999999999,0.08333333333333333,0.10714285714285714
20260306_185559_s2b_sel_s2b_qs_1500_despike_on_ss22,s2b_sel_s2b_qs_1500_despike_on_ss22,1500,catboost,all,cortex,54,3,0.6029767167698202,0.6296296296296297,0.6296296296296297
20260306_185559_s2b_sel_s2b_qs_1500_despike_on_ss22,s2b_sel_s2b_qs_1500_despike_on_ss22,1500,catboost,all,striatum,36,3,0.3699914748508099,0.4444444444444445,0.4444444444444444
20260306_185559_s2b_sel_s2b_qs_1500_despike_on_ss22,s2b_sel_s2b_qs_1500_despike_on_ss22,1500,catboost,all,cerebellum,28,3,0.09999999999999999,0.08333333333333333,0.10714285714285714
20260306_185605_s2b_sel_s2b_qs_1500_despike_on_ss33,s2b_sel_s2b_qs_1500_despike_on_ss33,1500,catboost,cv,cortex,54,3,0.5285714285714286,0.5555555555555555,0.5555555555555556
20260306_185605_s2b_sel_s2b_qs_1500_despike_on_ss33,s2b_sel_s2b_qs_1500_despike_on_ss33,1500,catboost,cv,striatum,36,3,0.3333333333333333,0.3611111111111111,0.3611111111111111
20260306_185605_s2b_sel_s2b_qs_1500_despike_on_ss33,s2b_sel_s2b_qs_1500_despike_on_ss33,1500,catboost,cv,cerebellum,28,3,0.29365079365079366,0.26666666666666666,0.2857142857142857
20260306_185605_s2b_sel_s2b_qs_1500_despike_on_ss33,s2b_sel_s2b_qs_1500_despike_on_ss33,1500,catboost,all,cortex,54,3,0.5285714285714286,0.5555555555555555,0.5555555555555556
20260306_185605_s2b_sel_s2b_qs_1500_despike_on_ss33,s2b_sel_s2b_qs_1500_despike_on_ss33,1500,catboost,all,striatum,36,3,0.3333333333333333,0.3611111111111111,0.3611111111111111
20260306_185605_s2b_sel_s2b_qs_1500_despike_on_ss33,s2b_sel_s2b_qs_1500_despike_on_ss33,1500,catboost,all,cerebellum,28,3,0.29365079365079366,0.26666666666666666,0.2857142857142857
20260306_185723_s2b_sel_s2b_qs_2900_control_ss11,s2b_sel_s2b_qs_2900_control_ss11,2900,logreg,cv,cortex,54,3,0.4375,0.4444444444444445,0.4444444444444444
20260306_185723_s2b_sel_s2b_qs_2900_control_ss11,s2b_sel_s2b_qs_2900_control_ss11,2900,logreg,cv,striatum,36,3,0.3156780840991367,0.3611111111111111,0.3611111111111111
20260306_185723_s2b_sel_s2b_qs_2900_control_ss11,s2b_sel_s2b_qs_2900_control_ss11,2900,logreg,cv,cerebellum,28,3,0.13756613756613756,0.16666666666666666,0.14285714285714285
20260306_185723_s2b_sel_s2b_qs_2900_control_ss11,s2b_sel_s2b_qs_2900_control_ss11,2900,logreg,all,cortex,54,3,0.4375,0.4444444444444445,0.4444444444444444
20260306_185723_s2b_sel_s2b_qs_2900_control_ss11,s2b_sel_s2b_qs_2900_control_ss11,2900,logreg,all,striatum,36,3,0.3156780840991367,0.3611111111111111,0.3611111111111111
20260306_185723_s2b_sel_s2b_qs_2900_control_ss11,s2b_sel_s2b_qs_2900_control_ss11,2900,logreg,all,cerebellum,28,3,0.13756613756613756,0.16666666666666666,0.14285714285714285
20260306_185727_s2b_sel_s2b_qs_2900_control_ss22,s2b_sel_s2b_qs_2900_control_ss22,2900,logreg,cv,cortex,54,3,0.4991958449530049,0.5185185185185185,0.5185185185185185
20260306_185727_s2b_sel_s2b_qs_2900_control_ss22,s2b_sel_s2b_qs_2900_control_ss22,2900,logreg,cv,striatum,36,3,0.491285403050109,0.5,0.5
20260306_185727_s2b_sel_s2b_qs_2900_control_ss22,s2b_sel_s2b_qs_2900_control_ss22,2900,logreg,cv,cerebellum,28,3,0.13468013468013468,0.16666666666666666,0.14285714285714285
20260306_185727_s2b_sel_s2b_qs_2900_control_ss22,s2b_sel_s2b_qs_2900_control_ss22,2900,logreg,all,cortex,54,3,0.4991958449530049,0.5185185185185185,0.5185185185185185
20260306_185727_s2b_sel_s2b_qs_2900_control_ss22,s2b_sel_s2b_qs_2900_control_ss22,2900,logreg,all,striatum,36,3,0.491285403050109,0.5,0.5
20260306_185727_s2b_sel_s2b_qs_2900_control_ss22,s2b_sel_s2b_qs_2900_control_ss22,2900,logreg,all,cerebellum,28,3,0.13468013468013468,0.16666666666666666,0.14285714285714285
20260306_185741_s2b_sel_s2b_qs_2900_control_ss33,s2b_sel_s2b_qs_2900_control_ss33,2900,logreg,cv,cortex,54,3,0.5493421052631579,0.5555555555555555,0.5555555555555556
20260306_185741_s2b_sel_s2b_qs_2900_control_ss33,s2b_sel_s2b_qs_2900_control_ss33,2900,logreg,cv,striatum,36,3,0.4068504594820384,0.4444444444444445,0.4444444444444444
20260306_185741_s2b_sel_s2b_qs_2900_control_ss33,s2b_sel_s2b_qs_2900_control_ss33,2900,logreg,cv,cerebellum,28,3,0.20568320568320567,0.25555555555555554,0.21428571428571427
20260306_185741_s2b_sel_s2b_qs_2900_control_ss33,s2b_sel_s2b_qs_2900_control_ss33,2900,logreg,all,cortex,54,3,0.5493421052631579,0.5555555555555555,0.5555555555555556
20260306_185741_s2b_sel_s2b_qs_2900_control_ss33,s2b_sel_s2b_qs_2900_control_ss33,2900,logreg,all,striatum,36,3,0.4068504594820384,0.4444444444444445,0.4444444444444444
20260306_185741_s2b_sel_s2b_qs_2900_control_ss33,s2b_sel_s2b_qs_2900_control_ss33,2900,logreg,all,cerebellum,28,3,0.20568320568320567,0.25555555555555554,0.21428571428571427
20260306_185749_s2b_sel_s2b_qs_2900_despike_on_ss11,s2b_sel_s2b_qs_2900_despike_on_ss11,2900,logreg,cv,cortex,54,3,0.4330367629786234,0.46296296296296297,0.46296296296296297
20260306_185749_s2b_sel_s2b_qs_2900_despike_on_ss11,s2b_sel_s2b_qs_2900_despike_on_ss11,2900,logreg,cv,striatum,36,3,0.41991341991341985,0.4444444444444444,0.4444444444444444
20260306_185749_s2b_sel_s2b_qs_2900_despike_on_ss11,s2b_sel_s2b_qs_2900_despike_on_ss11,2900,logreg,cv,cerebellum,28,3,0.13756613756613756,0.16666666666666666,0.14285714285714285
20260306_185749_s2b_sel_s2b_qs_2900_despike_on_ss11,s2b_sel_s2b_qs_2900_despike_on_ss11,2900,logreg,all,cortex,54,3,0.4330367629786234,0.46296296296296297,0.46296296296296297
20260306_185749_s2b_sel_s2b_qs_2900_despike_on_ss11,s2b_sel_s2b_qs_2900_despike_on_ss11,2900,logreg,all,striatum,36,3,0.41991341991341985,0.4444444444444444,0.4444444444444444
20260306_185749_s2b_sel_s2b_qs_2900_despike_on_ss11,s2b_sel_s2b_qs_2900_despike_on_ss11,2900,logreg,all,cerebellum,28,3,0.13756613756613756,0.16666666666666666,0.14285714285714285
20260306_185800_s2b_sel_s2b_qs_2900_despike_on_ss22,s2b_sel_s2b_qs_2900_despike_on_ss22,2900,logreg,cv,cortex,54,3,0.5014619883040935,0.5185185185185185,0.5185185185185185
20260306_185800_s2b_sel_s2b_qs_2900_despike_on_ss22,s2b_sel_s2b_qs_2900_despike_on_ss22,2900,logreg,cv,striatum,36,3,0.5239234449760765,0.5277777777777778,0.5277777777777778
20260306_185800_s2b_sel_s2b_qs_2900_despike_on_ss22,s2b_sel_s2b_qs_2900_despike_on_ss22,2900,logreg,cv,cerebellum,28,3,0.17825311942959,0.19999999999999998,0.17857142857142858
20260306_185800_s2b_sel_s2b_qs_2900_despike_on_ss22,s2b_sel_s2b_qs_2900_despike_on_ss22,2900,logreg,all,cortex,54,3,0.5014619883040935,0.5185185185185185,0.5185185185185185
20260306_185800_s2b_sel_s2b_qs_2900_despike_on_ss22,s2b_sel_s2b_qs_2900_despike_on_ss22,2900,logreg,all,striatum,36,3,0.5239234449760765,0.5277777777777778,0.5277777777777778
20260306_185800_s2b_sel_s2b_qs_2900_despike_on_ss22,s2b_sel_s2b_qs_2900_despike_on_ss22,2900,logreg,all,cerebellum,28,3,0.17825311942959,0.19999999999999998,0.17857142857142858
20260306_185811_s2b_sel_s2b_qs_2900_despike_on_ss33,s2b_sel_s2b_qs_2900_despike_on_ss33,2900,logreg,cv,cortex,54,3,0.5463877338877339,0.5555555555555555,0.5555555555555556
20260306_185811_s2b_sel_s2b_qs_2900_despike_on_ss33,s2b_sel_s2b_qs_2900_despike_on_ss33,2900,logreg,cv,striatum,36,3,0.44169246646026833,0.47222222222222215,0.4722222222222222
20260306_185811_s2b_sel_s2b_qs_2900_despike_on_ss33,s2b_sel_s2b_qs_2900_despike_on_ss33,2900,logreg,cv,cerebellum,28,3,0.20502645502645503,0.25555555555555554,0.21428571428571427
20260306_185811_s2b_sel_s2b_qs_2900_despike_on_ss33,s2b_sel_s2b_qs_2900_despike_on_ss33,2900,logreg,all,cortex,54,3,0.5463877338877339,0.5555555555555555,0.5555555555555556
20260306_185811_s2b_sel_s2b_qs_2900_despike_on_ss33,s2b_sel_s2b_qs_2900_despike_on_ss33,2900,logreg,all,striatum,36,3,0.44169246646026833,0.47222222222222215,0.4722222222222222
20260306_185811_s2b_sel_s2b_qs_2900_despike_on_ss33,s2b_sel_s2b_qs_2900_despike_on_ss33,2900,logreg,all,cerebellum,28,3,0.20502645502645503,0.25555555555555554,0.21428571428571427
20260306_192404_dlqs_1500_ramannet_literature,dlqs_1500_ramannet_literature,1500,ramannet,cv,cortex,54,3,0.6111111111111112,0.6111111111111112,0.6111111111111112
20260306_192404_dlqs_1500_ramannet_literature,dlqs_1500_ramannet_literature,1500,ramannet,cv,striatum,36,3,0.4172839506172839,0.47222222222222227,0.4722222222222222
20260306_192404_dlqs_1500_ramannet_literature,dlqs_1500_ramannet_literature,1500,ramannet,cv,cerebellum,28,3,0.32491582491582494,0.3,0.32142857142857145
20260306_192404_dlqs_1500_ramannet_literature,dlqs_1500_ramannet_literature,1500,ramannet,all,cortex,54,3,0.6111111111111112,0.6111111111111112,0.6111111111111112
20260306_192404_dlqs_1500_ramannet_literature,dlqs_1500_ramannet_literature,1500,ramannet,all,striatum,36,3,0.4172839506172839,0.47222222222222227,0.4722222222222222
20260306_192404_dlqs_1500_ramannet_literature,dlqs_1500_ramannet_literature,1500,ramannet,all,cerebellum,28,3,0.32491582491582494,0.3,0.32142857142857145
20260306_192437_dlqs_1500_spectral_transformer_literature,dlqs_1500_spectral_transformer_literature,1500,spectral_transformer,cv,cortex,54,3,0.560944845774567,0.5555555555555555,0.5555555555555556
20260306_192437_dlqs_1500_spectral_transformer_literature,dlqs_1500_spectral_transformer_literature,1500,spectral_transformer,cv,striatum,36,3,0.34650897395995434,0.36111111111111116,0.3611111111111111
20260306_192437_dlqs_1500_spectral_transformer_literature,dlqs_1500_spectral_transformer_literature,1500,spectral_transformer,cv,cerebellum,28,3,0.3439153439153439,0.3444444444444444,0.39285714285714285
20260306_192437_dlqs_1500_spectral_transformer_literature,dlqs_1500_spectral_transformer_literature,1500,spectral_transformer,all,cortex,54,3,0.560944845774567,0.5555555555555555,0.5555555555555556
20260306_192437_dlqs_1500_spectral_transformer_literature,dlqs_1500_spectral_transformer_literature,1500,spectral_transformer,all,striatum,36,3,0.34650897395995434,0.36111111111111116,0.3611111111111111
20260306_192437_dlqs_1500_spectral_transformer_literature,dlqs_1500_spectral_transformer_literature,1500,spectral_transformer,all,cerebellum,28,3,0.3439153439153439,0.3444444444444444,0.39285714285714285
20260306_192641_dlqs_1500_resnet1d_literature,dlqs_1500_resnet1d_literature,1500,resnet1d,cv,cortex,54,3,0.3828828828828829,0.4444444444444444,0.4444444444444444
20260306_192641_dlqs_1500_resnet1d_literature,dlqs_1500_resnet1d_literature,1500,resnet1d,cv,striatum,36,3,0.41269841269841273,0.5,0.5
20260306_192641_dlqs_1500_resnet1d_literature,dlqs_1500_resnet1d_literature,1500,resnet1d,cv,cerebellum,28,3,0.17777777777777778,0.13333333333333333,0.14285714285714285
20260306_192641_dlqs_1500_resnet1d_literature,dlqs_1500_resnet1d_literature,1500,resnet1d,all,cortex,54,3,0.3828828828828829,0.4444444444444444,0.4444444444444444
20260306_192641_dlqs_1500_resnet1d_literature,dlqs_1500_resnet1d_literature,1500,resnet1d,all,striatum,36,3,0.41269841269841273,0.5,0.5
20260306_192641_dlqs_1500_resnet1d_literature,dlqs_1500_resnet1d_literature,1500,resnet1d,all,cerebellum,28,3,0.17777777777777778,0.13333333333333333,0.14285714285714285
20260306_192757_dlqs_1500_catboost_reference,dlqs_1500_catboost_reference,1500,catboost,cv,cortex,54,3,0.5362573099415204,0.5555555555555555,0.5555555555555556
20260306_192757_dlqs_1500_catboost_reference,dlqs_1500_catboost_reference,1500,catboost,cv,striatum,36,3,0.4525255754475703,0.5,0.5
20260306_192757_dlqs_1500_catboost_reference,dlqs_1500_catboost_reference,1500,catboost,cv,cerebellum,28,3,0.3131313131313131,0.29444444444444445,0.35714285714285715
20260306_192757_dlqs_1500_catboost_reference,dlqs_1500_catboost_reference,1500,catboost,all,cortex,54,3,0.5362573099415204,0.5555555555555555,0.5555555555555556
20260306_192757_dlqs_1500_catboost_reference,dlqs_1500_catboost_reference,1500,catboost,all,striatum,36,3,0.4525255754475703,0.5,0.5
20260306_192757_dlqs_1500_catboost_reference,dlqs_1500_catboost_reference,1500,catboost,all,cerebellum,28,3,0.3131313131313131,0.29444444444444445,0.35714285714285715
20260306_193245_dlstb_1500_ramannet_ss11,dlstb_1500_ramannet_ss11,1500,ramannet,cv,cortex,54,3,0.6804232804232804,0.6851851851851851,0.6851851851851852
20260306_193245_dlstb_1500_ramannet_ss11,dlstb_1500_ramannet_ss11,1500,ramannet,cv,striatum,36,3,0.725516029863856,0.7222222222222222,0.7222222222222222
20260306_193245_dlstb_1500_ramannet_ss11,dlstb_1500_ramannet_ss11,1500,ramannet,cv,cerebellum,28,3,0.39855072463768115,0.4055555555555556,0.4642857142857143
20260306_193245_dlstb_1500_ramannet_ss11,dlstb_1500_ramannet_ss11,1500,ramannet,all,cortex,54,3,0.6804232804232804,0.6851851851851851,0.6851851851851852
20260306_193245_dlstb_1500_ramannet_ss11,dlstb_1500_ramannet_ss11,1500,ramannet,all,striatum,36,3,0.725516029863856,0.7222222222222222,0.7222222222222222
20260306_193245_dlstb_1500_ramannet_ss11,dlstb_1500_ramannet_ss11,1500,ramannet,all,cerebellum,28,3,0.39855072463768115,0.4055555555555556,0.4642857142857143
20260306_193246_dlstb_1500_ramannet_ss22,dlstb_1500_ramannet_ss22,1500,ramannet,cv,cortex,54,3,0.568651578407676,0.5740740740740741,0.5740740740740741
20260306_193246_dlstb_1500_ramannet_ss22,dlstb_1500_ramannet_ss22,1500,ramannet,cv,striatum,36,3,0.46507936507936504,0.47222222222222215,0.4722222222222222
20260306_193246_dlstb_1500_ramannet_ss22,dlstb_1500_ramannet_ss22,1500,ramannet,cv,cerebellum,28,3,0.5667388167388168,0.5666666666666667,0.5714285714285714
20260306_193246_dlstb_1500_ramannet_ss22,dlstb_1500_ramannet_ss22,1500,ramannet,all,cortex,54,3,0.568651578407676,0.5740740740740741,0.5740740740740741
20260306_193246_dlstb_1500_ramannet_ss22,dlstb_1500_ramannet_ss22,1500,ramannet,all,striatum,36,3,0.46507936507936504,0.47222222222222215,0.4722222222222222
20260306_193246_dlstb_1500_ramannet_ss22,dlstb_1500_ramannet_ss22,1500,ramannet,all,cerebellum,28,3,0.5667388167388168,0.5666666666666667,0.5714285714285714
20260306_193301_dlstb_1500_ramannet_ss33,dlstb_1500_ramannet_ss33,1500,ramannet,cv,cortex,54,3,0.7790143084260732,0.7777777777777778,0.7777777777777778
20260306_193301_dlstb_1500_ramannet_ss33,dlstb_1500_ramannet_ss33,1500,ramannet,cv,striatum,36,3,0.5156095787231832,0.5277777777777778,0.5277777777777778
20260306_193301_dlstb_1500_ramannet_ss33,dlstb_1500_ramannet_ss33,1500,ramannet,cv,cerebellum,28,3,0.22916666666666666,0.2611111111111111,0.32142857142857145
20260306_193301_dlstb_1500_ramannet_ss33,dlstb_1500_ramannet_ss33,1500,ramannet,all,cortex,54,3,0.7790143084260732,0.7777777777777778,0.7777777777777778
20260306_193301_dlstb_1500_ramannet_ss33,dlstb_1500_ramannet_ss33,1500,ramannet,all,striatum,36,3,0.5156095787231832,0.5277777777777778,0.5277777777777778
20260306_193301_dlstb_1500_ramannet_ss33,dlstb_1500_ramannet_ss33,1500,ramannet,all,cerebellum,28,3,0.22916666666666666,0.2611111111111111,0.32142857142857145
20260306_193351_dlqs_2900_ramannet_literature,dlqs_2900_ramannet_literature,2900,ramannet,cv,cortex,54,3,0.4949832775919733,0.5370370370370371,0.5370370370370371
20260306_193351_dlqs_2900_ramannet_literature,dlqs_2900_ramannet_literature,2900,ramannet,cv,striatum,36,3,0.5555555555555555,0.6666666666666666,0.6666666666666666
20260306_193351_dlqs_2900_ramannet_literature,dlqs_2900_ramannet_literature,2900,ramannet,cv,cerebellum,28,3,0.24019607843137256,0.27777777777777773,0.32142857142857145
20260306_193351_dlqs_2900_ramannet_literature,dlqs_2900_ramannet_literature,2900,ramannet,all,cortex,54,3,0.4949832775919733,0.5370370370370371,0.5370370370370371
20260306_193351_dlqs_2900_ramannet_literature,dlqs_2900_ramannet_literature,2900,ramannet,all,striatum,36,3,0.5555555555555555,0.6666666666666666,0.6666666666666666
20260306_193351_dlqs_2900_ramannet_literature,dlqs_2900_ramannet_literature,2900,ramannet,all,cerebellum,28,3,0.24019607843137256,0.27777777777777773,0.32142857142857145
20260306_193409_dlqs_2900_spectral_transformer_literature,dlqs_2900_spectral_transformer_literature,2900,spectral_transformer,cv,cortex,54,3,0.2857142857142857,0.3333333333333333,0.3333333333333333
20260306_193409_dlqs_2900_spectral_transformer_literature,dlqs_2900_spectral_transformer_literature,2900,spectral_transformer,cv,striatum,36,3,0.4666666666666666,0.5,0.5
20260306_193409_dlqs_2900_spectral_transformer_literature,dlqs_2900_spectral_transformer_literature,2900,spectral_transformer,cv,cerebellum,28,3,0.6,0.6666666666666666,0.7857142857142857
20260306_193409_dlqs_2900_spectral_transformer_literature,dlqs_2900_spectral_transformer_literature,2900,spectral_transformer,all,cortex,54,3,0.2857142857142857,0.3333333333333333,0.3333333333333333
20260306_193409_dlqs_2900_spectral_transformer_literature,dlqs_2900_spectral_transformer_literature,2900,spectral_transformer,all,striatum,36,3,0.4666666666666666,0.5,0.5
20260306_193409_dlqs_2900_spectral_transformer_literature,dlqs_2900_spectral_transformer_literature,2900,spectral_transformer,all,cerebellum,28,3,0.6,0.6666666666666666,0.7857142857142857
20260306_193903_dlqs_2900_resnet1d_literature,dlqs_2900_resnet1d_literature,2900,resnet1d,cv,cortex,54,3,0.40952380952380957,0.48148148148148145,0.48148148148148145
20260306_193903_dlqs_2900_resnet1d_literature,dlqs_2900_resnet1d_literature,2900,resnet1d,cv,striatum,36,3,0.35714285714285715,0.4444444444444444,0.4444444444444444
20260306_193903_dlqs_2900_resnet1d_literature,dlqs_2900_resnet1d_literature,2900,resnet1d,cv,cerebellum,28,3,0.19999999999999998,0.3333333333333333,0.42857142857142855
20260306_193903_dlqs_2900_resnet1d_literature,dlqs_2900_resnet1d_literature,2900,resnet1d,all,cortex,54,3,0.40952380952380957,0.48148148148148145,0.48148148148148145
20260306_193903_dlqs_2900_resnet1d_literature,dlqs_2900_resnet1d_literature,2900,resnet1d,all,striatum,36,3,0.35714285714285715,0.4444444444444444,0.4444444444444444
20260306_193903_dlqs_2900_resnet1d_literature,dlqs_2900_resnet1d_literature,2900,resnet1d,all,cerebellum,28,3,0.19999999999999998,0.3333333333333333,0.42857142857142855
20260306_193949_dlqs_1500_ramannet_literature_5f_ss42,dlqs_1500_ramannet_literature_5f_ss42,1500,ramannet,cv,cortex,54,3,0.72003432003432,0.7222222222222222,0.7222222222222222
20260306_193949_dlqs_1500_ramannet_literature_5f_ss42,dlqs_1500_ramannet_literature_5f_ss42,1500,ramannet,cv,striatum,36,3,0.6093719806763286,0.6111111111111112,0.6111111111111112
20260306_193949_dlqs_1500_ramannet_literature_5f_ss42,dlqs_1500_ramannet_literature_5f_ss42,1500,ramannet,cv,cerebellum,28,3,0.26666666666666666,0.29444444444444445,0.32142857142857145
20260306_193949_dlqs_1500_ramannet_literature_5f_ss42,dlqs_1500_ramannet_literature_5f_ss42,1500,ramannet,all,cortex,54,3,0.72003432003432,0.7222222222222222,0.7222222222222222
20260306_193949_dlqs_1500_ramannet_literature_5f_ss42,dlqs_1500_ramannet_literature_5f_ss42,1500,ramannet,all,striatum,36,3,0.6093719806763286,0.6111111111111112,0.6111111111111112
20260306_193949_dlqs_1500_ramannet_literature_5f_ss42,dlqs_1500_ramannet_literature_5f_ss42,1500,ramannet,all,cerebellum,28,3,0.26666666666666666,0.29444444444444445,0.32142857142857145
20260306_194456_dlstb_2900_spectral_transformer_ss11,dlstb_2900_spectral_transformer_ss11,2900,spectral_transformer,cv,cortex,54,3,0.3,0.3333333333333333,0.3333333333333333
20260306_194456_dlstb_2900_spectral_transformer_ss11,dlstb_2900_spectral_transformer_ss11,2900,spectral_transformer,cv,striatum,36,3,0.38888888888888884,0.5,0.5
20260306_194456_dlstb_2900_spectral_transformer_ss11,dlstb_2900_spectral_transformer_ss11,2900,spectral_transformer,cv,cerebellum,28,3,0.5897435897435898,0.6666666666666666,0.7857142857142857
20260306_194456_dlstb_2900_spectral_transformer_ss11,dlstb_2900_spectral_transformer_ss11,2900,spectral_transformer,all,cortex,54,3,0.3,0.3333333333333333,0.3333333333333333
20260306_194456_dlstb_2900_spectral_transformer_ss11,dlstb_2900_spectral_transformer_ss11,2900,spectral_transformer,all,striatum,36,3,0.38888888888888884,0.5,0.5
20260306_194456_dlstb_2900_spectral_transformer_ss11,dlstb_2900_spectral_transformer_ss11,2900,spectral_transformer,all,cerebellum,28,3,0.5897435897435898,0.6666666666666666,0.7857142857142857
20260306_194457_dlstb_2900_spectral_transformer_ss22,dlstb_2900_spectral_transformer_ss22,2900,spectral_transformer,cv,cortex,54,3,0.43492063492063493,0.4444444444444444,0.4444444444444444
20260306_194457_dlstb_2900_spectral_transformer_ss22,dlstb_2900_spectral_transformer_ss22,2900,spectral_transformer,cv,striatum,36,3,0.6666666666666666,0.6666666666666666,0.6666666666666666
20260306_194457_dlstb_2900_spectral_transformer_ss22,dlstb_2900_spectral_transformer_ss22,2900,spectral_transformer,cv,cerebellum,28,3,0.17543859649122806,0.3333333333333333,0.35714285714285715
20260306_194457_dlstb_2900_spectral_transformer_ss22,dlstb_2900_spectral_transformer_ss22,2900,spectral_transformer,all,cortex,54,3,0.43492063492063493,0.4444444444444444,0.4444444444444444
20260306_194457_dlstb_2900_spectral_transformer_ss22,dlstb_2900_spectral_transformer_ss22,2900,spectral_transformer,all,striatum,36,3,0.6666666666666666,0.6666666666666666,0.6666666666666666
20260306_194457_dlstb_2900_spectral_transformer_ss22,dlstb_2900_spectral_transformer_ss22,2900,spectral_transformer,all,cerebellum,28,3,0.17543859649122806,0.3333333333333333,0.35714285714285715
20260306_194529_dlstb_2900_spectral_transformer_ss33,dlstb_2900_spectral_transformer_ss33,2900,spectral_transformer,cv,cortex,54,3,0.35714285714285715,0.4444444444444444,0.4444444444444444
20260306_194529_dlstb_2900_spectral_transformer_ss33,dlstb_2900_spectral_transformer_ss33,2900,spectral_transformer,cv,striatum,36,3,0.5333333333333333,0.6666666666666666,0.6666666666666666
20260306_194529_dlstb_2900_spectral_transformer_ss33,dlstb_2900_spectral_transformer_ss33,2900,spectral_transformer,cv,cerebellum,28,3,0.17543859649122806,0.3333333333333333,0.35714285714285715
20260306_194529_dlstb_2900_spectral_transformer_ss33,dlstb_2900_spectral_transformer_ss33,2900,spectral_transformer,all,cortex,54,3,0.35714285714285715,0.4444444444444444,0.4444444444444444
20260306_194529_dlstb_2900_spectral_transformer_ss33,dlstb_2900_spectral_transformer_ss33,2900,spectral_transformer,all,striatum,36,3,0.5333333333333333,0.6666666666666666,0.6666666666666666
20260306_194529_dlstb_2900_spectral_transformer_ss33,dlstb_2900_spectral_transformer_ss33,2900,spectral_transformer,all,cerebellum,28,3,0.17543859649122806,0.3333333333333333,0.35714285714285715
20260306_200819_dlqs_1500_ramannet_literature_5f_ss42,dlqs_1500_ramannet_literature_5f_ss42,1500,ramannet,cv,cortex,54,3,0.72003432003432,0.7222222222222222,0.7222222222222222
20260306_200819_dlqs_1500_ramannet_literature_5f_ss42,dlqs_1500_ramannet_literature_5f_ss42,1500,ramannet,cv,striatum,36,3,0.6093719806763286,0.6111111111111112,0.6111111111111112
20260306_200819_dlqs_1500_ramannet_literature_5f_ss42,dlqs_1500_ramannet_literature_5f_ss42,1500,ramannet,cv,cerebellum,28,3,0.26666666666666666,0.29444444444444445,0.32142857142857145
20260306_200819_dlqs_1500_ramannet_literature_5f_ss42,dlqs_1500_ramannet_literature_5f_ss42,1500,ramannet,all,cortex,54,3,0.72003432003432,0.7222222222222222,0.7222222222222222
20260306_200819_dlqs_1500_ramannet_literature_5f_ss42,dlqs_1500_ramannet_literature_5f_ss42,1500,ramannet,all,striatum,36,3,0.6093719806763286,0.6111111111111112,0.6111111111111112
20260306_200819_dlqs_1500_ramannet_literature_5f_ss42,dlqs_1500_ramannet_literature_5f_ss42,1500,ramannet,all,cerebellum,28,3,0.26666666666666666,0.29444444444444445,0.32142857142857145
20260306_201602_dlx_1500_drsn1d,dlx_1500_drsn1d,1500,drsn1d,cv,cortex,54,3,0.44303315731887166,0.5,0.5
20260306_201602_dlx_1500_drsn1d,dlx_1500_drsn1d,1500,drsn1d,cv,striatum,36,3,0.5,0.5,0.5
20260306_201602_dlx_1500_drsn1d,dlx_1500_drsn1d,1500,drsn1d,cv,cerebellum,28,3,0.0,0.0,0.0
20260306_201602_dlx_1500_drsn1d,dlx_1500_drsn1d,1500,drsn1d,all,cortex,54,3,0.44303315731887166,0.5,0.5
20260306_201602_dlx_1500_drsn1d,dlx_1500_drsn1d,1500,drsn1d,all,striatum,36,3,0.5,0.5,0.5
20260306_201602_dlx_1500_drsn1d,dlx_1500_drsn1d,1500,drsn1d,all,cerebellum,28,3,0.0,0.0,0.0
20260306_201653_dlx_1500_efficientnet1d,dlx_1500_efficientnet1d,1500,efficientnet1d,cv,cortex,54,3,0.5115546218487395,0.5185185185185185,0.5185185185185185
20260306_201653_dlx_1500_efficientnet1d,dlx_1500_efficientnet1d,1500,efficientnet1d,cv,striatum,36,3,0.4921355111917725,0.47222222222222227,0.4722222222222222
20260306_201653_dlx_1500_efficientnet1d,dlx_1500_efficientnet1d,1500,efficientnet1d,cv,cerebellum,28,3,0.0,0.0,0.0
20260306_201653_dlx_1500_efficientnet1d,dlx_1500_efficientnet1d,1500,efficientnet1d,all,cortex,54,3,0.5115546218487395,0.5185185185185185,0.5185185185185185
20260306_201653_dlx_1500_efficientnet1d,dlx_1500_efficientnet1d,1500,efficientnet1d,all,striatum,36,3,0.4921355111917725,0.47222222222222227,0.4722222222222222
20260306_201653_dlx_1500_efficientnet1d,dlx_1500_efficientnet1d,1500,efficientnet1d,all,cerebellum,28,3,0.0,0.0,0.0
20260306_201743_dlx_1500_single_step_residual,dlx_1500_single_step_residual,1500,single_step_residual,cv,cortex,54,3,0.6173271173271173,0.6111111111111112,0.6111111111111112
20260306_201743_dlx_1500_single_step_residual,dlx_1500_single_step_residual,1500,single_step_residual,cv,striatum,36,3,0.4188286808976464,0.47222222222222215,0.4722222222222222
20260306_201743_dlx_1500_single_step_residual,dlx_1500_single_step_residual,1500,single_step_residual,cv,cerebellum,28,3,0.34345694799658993,0.3277777777777778,0.35714285714285715
20260306_201743_dlx_1500_single_step_residual,dlx_1500_single_step_residual,1500,single_step_residual,all,cortex,54,3,0.6173271173271173,0.6111111111111112,0.6111111111111112
20260306_201743_dlx_1500_single_step_residual,dlx_1500_single_step_residual,1500,single_step_residual,all,striatum,36,3,0.4188286808976464,0.47222222222222215,0.4722222222222222
20260306_201743_dlx_1500_single_step_residual,dlx_1500_single_step_residual,1500,single_step_residual,all,cerebellum,28,3,0.34345694799658993,0.3277777777777778,0.35714285714285715
20260306_201826_dlx_1500_single_step_unet,dlx_1500_single_step_unet,1500,single_step_unet,cv,cortex,54,3,0.6111111111111112,0.6481481481481483,0.6481481481481481
20260306_201826_dlx_1500_single_step_unet,dlx_1500_single_step_unet,1500,single_step_unet,cv,striatum,36,3,0.3762626262626263,0.4444444444444445,0.4444444444444444
20260306_201826_dlx_1500_single_step_unet,dlx_1500_single_step_unet,1500,single_step_unet,cv,cerebellum,28,3,0.22424242424242424,0.18333333333333335,0.21428571428571427
20260306_201826_dlx_1500_single_step_unet,dlx_1500_single_step_unet,1500,single_step_unet,all,cortex,54,3,0.6111111111111112,0.6481481481481483,0.6481481481481481
20260306_201826_dlx_1500_single_step_unet,dlx_1500_single_step_unet,1500,single_step_unet,all,striatum,36,3,0.3762626262626263,0.4444444444444445,0.4444444444444444
20260306_201826_dlx_1500_single_step_unet,dlx_1500_single_step_unet,1500,single_step_unet,all,cerebellum,28,3,0.22424242424242424,0.18333333333333335,0.21428571428571427
20260306_201859_dlx_1500_inception1d,dlx_1500_inception1d,1500,inception1d,cv,cortex,54,3,0.23425925925925925,0.27777777777777773,0.2777777777777778
20260306_201859_dlx_1500_inception1d,dlx_1500_inception1d,1500,inception1d,cv,striatum,36,3,0.3380018674136321,0.3611111111111111,0.3611111111111111
20260306_201859_dlx_1500_inception1d,dlx_1500_inception1d,1500,inception1d,cv,cerebellum,28,3,0.5599999999999999,0.6333333333333333,0.75
20260306_201859_dlx_1500_inception1d,dlx_1500_inception1d,1500,inception1d,all,cortex,54,3,0.23425925925925925,0.27777777777777773,0.2777777777777778
20260306_201859_dlx_1500_inception1d,dlx_1500_inception1d,1500,inception1d,all,striatum,36,3,0.3380018674136321,0.3611111111111111,0.3611111111111111
20260306_201859_dlx_1500_inception1d,dlx_1500_inception1d,1500,inception1d,all,cerebellum,28,3,0.5599999999999999,0.6333333333333333,0.75
20260306_201928_dlx_2900_drsn1d,dlx_2900_drsn1d,2900,drsn1d,cv,cortex,54,3,0.35714285714285715,0.4444444444444444,0.4444444444444444
20260306_201928_dlx_2900_drsn1d,dlx_2900_drsn1d,2900,drsn1d,cv,striatum,36,3,0.41269841269841273,0.5,0.5
20260306_201928_dlx_2900_drsn1d,dlx_2900_drsn1d,2900,drsn1d,cv,cerebellum,28,3,0.0,0.0,0.0
20260306_201928_dlx_2900_drsn1d,dlx_2900_drsn1d,2900,drsn1d,all,cortex,54,3,0.35714285714285715,0.4444444444444444,0.4444444444444444
20260306_201928_dlx_2900_drsn1d,dlx_2900_drsn1d,2900,drsn1d,all,striatum,36,3,0.41269841269841273,0.5,0.5
20260306_201928_dlx_2900_drsn1d,dlx_2900_drsn1d,2900,drsn1d,all,cerebellum,28,3,0.0,0.0,0.0
20260306_202016_dlx_2900_efficientnet1d,dlx_2900_efficientnet1d,2900,efficientnet1d,cv,cortex,54,3,0.43492063492063493,0.4444444444444444,0.4444444444444444
20260306_202016_dlx_2900_efficientnet1d,dlx_2900_efficientnet1d,2900,efficientnet1d,cv,striatum,36,3,0.5222222222222223,0.5,0.5
20260306_202016_dlx_2900_efficientnet1d,dlx_2900_efficientnet1d,2900,efficientnet1d,cv,cerebellum,28,3,0.0,0.0,0.0
20260306_202016_dlx_2900_efficientnet1d,dlx_2900_efficientnet1d,2900,efficientnet1d,all,cortex,54,3,0.43492063492063493,0.4444444444444444,0.4444444444444444
20260306_202016_dlx_2900_efficientnet1d,dlx_2900_efficientnet1d,2900,efficientnet1d,all,striatum,36,3,0.5222222222222223,0.5,0.5
20260306_202016_dlx_2900_efficientnet1d,dlx_2900_efficientnet1d,2900,efficientnet1d,all,cerebellum,28,3,0.0,0.0,0.0
20260306_202111_dlx_2900_single_step_residual,dlx_2900_single_step_residual,2900,single_step_residual,cv,cortex,54,3,0.47176936538638664,0.5185185185185185,0.5185185185185185
20260306_202111_dlx_2900_single_step_residual,dlx_2900_single_step_residual,2900,single_step_residual,cv,striatum,36,3,0.3064182194616977,0.3888888888888889,0.3888888888888889
20260306_202111_dlx_2900_single_step_residual,dlx_2900_single_step_residual,2900,single_step_residual,cv,cerebellum,28,3,0.19999999999999998,0.3333333333333333,0.42857142857142855
20260306_202111_dlx_2900_single_step_residual,dlx_2900_single_step_residual,2900,single_step_residual,all,cortex,54,3,0.47176936538638664,0.5185185185185185,0.5185185185185185
20260306_202111_dlx_2900_single_step_residual,dlx_2900_single_step_residual,2900,single_step_residual,all,striatum,36,3,0.3064182194616977,0.3888888888888889,0.3888888888888889
20260306_202111_dlx_2900_single_step_residual,dlx_2900_single_step_residual,2900,single_step_residual,all,cerebellum,28,3,0.19999999999999998,0.3333333333333333,0.42857142857142855
20260306_202146_dlx_2900_inception1d,dlx_2900_inception1d,2900,inception1d,cv,cortex,54,3,0.5312126642771804,0.5185185185185185,0.5185185185185185
20260306_202146_dlx_2900_inception1d,dlx_2900_inception1d,2900,inception1d,cv,striatum,36,3,0.5222222222222223,0.5,0.5
20260306_202146_dlx_2900_inception1d,dlx_2900_inception1d,2900,inception1d,cv,cerebellum,28,3,0.14814814814814814,0.1111111111111111,0.07142857142857142
20260306_202146_dlx_2900_inception1d,dlx_2900_inception1d,2900,inception1d,all,cortex,54,3,0.5312126642771804,0.5185185185185185,0.5185185185185185
20260306_202146_dlx_2900_inception1d,dlx_2900_inception1d,2900,inception1d,all,striatum,36,3,0.5222222222222223,0.5,0.5
20260306_202146_dlx_2900_inception1d,dlx_2900_inception1d,2900,inception1d,all,cerebellum,28,3,0.14814814814814814,0.1111111111111111,0.07142857142857142
20260306_202148_dlx_2900_single_step_unet,dlx_2900_single_step_unet,2900,single_step_unet,cv,cortex,54,3,0.3333333333333333,0.4444444444444444,0.4444444444444444
20260306_202148_dlx_2900_single_step_unet,dlx_2900_single_step_unet,2900,single_step_unet,cv,striatum,36,3,0.38888888888888884,0.5,0.5
20260306_202148_dlx_2900_single_step_unet,dlx_2900_single_step_unet,2900,single_step_unet,cv,cerebellum,28,3,0.0,0.0,0.0
20260306_202148_dlx_2900_single_step_unet,dlx_2900_single_step_unet,2900,single_step_unet,all,cortex,54,3,0.3333333333333333,0.4444444444444444,0.4444444444444444
20260306_202148_dlx_2900_single_step_unet,dlx_2900_single_step_unet,2900,single_step_unet,all,striatum,36,3,0.38888888888888884,0.5,0.5
20260306_202148_dlx_2900_single_step_unet,dlx_2900_single_step_unet,2900,single_step_unet,all,cerebellum,28,3,0.0,0.0,0.0
20260306_202742_dlx_1500_single_step_residual_5f_last_chance,dlx_1500_single_step_residual_5f_last_chance,1500,single_step_residual,cv,cortex,54,3,0.6101640586298336,0.6111111111111112,0.6111111111111112
20260306_202742_dlx_1500_single_step_residual_5f_last_chance,dlx_1500_single_step_residual_5f_last_chance,1500,single_step_residual,cv,striatum,36,3,0.6920634920634922,0.6944444444444445,0.6944444444444444
20260306_202742_dlx_1500_single_step_residual_5f_last_chance,dlx_1500_single_step_residual_5f_last_chance,1500,single_step_residual,cv,cerebellum,28,3,0.2252586594691858,0.22777777777777777,0.25
20260306_202742_dlx_1500_single_step_residual_5f_last_chance,dlx_1500_single_step_residual_5f_last_chance,1500,single_step_residual,all,cortex,54,3,0.6101640586298336,0.6111111111111112,0.6111111111111112
20260306_202742_dlx_1500_single_step_residual_5f_last_chance,dlx_1500_single_step_residual_5f_last_chance,1500,single_step_residual,all,striatum,36,3,0.6920634920634922,0.6944444444444445,0.6944444444444444
20260306_202742_dlx_1500_single_step_residual_5f_last_chance,dlx_1500_single_step_residual_5f_last_chance,1500,single_step_residual,all,cerebellum,28,3,0.2252586594691858,0.22777777777777777,0.25
20260306_203025_dlx_2900_inception1d_5f_last_chance,dlx_2900_inception1d_5f_last_chance,2900,inception1d,cv,cortex,54,3,0.42210794244454836,0.4259259259259259,0.42592592592592593
20260306_203025_dlx_2900_inception1d_5f_last_chance,dlx_2900_inception1d_5f_last_chance,2900,inception1d,cv,striatum,36,3,0.5,0.5,0.5
20260306_203025_dlx_2900_inception1d_5f_last_chance,dlx_2900_inception1d_5f_last_chance,2900,inception1d,cv,cerebellum,28,3,0.1929824561403509,0.3055555555555555,0.39285714285714285
20260306_203025_dlx_2900_inception1d_5f_last_chance,dlx_2900_inception1d_5f_last_chance,2900,inception1d,all,cortex,54,3,0.42210794244454836,0.4259259259259259,0.42592592592592593
20260306_203025_dlx_2900_inception1d_5f_last_chance,dlx_2900_inception1d_5f_last_chance,2900,inception1d,all,striatum,36,3,0.5,0.5,0.5
20260306_203025_dlx_2900_inception1d_5f_last_chance,dlx_2900_inception1d_5f_last_chance,2900,inception1d,all,cerebellum,28,3,0.1929824561403509,0.3055555555555555,0.39285714285714285
20260306_203733_p3_rmn_drop01,p3_rmn_drop01,1500,ramannet,cv,cortex,54,3,0.5747474747474748,0.5740740740740741,0.5740740740740741
20260306_203733_p3_rmn_drop01,p3_rmn_drop01,1500,ramannet,cv,striatum,36,3,0.5163139329805997,0.5,0.5
20260306_203733_p3_rmn_drop01,p3_rmn_drop01,1500,ramannet,cv,cerebellum,28,3,0.42857142857142855,0.43333333333333335,0.4642857142857143
20260306_203733_p3_rmn_drop01,p3_rmn_drop01,1500,ramannet,all,cortex,54,3,0.5747474747474748,0.5740740740740741,0.5740740740740741
20260306_203733_p3_rmn_drop01,p3_rmn_drop01,1500,ramannet,all,striatum,36,3,0.5163139329805997,0.5,0.5
20260306_203733_p3_rmn_drop01,p3_rmn_drop01,1500,ramannet,all,cerebellum,28,3,0.42857142857142855,0.43333333333333335,0.4642857142857143
20260306_203734_p3_rmn_drop03,p3_rmn_drop03,1500,ramannet,cv,cortex,54,3,0.6261451726568006,0.6296296296296297,0.6296296296296297
20260306_203734_p3_rmn_drop03,p3_rmn_drop03,1500,ramannet,cv,striatum,36,3,0.4791666666666667,0.47222222222222215,0.4722222222222222
20260306_203734_p3_rmn_drop03,p3_rmn_drop03,1500,ramannet,cv,cerebellum,28,3,0.35185185185185186,0.3333333333333333,0.39285714285714285
20260306_203734_p3_rmn_drop03,p3_rmn_drop03,1500,ramannet,all,cortex,54,3,0.6261451726568006,0.6296296296296297,0.6296296296296297
20260306_203734_p3_rmn_drop03,p3_rmn_drop03,1500,ramannet,all,striatum,36,3,0.4791666666666667,0.47222222222222215,0.4722222222222222
20260306_203734_p3_rmn_drop03,p3_rmn_drop03,1500,ramannet,all,cerebellum,28,3,0.35185185185185186,0.3333333333333333,0.39285714285714285
20260306_203744_p3_rmn_lr0005,p3_rmn_lr0005,1500,ramannet,cv,cortex,54,3,0.665359477124183,0.6666666666666666,0.6666666666666666
20260306_203744_p3_rmn_lr0005,p3_rmn_lr0005,1500,ramannet,cv,striatum,36,3,0.6071172555043521,0.6111111111111112,0.6111111111111112
20260306_203744_p3_rmn_lr0005,p3_rmn_lr0005,1500,ramannet,cv,cerebellum,28,3,0.4192592592592592,0.39999999999999997,0.4642857142857143
20260306_203744_p3_rmn_lr0005,p3_rmn_lr0005,1500,ramannet,all,cortex,54,3,0.665359477124183,0.6666666666666666,0.6666666666666666
20260306_203744_p3_rmn_lr0005,p3_rmn_lr0005,1500,ramannet,all,striatum,36,3,0.6071172555043521,0.6111111111111112,0.6111111111111112
20260306_203744_p3_rmn_lr0005,p3_rmn_lr0005,1500,ramannet,all,cerebellum,28,3,0.4192592592592592,0.39999999999999997,0.4642857142857143
20260306_203746_p3_rmn_lr0015,p3_rmn_lr0015,1500,ramannet,cv,cortex,54,3,0.6885521885521886,0.6851851851851852,0.6851851851851852
20260306_203746_p3_rmn_lr0015,p3_rmn_lr0015,1500,ramannet,cv,striatum,36,3,0.7263630089717047,0.7222222222222223,0.7222222222222222
20260306_203746_p3_rmn_lr0015,p3_rmn_lr0015,1500,ramannet,cv,cerebellum,28,3,0.3102453102453102,0.3055555555555556,0.35714285714285715
20260306_203746_p3_rmn_lr0015,p3_rmn_lr0015,1500,ramannet,all,cortex,54,3,0.6885521885521886,0.6851851851851852,0.6851851851851852
20260306_203746_p3_rmn_lr0015,p3_rmn_lr0015,1500,ramannet,all,striatum,36,3,0.7263630089717047,0.7222222222222223,0.7222222222222222
20260306_203746_p3_rmn_lr0015,p3_rmn_lr0015,1500,ramannet,all,cerebellum,28,3,0.3102453102453102,0.3055555555555556,0.35714285714285715
20260306_203754_p3_rmn_seg48,p3_rmn_seg48,1500,ramannet,cv,cortex,54,3,0.7409997409997411,0.7407407407407408,0.7407407407407407
20260306_203754_p3_rmn_seg48,p3_rmn_seg48,1500,ramannet,cv,striatum,36,3,0.6666666666666666,0.6666666666666666,0.6666666666666666
20260306_203754_p3_rmn_seg48,p3_rmn_seg48,1500,ramannet,cv,cerebellum,28,3,0.15151515151515152,0.1388888888888889,0.17857142857142858
20260306_203754_p3_rmn_seg48,p3_rmn_seg48,1500,ramannet,all,cortex,54,3,0.7409997409997411,0.7407407407407408,0.7407407407407407
20260306_203754_p3_rmn_seg48,p3_rmn_seg48,1500,ramannet,all,striatum,36,3,0.6666666666666666,0.6666666666666666,0.6666666666666666
20260306_203754_p3_rmn_seg48,p3_rmn_seg48,1500,ramannet,all,cerebellum,28,3,0.15151515151515152,0.1388888888888889,0.17857142857142858
20260306_203759_p3_rmn_seg80,p3_rmn_seg80,1500,ramannet,cv,cortex,54,3,0.6665642601126472,0.6666666666666666,0.6666666666666666
20260306_203759_p3_rmn_seg80,p3_rmn_seg80,1500,ramannet,cv,striatum,36,3,0.8098721202169479,0.8055555555555555,0.8055555555555556
20260306_203759_p3_rmn_seg80,p3_rmn_seg80,1500,ramannet,cv,cerebellum,28,3,0.16666666666666666,0.18333333333333335,0.21428571428571427
20260306_203759_p3_rmn_seg80,p3_rmn_seg80,1500,ramannet,all,cortex,54,3,0.6665642601126472,0.6666666666666666,0.6666666666666666
20260306_203759_p3_rmn_seg80,p3_rmn_seg80,1500,ramannet,all,striatum,36,3,0.8098721202169479,0.8055555555555555,0.8055555555555556
20260306_203759_p3_rmn_seg80,p3_rmn_seg80,1500,ramannet,all,cerebellum,28,3,0.16666666666666666,0.18333333333333335,0.21428571428571427
20260306_203805_p3_rmn_wd1e3,p3_rmn_wd1e3,1500,ramannet,cv,cortex,54,3,0.72003432003432,0.7222222222222222,0.7222222222222222
20260306_203805_p3_rmn_wd1e3,p3_rmn_wd1e3,1500,ramannet,cv,striatum,36,3,0.6093719806763286,0.6111111111111112,0.6111111111111112
20260306_203805_p3_rmn_wd1e3,p3_rmn_wd1e3,1500,ramannet,cv,cerebellum,28,3,0.26666666666666666,0.29444444444444445,0.32142857142857145
20260306_203805_p3_rmn_wd1e3,p3_rmn_wd1e3,1500,ramannet,all,cortex,54,3,0.72003432003432,0.7222222222222222,0.7222222222222222
20260306_203805_p3_rmn_wd1e3,p3_rmn_wd1e3,1500,ramannet,all,striatum,36,3,0.6093719806763286,0.6111111111111112,0.6111111111111112
20260306_203805_p3_rmn_wd1e3,p3_rmn_wd1e3,1500,ramannet,all,cerebellum,28,3,0.26666666666666666,0.29444444444444445,0.32142857142857145
20260306_203810_p3_rmn_wd1e4,p3_rmn_wd1e4,1500,ramannet,cv,cortex,54,3,0.72003432003432,0.7222222222222222,0.7222222222222222
20260306_203810_p3_rmn_wd1e4,p3_rmn_wd1e4,1500,ramannet,cv,striatum,36,3,0.6093719806763286,0.6111111111111112,0.6111111111111112
20260306_203810_p3_rmn_wd1e4,p3_rmn_wd1e4,1500,ramannet,cv,cerebellum,28,3,0.26666666666666666,0.29444444444444445,0.32142857142857145
20260306_203810_p3_rmn_wd1e4,p3_rmn_wd1e4,1500,ramannet,all,cortex,54,3,0.72003432003432,0.7222222222222222,0.7222222222222222
20260306_203810_p3_rmn_wd1e4,p3_rmn_wd1e4,1500,ramannet,all,striatum,36,3,0.6093719806763286,0.6111111111111112,0.6111111111111112
20260306_203810_p3_rmn_wd1e4,p3_rmn_wd1e4,1500,ramannet,all,cerebellum,28,3,0.26666666666666666,0.29444444444444445,0.32142857142857145
20260306_203916_p4_tr_drop02,p4_tr_drop02,2900,spectral_transformer,cv,cortex,54,3,0.2857142857142857,0.3333333333333333,0.3333333333333333
20260306_203916_p4_tr_drop02,p4_tr_drop02,2900,spectral_transformer,cv,striatum,36,3,0.4666666666666666,0.5,0.5
20260306_203916_p4_tr_drop02,p4_tr_drop02,2900,spectral_transformer,cv,cerebellum,28,3,0.6,0.6666666666666666,0.7857142857142857
20260306_203916_p4_tr_drop02,p4_tr_drop02,2900,spectral_transformer,all,cortex,54,3,0.2857142857142857,0.3333333333333333,0.3333333333333333
20260306_203916_p4_tr_drop02,p4_tr_drop02,2900,spectral_transformer,all,striatum,36,3,0.4666666666666666,0.5,0.5
20260306_203916_p4_tr_drop02,p4_tr_drop02,2900,spectral_transformer,all,cerebellum,28,3,0.6,0.6666666666666666,0.7857142857142857
20260306_203918_p4_tr_drop03,p4_tr_drop03,2900,spectral_transformer,cv,cortex,54,3,0.5476190476190476,0.5555555555555555,0.5555555555555556
20260306_203918_p4_tr_drop03,p4_tr_drop03,2900,spectral_transformer,cv,striatum,36,3,0.8222222222222223,0.8333333333333334,0.8333333333333334
20260306_203918_p4_tr_drop03,p4_tr_drop03,2900,spectral_transformer,cv,cerebellum,28,3,0.0,0.0,0.0
20260306_203918_p4_tr_drop03,p4_tr_drop03,2900,spectral_transformer,all,cortex,54,3,0.5476190476190476,0.5555555555555555,0.5555555555555556
20260306_203918_p4_tr_drop03,p4_tr_drop03,2900,spectral_transformer,all,striatum,36,3,0.8222222222222223,0.8333333333333334,0.8333333333333334
20260306_203918_p4_tr_drop03,p4_tr_drop03,2900,spectral_transformer,all,cerebellum,28,3,0.0,0.0,0.0
20260306_203943_p4_tr_layers2,p4_tr_layers2,2900,spectral_transformer,cv,cortex,54,3,0.4329004329004329,0.4444444444444444,0.4444444444444444
20260306_203943_p4_tr_layers2,p4_tr_layers2,2900,spectral_transformer,cv,striatum,36,3,0.6666666666666666,0.6666666666666666,0.6666666666666666
20260306_203943_p4_tr_layers2,p4_tr_layers2,2900,spectral_transformer,cv,cerebellum,28,3,0.13333333333333333,0.2333333333333333,0.25
20260306_203943_p4_tr_layers2,p4_tr_layers2,2900,spectral_transformer,all,cortex,54,3,0.4329004329004329,0.4444444444444444,0.4444444444444444
20260306_203943_p4_tr_layers2,p4_tr_layers2,2900,spectral_transformer,all,striatum,36,3,0.6666666666666666,0.6666666666666666,0.6666666666666666
20260306_203943_p4_tr_layers2,p4_tr_layers2,2900,spectral_transformer,all,cerebellum,28,3,0.13333333333333333,0.2333333333333333,0.25
20260306_203957_p4_tr_layers4,p4_tr_layers4,2900,spectral_transformer,cv,cortex,54,3,0.546031746031746,0.5555555555555555,0.5555555555555556
20260306_203957_p4_tr_layers4,p4_tr_layers4,2900,spectral_transformer,cv,striatum,36,3,0.8222222222222223,0.8333333333333334,0.8333333333333334
20260306_203957_p4_tr_layers4,p4_tr_layers4,2900,spectral_transformer,cv,cerebellum,28,3,0.0,0.0,0.0
20260306_203957_p4_tr_layers4,p4_tr_layers4,2900,spectral_transformer,all,cortex,54,3,0.546031746031746,0.5555555555555555,0.5555555555555556
20260306_203957_p4_tr_layers4,p4_tr_layers4,2900,spectral_transformer,all,striatum,36,3,0.8222222222222223,0.8333333333333334,0.8333333333333334
20260306_203957_p4_tr_layers4,p4_tr_layers4,2900,spectral_transformer,all,cerebellum,28,3,0.0,0.0,0.0
20260306_204012_p4_tr_lr0005,p4_tr_lr0005,2900,spectral_transformer,cv,cortex,54,3,0.35714285714285715,0.4444444444444444,0.4444444444444444
20260306_204012_p4_tr_lr0005,p4_tr_lr0005,2900,spectral_transformer,cv,striatum,36,3,0.5555555555555555,0.6666666666666666,0.6666666666666666
20260306_204012_p4_tr_lr0005,p4_tr_lr0005,2900,spectral_transformer,cv,cerebellum,28,3,0.17543859649122806,0.3333333333333333,0.35714285714285715
20260306_204012_p4_tr_lr0005,p4_tr_lr0005,2900,spectral_transformer,all,cortex,54,3,0.35714285714285715,0.4444444444444444,0.4444444444444444
20260306_204012_p4_tr_lr0005,p4_tr_lr0005,2900,spectral_transformer,all,striatum,36,3,0.5555555555555555,0.6666666666666666,0.6666666666666666
20260306_204012_p4_tr_lr0005,p4_tr_lr0005,2900,spectral_transformer,all,cerebellum,28,3,0.17543859649122806,0.3333333333333333,0.35714285714285715
20260306_204030_p4_tr_lr0010,p4_tr_lr0010,2900,spectral_transformer,cv,cortex,54,3,0.5476190476190476,0.5555555555555555,0.5555555555555556
20260306_204030_p4_tr_lr0010,p4_tr_lr0010,2900,spectral_transformer,cv,striatum,36,3,0.8222222222222223,0.8333333333333334,0.8333333333333334
20260306_204030_p4_tr_lr0010,p4_tr_lr0010,2900,spectral_transformer,cv,cerebellum,28,3,0.0,0.0,0.0
20260306_204030_p4_tr_lr0010,p4_tr_lr0010,2900,spectral_transformer,all,cortex,54,3,0.5476190476190476,0.5555555555555555,0.5555555555555556
20260306_204030_p4_tr_lr0010,p4_tr_lr0010,2900,spectral_transformer,all,striatum,36,3,0.8222222222222223,0.8333333333333334,0.8333333333333334
20260306_204030_p4_tr_lr0010,p4_tr_lr0010,2900,spectral_transformer,all,cerebellum,28,3,0.0,0.0,0.0
20260306_204034_p4_tr_patch32,p4_tr_patch32,2900,spectral_transformer,cv,cortex,54,3,0.3,0.3333333333333333,0.3333333333333333
20260306_204034_p4_tr_patch32,p4_tr_patch32,2900,spectral_transformer,cv,striatum,36,3,0.4444444444444444,0.5,0.5
20260306_204034_p4_tr_patch32,p4_tr_patch32,2900,spectral_transformer,cv,cerebellum,28,3,0.19999999999999998,0.3333333333333333,0.42857142857142855
20260306_204034_p4_tr_patch32,p4_tr_patch32,2900,spectral_transformer,all,cortex,54,3,0.3,0.3333333333333333,0.3333333333333333
20260306_204034_p4_tr_patch32,p4_tr_patch32,2900,spectral_transformer,all,striatum,36,3,0.4444444444444444,0.5,0.5
20260306_204034_p4_tr_patch32,p4_tr_patch32,2900,spectral_transformer,all,cerebellum,28,3,0.19999999999999998,0.3333333333333333,0.42857142857142855
20260306_204111_p4_tr_patch8,p4_tr_patch8,2900,spectral_transformer,cv,cortex,54,3,0.43492063492063493,0.4444444444444444,0.4444444444444444
20260306_204111_p4_tr_patch8,p4_tr_patch8,2900,spectral_transformer,cv,striatum,36,3,0.6666666666666666,0.6666666666666666,0.6666666666666666
20260306_204111_p4_tr_patch8,p4_tr_patch8,2900,spectral_transformer,cv,cerebellum,28,3,0.19999999999999998,0.3333333333333333,0.42857142857142855
20260306_204111_p4_tr_patch8,p4_tr_patch8,2900,spectral_transformer,all,cortex,54,3,0.43492063492063493,0.4444444444444444,0.4444444444444444
20260306_204111_p4_tr_patch8,p4_tr_patch8,2900,spectral_transformer,all,striatum,36,3,0.6666666666666666,0.6666666666666666,0.6666666666666666
20260306_204111_p4_tr_patch8,p4_tr_patch8,2900,spectral_transformer,all,cerebellum,28,3,0.19999999999999998,0.3333333333333333,0.42857142857142855
20260306_204308_p3_rmn_lr0015_ss11,p3_rmn_lr0015_ss11,1500,ramannet,cv,cortex,54,3,0.6896946509572048,0.6851851851851852,0.6851851851851852
20260306_204308_p3_rmn_lr0015_ss11,p3_rmn_lr0015_ss11,1500,ramannet,cv,striatum,36,3,0.576390977443609,0.5833333333333334,0.5833333333333334
20260306_204308_p3_rmn_lr0015_ss11,p3_rmn_lr0015_ss11,1500,ramannet,cv,cerebellum,28,3,0.45575757575757575,0.48888888888888893,0.5714285714285714
20260306_204308_p3_rmn_lr0015_ss11,p3_rmn_lr0015_ss11,1500,ramannet,all,cortex,54,3,0.6896946509572048,0.6851851851851852,0.6851851851851852
20260306_204308_p3_rmn_lr0015_ss11,p3_rmn_lr0015_ss11,1500,ramannet,all,striatum,36,3,0.576390977443609,0.5833333333333334,0.5833333333333334
20260306_204308_p3_rmn_lr0015_ss11,p3_rmn_lr0015_ss11,1500,ramannet,all,cerebellum,28,3,0.45575757575757575,0.48888888888888893,0.5714285714285714
20260306_204308_p3_rmn_lr0015_ss22,p3_rmn_lr0015_ss22,1500,ramannet,cv,cortex,54,3,0.5707070707070706,0.5740740740740741,0.5740740740740741
20260306_204308_p3_rmn_lr0015_ss22,p3_rmn_lr0015_ss22,1500,ramannet,cv,striatum,36,3,0.5248484848484848,0.5277777777777778,0.5277777777777778
20260306_204308_p3_rmn_lr0015_ss22,p3_rmn_lr0015_ss22,1500,ramannet,cv,cerebellum,28,3,0.3899711399711399,0.38888888888888884,0.42857142857142855
20260306_204308_p3_rmn_lr0015_ss22,p3_rmn_lr0015_ss22,1500,ramannet,all,cortex,54,3,0.5707070707070706,0.5740740740740741,0.5740740740740741
20260306_204308_p3_rmn_lr0015_ss22,p3_rmn_lr0015_ss22,1500,ramannet,all,striatum,36,3,0.5248484848484848,0.5277777777777778,0.5277777777777778
20260306_204308_p3_rmn_lr0015_ss22,p3_rmn_lr0015_ss22,1500,ramannet,all,cerebellum,28,3,0.3899711399711399,0.38888888888888884,0.42857142857142855
20260306_204323_p3_rmn_lr0015_ss33,p3_rmn_lr0015_ss33,1500,ramannet,cv,cortex,54,3,0.6607248960190136,0.6666666666666666,0.6666666666666666
20260306_204323_p3_rmn_lr0015_ss33,p3_rmn_lr0015_ss33,1500,ramannet,cv,striatum,36,3,0.5049071955250445,0.5,0.5
20260306_204323_p3_rmn_lr0015_ss33,p3_rmn_lr0015_ss33,1500,ramannet,cv,cerebellum,28,3,0.40608514292724823,0.41111111111111115,0.4642857142857143
20260306_204323_p3_rmn_lr0015_ss33,p3_rmn_lr0015_ss33,1500,ramannet,all,cortex,54,3,0.6607248960190136,0.6666666666666666,0.6666666666666666
20260306_204323_p3_rmn_lr0015_ss33,p3_rmn_lr0015_ss33,1500,ramannet,all,striatum,36,3,0.5049071955250445,0.5,0.5
20260306_204323_p3_rmn_lr0015_ss33,p3_rmn_lr0015_ss33,1500,ramannet,all,cerebellum,28,3,0.40608514292724823,0.41111111111111115,0.4642857142857143
20260306_204403_p4_tr_patch8_ss11,p4_tr_patch8_ss11,2900,spectral_transformer,cv,cortex,54,3,0.43492063492063493,0.4444444444444444,0.4444444444444444
20260306_204403_p4_tr_patch8_ss11,p4_tr_patch8_ss11,2900,spectral_transformer,cv,striatum,36,3,0.6555555555555556,0.6666666666666666,0.6666666666666666
20260306_204403_p4_tr_patch8_ss11,p4_tr_patch8_ss11,2900,spectral_transformer,cv,cerebellum,28,3,0.23529411764705885,0.3333333333333333,0.42857142857142855
20260306_204403_p4_tr_patch8_ss11,p4_tr_patch8_ss11,2900,spectral_transformer,all,cortex,54,3,0.43492063492063493,0.4444444444444444,0.4444444444444444
20260306_204403_p4_tr_patch8_ss11,p4_tr_patch8_ss11,2900,spectral_transformer,all,striatum,36,3,0.6555555555555556,0.6666666666666666,0.6666666666666666
20260306_204403_p4_tr_patch8_ss11,p4_tr_patch8_ss11,2900,spectral_transformer,all,cerebellum,28,3,0.23529411764705885,0.3333333333333333,0.42857142857142855
20260306_204411_p4_tr_patch8_ss22,p4_tr_patch8_ss22,2900,spectral_transformer,cv,cortex,54,3,0.43333333333333335,0.4444444444444444,0.4444444444444444
20260306_204411_p4_tr_patch8_ss22,p4_tr_patch8_ss22,2900,spectral_transformer,cv,striatum,36,3,0.6555555555555556,0.6666666666666666,0.6666666666666666
20260306_204411_p4_tr_patch8_ss22,p4_tr_patch8_ss22,2900,spectral_transformer,cv,cerebellum,28,3,0.23529411764705885,0.3333333333333333,0.42857142857142855
20260306_204411_p4_tr_patch8_ss22,p4_tr_patch8_ss22,2900,spectral_transformer,all,cortex,54,3,0.43333333333333335,0.4444444444444444,0.4444444444444444
20260306_204411_p4_tr_patch8_ss22,p4_tr_patch8_ss22,2900,spectral_transformer,all,striatum,36,3,0.6555555555555556,0.6666666666666666,0.6666666666666666
20260306_204411_p4_tr_patch8_ss22,p4_tr_patch8_ss22,2900,spectral_transformer,all,cerebellum,28,3,0.23529411764705885,0.3333333333333333,0.42857142857142855
20260306_204456_p4_tr_patch8_ss33,p4_tr_patch8_ss33,2900,spectral_transformer,cv,cortex,54,3,0.5555555555555555,0.5555555555555555,0.5555555555555556
20260306_204456_p4_tr_patch8_ss33,p4_tr_patch8_ss33,2900,spectral_transformer,cv,striatum,36,3,0.8222222222222223,0.8333333333333334,0.8333333333333334
20260306_204456_p4_tr_patch8_ss33,p4_tr_patch8_ss33,2900,spectral_transformer,cv,cerebellum,28,3,0.0,0.0,0.0
20260306_204456_p4_tr_patch8_ss33,p4_tr_patch8_ss33,2900,spectral_transformer,all,cortex,54,3,0.5555555555555555,0.5555555555555555,0.5555555555555556
20260306_204456_p4_tr_patch8_ss33,p4_tr_patch8_ss33,2900,spectral_transformer,all,striatum,36,3,0.8222222222222223,0.8333333333333334,0.8333333333333334
20260306_204456_p4_tr_patch8_ss33,p4_tr_patch8_ss33,2900,spectral_transformer,all,cerebellum,28,3,0.0,0.0,0.0
20260306_205252_p2lk_1500_ramannet_ss11,p2lk_1500_ramannet_ss11,1500,ramannet,cv,cortex,36,3,0.832010582010582,0.8333333333333334,0.8333333333333334
20260306_205252_p2lk_1500_ramannet_ss11,p2lk_1500_ramannet_ss11,1500,ramannet,cv,striatum,36,3,0.5651127819548872,0.5833333333333334,0.5833333333333334
20260306_205252_p2lk_1500_ramannet_ss11,p2lk_1500_ramannet_ss11,1500,ramannet,cv,cerebellum,28,3,0.4408133623819898,0.4555555555555555,0.4642857142857143
20260306_205252_p2lk_1500_ramannet_ss11,p2lk_1500_ramannet_ss11,1500,ramannet,holdout,cortex,18,3,0.4478021978021978,0.5,0.5
20260306_205252_p2lk_1500_ramannet_ss11,p2lk_1500_ramannet_ss11,1500,ramannet,all,cortex,54,3,0.7098098053925246,0.7222222222222223,0.7222222222222222
20260306_205252_p2lk_1500_ramannet_ss11,p2lk_1500_ramannet_ss11,1500,ramannet,all,striatum,36,3,0.5651127819548872,0.5833333333333334,0.5833333333333334
20260306_205252_p2lk_1500_ramannet_ss11,p2lk_1500_ramannet_ss11,1500,ramannet,all,cerebellum,28,3,0.4408133623819898,0.4555555555555555,0.4642857142857143
20260306_205253_p2lk_1500_ramannet_ss22,p2lk_1500_ramannet_ss22,1500,ramannet,cv,cortex,36,3,0.7716049382716049,0.7777777777777778,0.7777777777777778
20260306_205253_p2lk_1500_ramannet_ss22,p2lk_1500_ramannet_ss22,1500,ramannet,cv,striatum,36,3,0.5439005439005439,0.5555555555555555,0.5555555555555556
20260306_205253_p2lk_1500_ramannet_ss22,p2lk_1500_ramannet_ss22,1500,ramannet,cv,cerebellum,28,3,0.3421052631578947,0.33888888888888885,0.39285714285714285
20260306_205253_p2lk_1500_ramannet_ss22,p2lk_1500_ramannet_ss22,1500,ramannet,holdout,cortex,18,3,0.597979797979798,0.6111111111111112,0.6111111111111112
20260306_205253_p2lk_1500_ramannet_ss22,p2lk_1500_ramannet_ss22,1500,ramannet,all,cortex,54,3,0.7198111573111573,0.7222222222222223,0.7222222222222222
20260306_205253_p2lk_1500_ramannet_ss22,p2lk_1500_ramannet_ss22,1500,ramannet,all,striatum,36,3,0.5439005439005439,0.5555555555555555,0.5555555555555556
20260306_205253_p2lk_1500_ramannet_ss22,p2lk_1500_ramannet_ss22,1500,ramannet,all,cerebellum,28,3,0.3421052631578947,0.33888888888888885,0.39285714285714285
20260306_205307_p2lk_1500_ramannet_ss33,p2lk_1500_ramannet_ss33,1500,ramannet,cv,cortex,36,3,0.7436983262754587,0.75,0.75
20260306_205307_p2lk_1500_ramannet_ss33,p2lk_1500_ramannet_ss33,1500,ramannet,cv,striatum,36,3,0.4497016197783461,0.4444444444444445,0.4444444444444444
20260306_205307_p2lk_1500_ramannet_ss33,p2lk_1500_ramannet_ss33,1500,ramannet,cv,cerebellum,28,3,0.360484544695071,0.3277777777777778,0.35714285714285715
20260306_205307_p2lk_1500_ramannet_ss33,p2lk_1500_ramannet_ss33,1500,ramannet,holdout,cortex,18,3,0.6481481481481483,0.6666666666666666,0.6666666666666666
20260306_205307_p2lk_1500_ramannet_ss33,p2lk_1500_ramannet_ss33,1500,ramannet,all,cortex,54,3,0.7129307007355788,0.7222222222222223,0.7222222222222222
20260306_205307_p2lk_1500_ramannet_ss33,p2lk_1500_ramannet_ss33,1500,ramannet,all,striatum,36,3,0.4497016197783461,0.4444444444444445,0.4444444444444444
20260306_205307_p2lk_1500_ramannet_ss33,p2lk_1500_ramannet_ss33,1500,ramannet,all,cerebellum,28,3,0.360484544695071,0.3277777777777778,0.35714285714285715
20260306_205307_p2lk_1500_ramannet_ss42,p2lk_1500_ramannet_ss42,1500,ramannet,cv,cortex,36,3,0.5708641975308643,0.5833333333333334,0.5833333333333334
20260306_205307_p2lk_1500_ramannet_ss42,p2lk_1500_ramannet_ss42,1500,ramannet,cv,striatum,36,3,0.30408809931951586,0.3333333333333333,0.3333333333333333
20260306_205307_p2lk_1500_ramannet_ss42,p2lk_1500_ramannet_ss42,1500,ramannet,cv,cerebellum,28,3,0.48778998778998783,0.47222222222222215,0.5357142857142857
20260306_205307_p2lk_1500_ramannet_ss42,p2lk_1500_ramannet_ss42,1500,ramannet,holdout,cortex,18,3,0.597979797979798,0.6111111111111112,0.6111111111111112
20260306_205307_p2lk_1500_ramannet_ss42,p2lk_1500_ramannet_ss42,1500,ramannet,all,cortex,54,3,0.5804232804232804,0.5925925925925926,0.5925925925925926
20260306_205307_p2lk_1500_ramannet_ss42,p2lk_1500_ramannet_ss42,1500,ramannet,all,striatum,36,3,0.30408809931951586,0.3333333333333333,0.3333333333333333
20260306_205307_p2lk_1500_ramannet_ss42,p2lk_1500_ramannet_ss42,1500,ramannet,all,cerebellum,28,3,0.48778998778998783,0.47222222222222215,0.5357142857142857
20260306_205400_p2lk_2900_trpatch8_ss11,p2lk_2900_trpatch8_ss11,2900,spectral_transformer,cv,cortex,36,3,0.38888888888888884,0.5,0.5
20260306_205400_p2lk_2900_trpatch8_ss11,p2lk_2900_trpatch8_ss11,2900,spectral_transformer,cv,striatum,36,3,0.44741731698253434,0.5277777777777778,0.5277777777777778
20260306_205400_p2lk_2900_trpatch8_ss11,p2lk_2900_trpatch8_ss11,2900,spectral_transformer,cv,cerebellum,28,3,0.23529411764705885,0.3333333333333333,0.42857142857142855
20260306_205400_p2lk_2900_trpatch8_ss11,p2lk_2900_trpatch8_ss11,2900,spectral_transformer,holdout,cortex,18,3,0.16666666666666666,0.3333333333333333,0.3333333333333333
20260306_205400_p2lk_2900_trpatch8_ss11,p2lk_2900_trpatch8_ss11,2900,spectral_transformer,all,cortex,54,3,0.4349206349206349,0.4444444444444444,0.4444444444444444
20260306_205400_p2lk_2900_trpatch8_ss11,p2lk_2900_trpatch8_ss11,2900,spectral_transformer,all,striatum,36,3,0.44741731698253434,0.5277777777777778,0.5277777777777778
20260306_205400_p2lk_2900_trpatch8_ss11,p2lk_2900_trpatch8_ss11,2900,spectral_transformer,all,cerebellum,28,3,0.23529411764705885,0.3333333333333333,0.42857142857142855
20260306_205401_p2lk_2900_trpatch8_ss22,p2lk_2900_trpatch8_ss22,2900,spectral_transformer,cv,cortex,36,3,0.8222222222222223,0.8333333333333334,0.8333333333333334
20260306_205401_p2lk_2900_trpatch8_ss22,p2lk_2900_trpatch8_ss22,2900,spectral_transformer,cv,striatum,36,3,0.8222222222222223,0.8333333333333334,0.8333333333333334
20260306_205401_p2lk_2900_trpatch8_ss22,p2lk_2900_trpatch8_ss22,2900,spectral_transformer,cv,cerebellum,28,3,0.0,0.0,0.0
20260306_205401_p2lk_2900_trpatch8_ss22,p2lk_2900_trpatch8_ss22,2900,spectral_transformer,holdout,cortex,18,3,0.16666666666666666,0.3333333333333333,0.3333333333333333
20260306_205401_p2lk_2900_trpatch8_ss22,p2lk_2900_trpatch8_ss22,2900,spectral_transformer,all,cortex,54,3,0.6388888888888888,0.6666666666666666,0.6666666666666666
20260306_205401_p2lk_2900_trpatch8_ss22,p2lk_2900_trpatch8_ss22,2900,spectral_transformer,all,striatum,36,3,0.8222222222222223,0.8333333333333334,0.8333333333333334
20260306_205401_p2lk_2900_trpatch8_ss22,p2lk_2900_trpatch8_ss22,2900,spectral_transformer,all,cerebellum,28,3,0.0,0.0,0.0
20260306_205454_p2lk_2900_trpatch8_ss33,p2lk_2900_trpatch8_ss33,2900,spectral_transformer,cv,cortex,36,3,0.5555555555555555,0.6666666666666666,0.6666666666666666
20260306_205454_p2lk_2900_trpatch8_ss33,p2lk_2900_trpatch8_ss33,2900,spectral_transformer,cv,striatum,36,3,0.5555555555555555,0.6666666666666666,0.6666666666666666
20260306_205454_p2lk_2900_trpatch8_ss33,p2lk_2900_trpatch8_ss33,2900,spectral_transformer,cv,cerebellum,28,3,0.11764705882352942,0.3333333333333333,0.21428571428571427
20260306_205454_p2lk_2900_trpatch8_ss33,p2lk_2900_trpatch8_ss33,2900,spectral_transformer,holdout,cortex,18,3,0.16666666666666666,0.3333333333333333,0.3333333333333333
20260306_205454_p2lk_2900_trpatch8_ss33,p2lk_2900_trpatch8_ss33,2900,spectral_transformer,all,cortex,54,3,0.5682539682539682,0.5555555555555555,0.5555555555555556
20260306_205454_p2lk_2900_trpatch8_ss33,p2lk_2900_trpatch8_ss33,2900,spectral_transformer,all,striatum,36,3,0.5555555555555555,0.6666666666666666,0.6666666666666666
20260306_205454_p2lk_2900_trpatch8_ss33,p2lk_2900_trpatch8_ss33,2900,spectral_transformer,all,cerebellum,28,3,0.11764705882352942,0.3333333333333333,0.21428571428571427
20260306_205512_p2lk_2900_trpatch8_ss42,p2lk_2900_trpatch8_ss42,2900,spectral_transformer,cv,cortex,36,3,0.6666666666666666,0.6666666666666666,0.6666666666666666
20260306_205512_p2lk_2900_trpatch8_ss42,p2lk_2900_trpatch8_ss42,2900,spectral_transformer,cv,striatum,36,3,0.6666666666666666,0.6666666666666666,0.6666666666666666
20260306_205512_p2lk_2900_trpatch8_ss42,p2lk_2900_trpatch8_ss42,2900,spectral_transformer,cv,cerebellum,28,3,0.20833333333333334,0.3333333333333333,0.35714285714285715
20260306_205512_p2lk_2900_trpatch8_ss42,p2lk_2900_trpatch8_ss42,2900,spectral_transformer,holdout,cortex,18,3,0.16666666666666666,0.3333333333333333,0.3333333333333333
20260306_205512_p2lk_2900_trpatch8_ss42,p2lk_2900_trpatch8_ss42,2900,spectral_transformer,all,cortex,54,3,0.5333333333333333,0.5555555555555555,0.5555555555555556
20260306_205512_p2lk_2900_trpatch8_ss42,p2lk_2900_trpatch8_ss42,2900,spectral_transformer,all,striatum,36,3,0.6666666666666666,0.6666666666666666,0.6666666666666666
20260306_205512_p2lk_2900_trpatch8_ss42,p2lk_2900_trpatch8_ss42,2900,spectral_transformer,all,cerebellum,28,3,0.20833333333333334,0.3333333333333333,0.35714285714285715
20260306_212407_regionchk_1500_cerebellum,regionchk_1500_cerebellum,1500,catboost,cv,cerebellum,28,3,0.0,0.0,0.0
20260306_212407_regionchk_1500_cerebellum,regionchk_1500_cerebellum,1500,catboost,all,cerebellum,28,3,0.0,0.0,0.0
20260306_212432_regionchk_1500_cortex,regionchk_1500_cortex,1500,catboost,cv,cortex,54,3,0.5052892777850333,0.5,0.5
20260306_212432_regionchk_1500_cortex,regionchk_1500_cortex,1500,catboost,all,cortex,54,3,0.5052892777850333,0.5,0.5
20260306_212447_regionchk_1500_all,regionchk_1500_all,1500,catboost,cv,cortex,54,3,0.5388817388817388,0.5370370370370371,0.5370370370370371
20260306_212447_regionchk_1500_all,regionchk_1500_all,1500,catboost,cv,striatum,36,3,0.4705997169765285,0.47222222222222215,0.4722222222222222
20260306_212447_regionchk_1500_all,regionchk_1500_all,1500,catboost,cv,cerebellum,28,3,0.2056590752242926,0.2222222222222222,0.25
20260306_212447_regionchk_1500_all,regionchk_1500_all,1500,catboost,all,cortex,54,3,0.5388817388817388,0.5370370370370371,0.5370370370370371
20260306_212447_regionchk_1500_all,regionchk_1500_all,1500,catboost,all,striatum,36,3,0.4705997169765285,0.47222222222222215,0.4722222222222222
20260306_212447_regionchk_1500_all,regionchk_1500_all,1500,catboost,all,cerebellum,28,3,0.2056590752242926,0.2222222222222222,0.25
20260306_212449_regionchk_1500_striatum,regionchk_1500_striatum,1500,catboost,cv,striatum,36,3,0.3464458247066943,0.3333333333333333,0.3333333333333333
20260306_212449_regionchk_1500_striatum,regionchk_1500_striatum,1500,catboost,all,striatum,36,3,0.3464458247066943,0.3333333333333333,0.3333333333333333
20260306_213305_v1_smoke_center1500_fast,v1_smoke_center1500_fast,1500,catboost,cv,cortex,54,3,0.47904940587867423,0.48148148148148145,0.48148148148148145
20260306_213305_v1_smoke_center1500_fast,v1_smoke_center1500_fast,1500,catboost,cv,striatum,36,3,0.48148148148148145,0.5,0.5
20260306_213305_v1_smoke_center1500_fast,v1_smoke_center1500_fast,1500,catboost,cv,cerebellum,28,3,0.1111111111111111,0.1111111111111111,0.14285714285714285
20260306_213305_v1_smoke_center1500_fast,v1_smoke_center1500_fast,1500,catboost,all,cortex,54,3,0.47904940587867423,0.48148148148148145,0.48148148148148145
20260306_213305_v1_smoke_center1500_fast,v1_smoke_center1500_fast,1500,catboost,all,striatum,36,3,0.48148148148148145,0.5,0.5
20260306_213305_v1_smoke_center1500_fast,v1_smoke_center1500_fast,1500,catboost,all,cerebellum,28,3,0.1111111111111111,0.1111111111111111,0.14285714285714285
